999
FreeCAD v1.1 20260725 (Git shallow)
  0
SECTION
  2
HEADER
  9
$ACADVER
  1
AC1014
  9
$ACADMAINTVER
 70
     9
  9
$DWGCODEPAGE
  3
ANSI_1252
  9
$TEXTSTYLE
  7
STANDARD
  9
$DIMSTYLE
  2
STANDARD
  9
$DIMTXSTY
  7
STANDARD
  9
$CMLSTYLE
  2
STANDARD
  9
$LUNITS
 70
2
  9
$INSUNITS
 70
4
  9
$PEXTMAX
 10
50
 20
50
 30
50
  9
$PEXTMIN
 10
0
 20
0
 30
0
  9
$HANDSEED
  5
FFFF
  0
ENDSEC
  0
SECTION
  2
CLASSES
  0
CLASS
  1
ACDBDICTIONARYWDFLT
  2
AcDbDictionaryWithDefault
  3
ObjectDBX Classes
 90
        0
280
     0
281
     0
  0
CLASS
  1
XRECORD
  2
AcDbXrecord
  3
ObjectDBX Classes
 90
        0
280
     0
281
     0
  0
CLASS
  1
LWPOLYLINE
  2
AcDbPolyline
  3
ObjectDBX Classes
 90
        0
280
     0
281
     1
  0
ENDSEC
  0
SECTION
  2
TABLES
  0
TABLE
  2
VPORT
  5
20
330
0
100
AcDbSymbolTable
 70
     1
  0
VPORT
  5
21
330
20
100
AcDbSymbolTableRecord
100
AcDbViewportTableRecord
  2
*ACTIVE
 70
     0
  0
ENDTAB
  0
TABLE
  2
LTYPE
  5
22
330
0
100
AcDbSymbolTable
 70
     1
  0
LTYPE
  5
23
330
21
100
AcDbSymbolTableRecord
100
AcDbLinetypeTableRecord
  2
BYBLOCK
 70
     0
  3

 72
    65
 73
     0
 40
0.0
  0
LTYPE
  5
24
330
21
100
AcDbSymbolTableRecord
100
AcDbLinetypeTableRecord
  2
BYLAYER
 70
     0
  3

 72
    65
 73
     0
 40
0.0
  0
LTYPE
  5
25
330
21
100
AcDbSymbolTableRecord
100
AcDbLinetypeTableRecord
  2
CONTINUOUS
 70
     0
  3
Solid line
 72
    65
 73
     0
 40
0.0
  0
ENDTAB
  0
TABLE
  2
LAYER
  5
B4C
330
0
100
AcDbSymbolTable
 70
4
  0
LAYER
  5
B4D
330
B4C
100
AcDbSymbolTableRecord
100
AcDbLayerTableRecord
  2
0
 70
   0
 62
   7
  6
CONTINUOUS
  0
LAYER
  5
B4E
330
B4C
100
AcDbSymbolTableRecord
100
AcDbLayerTableRecord
  2
none
 70
    0
 62
    7
  6
CONTINUOUS
  0
LAYER
  5
B4F
330
B4C
100
AcDbSymbolTableRecord
100
AcDbLayerTableRecord
  2
CutProfile
 70
    0
 62
    7
  6
CONTINUOUS
  0
LAYER
  5
FFFFF0
330
B4C
100
AcDbSymbolTableRecord
100
AcDbLayerTableRecord
  2
ENGRAVE_RED
 70
0
 62
1
  6
CONTINUOUS
  0
ENDTAB
  0
TABLE
  2
STYLE
  5
70
330
0
100
AcDbSymbolTable
 70
     2
  0
STYLE
  5
71
330
70
100
AcDbSymbolTableRecord
100
AcDbTextStyleTableRecord
  2
STANDARD
 70
     0
 40
0.0
 41
1.0
 50
0.0
 71
     0
 42
2.5
  3
arial.ttf
  4

  0
STYLE
  5
72
330
70
100
AcDbSymbolTableRecord
100
AcDbTextStyleTableRecord
  2
ANNOTATIVE
 70
     0
 40
0.0
 41
1.0
 50
0.0
 71
     0
 42
2.5
  3
arial.ttf
  4

  0
ENDTAB
  0
TABLE
  2
VIEW
  5
73
330
0
100
AcDbSymbolTable
 70
     0
  0
ENDTAB
  0
TABLE
  2
UCS
  5
74
330
0
100
AcDbSymbolTable
 70
     0
  0
ENDTAB
  0
TABLE
  2
APPID
  5
75
330
0
100
AcDbSymbolTable
 70
     2
  0
APPID
  5
76
330
75
100
AcDbSymbolTableRecord
100
AcDbRegAppTableRecord
  2
ACAD
 70
     0
  0
APPID
  5
77
330
75
100
AcDbSymbolTableRecord
100
AcDbRegAppTableRecord
  2
ACADANNOTATIVE
 70
     0
  0
ENDTAB
  0
TABLE
  2
DIMSTYLE
  5
78
330
0
100
AcDbSymbolTable
 70
     2
  0
DIMSTYLE
105
79
330
78
100
AcDbSymbolTableRecord
100
AcDbDimStyleTableRecord
  2
STANDARD
 70
     0
  3

  4

  5

  6

  7

 40
0.0
 41
2.5
 42
0.625
 43
3.75
 44
1.25
 45
0.0
 46
0.0
 47
0.0
 48
0.0
140
2.5
141
2.5
142
0.0
143
0.03937007874016
144
1.0
145
0.0
146
1.0
147
0.625
 71
     0
 72
     0
 73
     0
 74
     0
 75
     0
 76
     0
 77
     1
 78
     8
170
     0
171
     3
172
     1
173
     0
174
     0
175
     0
176
     0
177
     0
178
     0
270
     2
271
     2
272
     2
273
     2
274
     3
340
71
275
     0
280
     0
281
     0
282
     0
283
     0
284
     8
285
     0
286
     0
287
     3
288
     0
  0
ENDTAB
  0
TABLE
  2
BLOCK_RECORD
  5
A01
330
0
100
AcDbSymbolTable
  70
5
  0
BLOCK_RECORD
  5
A02
330
A01
100
AcDbSymbolTableRecord
100
AcDbBlockTableRecord
  2
*MODEL_SPACE
  0
BLOCK_RECORD
  5
A03
330
A01
100
AcDbSymbolTableRecord
100
AcDbBlockTableRecord
  2
*PAPER_SPACE
  0
ENDTAB
  0
ENDSEC
  0
SECTION
  2
BLOCKS
  0
BLOCK
  5
A04
330
A02
100
AcDbEntity
  8
0
100
AcDbBlockBegin
  2
*MODEL_SPACE
 70
   0
 10
0
 20
0
 30
0
  3
*MODEL_SPACE
  1
 
  0
ENDBLK
  5
A05
330
A02
100
AcDbEntity
  8
0
100
AcDbBlockEnd
  0
BLOCK
  5
A06
330
A03
100
AcDbEntity
 67
1
  8
0
100
AcDbBlockBegin
  2
*PAPER_SPACE
 70
   0
 10
0
 20
0
 30
0
  3
*PAPER_SPACE
  1
 
  0
ENDBLK
  5
A07
330
A03
100
AcDbEntity
 67
    1
  8
0
100
AcDbBlockEnd
  0
ENDSEC
  0
SECTION
  2
ENTITIES
  0
LINE
  5
A08
330
A02
100
AcDbEntity
  8
CutProfile
100
AcDbLine
 10
0.498589062
 20
2.979166667
 30
0.000000000
 11
0.000000000
 21
0.000000000
 31
0.000000000
  0
LINE
  5
A09
330
A02
100
AcDbEntity
  8
CutProfile
100
AcDbLine
 10
1.918450583
 20
5.958333333
 30
0.000000000
 11
0.498589062
 21
2.979166667
 31
0.000000000
  0
LINE
  5
A0A
330
A02
100
AcDbEntity
  8
CutProfile
100
AcDbLine
 10
4.043423518
 20
8.937500000
 30
0.000000000
 11
1.918450583
 21
5.958333333
 31
0.000000000
  0
LINE
  5
A0B
330
A02
100
AcDbEntity
  8
CutProfile
100
AcDbLine
 10
6.550000000
 20
11.916666667
 30
0.000000000
 11
4.043423518
 21
8.937500000
 31
0.000000000
  0
LINE
  5
A0C
330
A02
100
AcDbEntity
  8
CutProfile
100
AcDbLine
 10
9.056576482
 20
14.895833333
 30
0.000000000
 11
6.550000000
 21
11.916666667
 31
0.000000000
  0
LINE
  5
A0D
330
A02
100
AcDbEntity
  8
CutProfile
100
AcDbLine
 10
11.181549417
 20
17.875000000
 30
0.000000000
 11
9.056576482
 21
14.895833333
 31
0.000000000
  0
LINE
  5
A0E
330
A02
100
AcDbEntity
  8
CutProfile
100
AcDbLine
 10
12.601410938
 20
20.854166667
 30
0.000000000
 11
11.181549417
 21
17.875000000
 31
0.000000000
  0
LINE
  5
A0F
330
A02
100
AcDbEntity
  8
CutProfile
100
AcDbLine
 10
13.100000000
 20
23.833333333
 30
0.000000000
 11
12.601410938
 21
20.854166667
 31
0.000000000
  0
LINE
  5
A10
330
A02
100
AcDbEntity
  8
CutProfile
100
AcDbLine
 10
12.601410938
 20
26.812500000
 30
0.000000000
 11
13.100000000
 21
23.833333333
 31
0.000000000
  0
LINE
  5
A11
330
A02
100
AcDbEntity
  8
CutProfile
100
AcDbLine
 10
11.181549417
 20
29.791666667
 30
0.000000000
 11
12.601410938
 21
26.812500000
 31
0.000000000
  0
LINE
  5
A12
330
A02
100
AcDbEntity
  8
CutProfile
100
AcDbLine
 10
9.056576482
 20
32.770833333
 30
0.000000000
 11
11.181549417
 21
29.791666667
 31
0.000000000
  0
LINE
  5
A13
330
A02
100
AcDbEntity
  8
CutProfile
100
AcDbLine
 10
6.550000000
 20
35.750000000
 30
0.000000000
 11
9.056576482
 21
32.770833333
 31
0.000000000
  0
LINE
  5
A14
330
A02
100
AcDbEntity
  8
CutProfile
100
AcDbLine
 10
4.043423518
 20
38.729166667
 30
0.000000000
 11
6.550000000
 21
35.750000000
 31
0.000000000
  0
LINE
  5
A15
330
A02
100
AcDbEntity
  8
CutProfile
100
AcDbLine
 10
1.918450583
 20
41.708333333
 30
0.000000000
 11
4.043423518
 21
38.729166667
 31
0.000000000
  0
LINE
  5
A16
330
A02
100
AcDbEntity
  8
CutProfile
100
AcDbLine
 10
0.498589062
 20
44.687500000
 30
0.000000000
 11
1.918450583
 21
41.708333333
 31
0.000000000
  0
LINE
  5
A17
330
A02
100
AcDbEntity
  8
CutProfile
100
AcDbLine
 10
0.000000000
 20
47.666666667
 30
0.000000000
 11
0.498589062
 21
44.687500000
 31
0.000000000
  0
LINE
  5
A18
330
A02
100
AcDbEntity
  8
CutProfile
100
AcDbLine
 10
0.205539111
 20
50.645833333
 30
0.000000000
 11
0.000000000
 21
47.666666667
 31
0.000000000
  0
LINE
  5
A19
330
A02
100
AcDbEntity
  8
CutProfile
100
AcDbLine
 10
0.318539932
 20
53.625000000
 30
0.000000000
 11
0.205539111
 21
50.645833333
 31
0.000000000
  0
LINE
  5
A1A
330
A02
100
AcDbEntity
  8
CutProfile
100
AcDbLine
 10
0.120876127
 20
56.604166667
 30
0.000000000
 11
0.318539932
 21
53.625000000
 31
0.000000000
  0
LINE
  5
A1B
330
A02
100
AcDbEntity
  8
CutProfile
100
AcDbLine
 10
0.000000000
 20
59.583333333
 30
0.000000000
 11
0.120876127
 21
56.604166667
 31
0.000000000
  0
LINE
  5
A1C
330
A02
100
AcDbEntity
  8
CutProfile
100
AcDbLine
 10
0.000000000
 20
62.562500000
 30
0.000000000
 11
0.000000000
 21
59.583333333
 31
0.000000000
  0
LINE
  5
A1D
330
A02
100
AcDbEntity
  8
CutProfile
100
AcDbLine
 10
0.000000000
 20
65.541666667
 30
0.000000000
 11
0.000000000
 21
62.562500000
 31
0.000000000
  0
LINE
  5
A1E
330
A02
100
AcDbEntity
  8
CutProfile
100
AcDbLine
 10
0.000000000
 20
68.520833333
 30
0.000000000
 11
0.000000000
 21
65.541666667
 31
0.000000000
  0
LINE
  5
A1F
330
A02
100
AcDbEntity
  8
CutProfile
100
AcDbLine
 10
0.000000000
 20
71.500000000
 30
0.000000000
 11
0.000000000
 21
68.520833333
 31
0.000000000
  0
LINE
  5
A20
330
A02
100
AcDbEntity
  8
CutProfile
100
AcDbLine
 10
0.000000000
 20
74.479166667
 30
0.000000000
 11
0.000000000
 21
71.500000000
 31
0.000000000
  0
LINE
  5
A21
330
A02
100
AcDbEntity
  8
CutProfile
100
AcDbLine
 10
0.000000000
 20
77.458333333
 30
0.000000000
 11
0.000000000
 21
74.479166667
 31
0.000000000
  0
LINE
  5
A22
330
A02
100
AcDbEntity
  8
CutProfile
100
AcDbLine
 10
0.000000000
 20
80.437500000
 30
0.000000000
 11
0.000000000
 21
77.458333333
 31
0.000000000
  0
LINE
  5
A23
330
A02
100
AcDbEntity
  8
CutProfile
100
AcDbLine
 10
0.000000000
 20
83.416666667
 30
0.000000000
 11
0.000000000
 21
80.437500000
 31
0.000000000
  0
LINE
  5
A24
330
A02
100
AcDbEntity
  8
CutProfile
100
AcDbLine
 10
0.120876127
 20
86.395833333
 30
0.000000000
 11
0.000000000
 21
83.416666667
 31
0.000000000
  0
LINE
  5
A25
330
A02
100
AcDbEntity
  8
CutProfile
100
AcDbLine
 10
0.318539932
 20
89.375000000
 30
0.000000000
 11
0.120876127
 21
86.395833333
 31
0.000000000
  0
LINE
  5
A26
330
A02
100
AcDbEntity
  8
CutProfile
100
AcDbLine
 10
0.205539111
 20
92.354166667
 30
0.000000000
 11
0.318539932
 21
89.375000000
 31
0.000000000
  0
LINE
  5
A27
330
A02
100
AcDbEntity
  8
CutProfile
100
AcDbLine
 10
0.000000000
 20
95.333333333
 30
0.000000000
 11
0.205539111
 21
92.354166667
 31
0.000000000
  0
LINE
  5
A28
330
A02
100
AcDbEntity
  8
CutProfile
100
AcDbLine
 10
0.498589062
 20
98.312500000
 30
0.000000000
 11
0.000000000
 21
95.333333333
 31
0.000000000
  0
LINE
  5
A29
330
A02
100
AcDbEntity
  8
CutProfile
100
AcDbLine
 10
1.918450583
 20
101.291666667
 30
0.000000000
 11
0.498589062
 21
98.312500000
 31
0.000000000
  0
LINE
  5
A2A
330
A02
100
AcDbEntity
  8
CutProfile
100
AcDbLine
 10
4.043423518
 20
104.270833333
 30
0.000000000
 11
1.918450583
 21
101.291666667
 31
0.000000000
  0
LINE
  5
A2B
330
A02
100
AcDbEntity
  8
CutProfile
100
AcDbLine
 10
6.550000000
 20
107.250000000
 30
0.000000000
 11
4.043423518
 21
104.270833333
 31
0.000000000
  0
LINE
  5
A2C
330
A02
100
AcDbEntity
  8
CutProfile
100
AcDbLine
 10
9.056576482
 20
110.229166667
 30
0.000000000
 11
6.550000000
 21
107.250000000
 31
0.000000000
  0
LINE
  5
A2D
330
A02
100
AcDbEntity
  8
CutProfile
100
AcDbLine
 10
11.181549417
 20
113.208333333
 30
0.000000000
 11
9.056576482
 21
110.229166667
 31
0.000000000
  0
LINE
  5
A2E
330
A02
100
AcDbEntity
  8
CutProfile
100
AcDbLine
 10
12.601410938
 20
116.187500000
 30
0.000000000
 11
11.181549417
 21
113.208333333
 31
0.000000000
  0
LINE
  5
A2F
330
A02
100
AcDbEntity
  8
CutProfile
100
AcDbLine
 10
13.100000000
 20
119.166666667
 30
0.000000000
 11
12.601410938
 21
116.187500000
 31
0.000000000
  0
LINE
  5
A30
330
A02
100
AcDbEntity
  8
CutProfile
100
AcDbLine
 10
12.601410938
 20
122.145833333
 30
0.000000000
 11
13.100000000
 21
119.166666667
 31
0.000000000
  0
LINE
  5
A31
330
A02
100
AcDbEntity
  8
CutProfile
100
AcDbLine
 10
11.181549417
 20
125.125000000
 30
0.000000000
 11
12.601410938
 21
122.145833333
 31
0.000000000
  0
LINE
  5
A32
330
A02
100
AcDbEntity
  8
CutProfile
100
AcDbLine
 10
9.056576482
 20
128.104166667
 30
0.000000000
 11
11.181549417
 21
125.125000000
 31
0.000000000
  0
LINE
  5
A33
330
A02
100
AcDbEntity
  8
CutProfile
100
AcDbLine
 10
6.550000000
 20
131.083333333
 30
0.000000000
 11
9.056576482
 21
128.104166667
 31
0.000000000
  0
LINE
  5
A34
330
A02
100
AcDbEntity
  8
CutProfile
100
AcDbLine
 10
4.043423518
 20
134.062500000
 30
0.000000000
 11
6.550000000
 21
131.083333333
 31
0.000000000
  0
LINE
  5
A35
330
A02
100
AcDbEntity
  8
CutProfile
100
AcDbLine
 10
1.918450583
 20
137.041666667
 30
0.000000000
 11
4.043423518
 21
134.062500000
 31
0.000000000
  0
LINE
  5
A36
330
A02
100
AcDbEntity
  8
CutProfile
100
AcDbLine
 10
0.498589062
 20
140.020833333
 30
0.000000000
 11
1.918450583
 21
137.041666667
 31
0.000000000
  0
LINE
  5
A37
330
A02
100
AcDbEntity
  8
CutProfile
100
AcDbLine
 10
0.000000000
 20
143.000000000
 30
0.000000000
 11
0.498589062
 21
140.020833333
 31
0.000000000
  0
LINE
  5
A38
330
A02
100
AcDbEntity
  8
CutProfile
100
AcDbLine
 10
9.616666667
 20
141.760120042
 30
0.000000000
 11
0.000000000
 21
143.000000000
 31
0.000000000
  0
LINE
  5
A39
330
A02
100
AcDbEntity
  8
CutProfile
100
AcDbLine
 10
19.233333333
 20
138.552914271
 30
0.000000000
 11
9.616666667
 21
141.760120042
 31
0.000000000
  0
LINE
  5
A3A
330
A02
100
AcDbEntity
  8
CutProfile
100
AcDbLine
 10
28.850000000
 20
134.703899406
 30
0.000000000
 11
19.233333333
 21
138.552914271
 31
0.000000000
  0
LINE
  5
A3B
330
A02
100
AcDbEntity
  8
CutProfile
100
AcDbLine
 10
38.466666667
 20
131.803847577
 30
0.000000000
 11
28.850000000
 21
134.703899406
 31
0.000000000
  0
LINE
  5
A3C
330
A02
100
AcDbEntity
  8
CutProfile
100
AcDbLine
 10
48.083333333
 20
131.051330832
 30
0.000000000
 11
38.466666667
 21
131.803847577
 31
0.000000000
  0
LINE
  5
A3D
330
A02
100
AcDbEntity
  8
CutProfile
100
AcDbLine
 10
57.700000000
 20
132.757359313
 30
0.000000000
 11
48.083333333
 21
131.051330832
 31
0.000000000
  0
LINE
  5
A3E
330
A02
100
AcDbEntity
  8
CutProfile
100
AcDbLine
 10
67.316666667
 20
136.216842847
 30
0.000000000
 11
57.700000000
 21
132.757359313
 31
0.000000000
  0
LINE
  5
A3F
330
A02
100
AcDbEntity
  8
CutProfile
100
AcDbLine
 10
76.933333333
 20
140.000000000
 30
0.000000000
 11
67.316666667
 21
136.216842847
 31
0.000000000
  0
LINE
  5
A40
330
A02
100
AcDbEntity
  8
CutProfile
100
AcDbLine
 10
86.550000000
 20
142.543277195
 30
0.000000000
 11
76.933333333
 21
140.000000000
 31
0.000000000
  0
LINE
  5
A41
330
A02
100
AcDbEntity
  8
CutProfile
100
AcDbLine
 10
96.166666667
 20
142.795554958
 30
0.000000000
 11
86.550000000
 21
142.543277195
 31
0.000000000
  0
LINE
  5
A42
330
A02
100
AcDbEntity
  8
CutProfile
100
AcDbLine
 10
105.783333333
 20
140.652568574
 30
0.000000000
 11
96.166666667
 21
142.795554958
 31
0.000000000
  0
LINE
  5
A43
330
A02
100
AcDbEntity
  8
CutProfile
100
AcDbLine
 10
115.400000000
 20
137.000000000
 30
0.000000000
 11
105.783333333
 21
140.652568574
 31
0.000000000
  0
LINE
  5
A44
330
A02
100
AcDbEntity
  8
CutProfile
100
AcDbLine
 10
125.016666667
 20
133.347431426
 30
0.000000000
 11
115.400000000
 21
137.000000000
 31
0.000000000
  0
LINE
  5
A45
330
A02
100
AcDbEntity
  8
CutProfile
100
AcDbLine
 10
134.633333333
 20
131.204445042
 30
0.000000000
 11
125.016666667
 21
133.347431426
 31
0.000000000
  0
LINE
  5
A46
330
A02
100
AcDbEntity
  8
CutProfile
100
AcDbLine
 10
144.250000000
 20
131.456722805
 30
0.000000000
 11
134.633333333
 21
131.204445042
 31
0.000000000
  0
LINE
  5
A47
330
A02
100
AcDbEntity
  8
CutProfile
100
AcDbLine
 10
153.866666667
 20
134.000000000
 30
0.000000000
 11
144.250000000
 21
131.456722805
 31
0.000000000
  0
LINE
  5
A48
330
A02
100
AcDbEntity
  8
CutProfile
100
AcDbLine
 10
163.483333333
 20
137.783157153
 30
0.000000000
 11
153.866666667
 21
134.000000000
 31
0.000000000
  0
LINE
  5
A49
330
A02
100
AcDbEntity
  8
CutProfile
100
AcDbLine
 10
173.100000000
 20
141.242640687
 30
0.000000000
 11
163.483333333
 21
137.783157153
 31
0.000000000
  0
LINE
  5
A4A
330
A02
100
AcDbEntity
  8
CutProfile
100
AcDbLine
 10
181.928189339
 20
142.808790682
 30
0.000000000
 11
173.100000000
 21
141.242640687
 31
0.000000000
  0
LINE
  5
A4B
330
A02
100
AcDbEntity
  8
CutProfile
100
AcDbLine
 10
181.928189339
 20
142.808790682
 30
0.000000000
 11
182.555805764
 21
142.412500000
 31
0.000000000
  0
LINE
  5
A4C
330
A02
100
AcDbEntity
  8
CutProfile
100
AcDbLine
 10
182.555805764
 20
142.412500000
 30
0.000000000
 11
183.369201124
 21
141.883333333
 31
0.000000000
  0
LINE
  5
A4D
330
A02
100
AcDbEntity
  8
CutProfile
100
AcDbLine
 10
183.369201124
 20
141.883333333
 30
0.000000000
 11
184.150248158
 21
141.354166667
 31
0.000000000
  0
LINE
  5
A4E
330
A02
100
AcDbEntity
  8
CutProfile
100
AcDbLine
 10
184.150248158
 20
141.354166667
 30
0.000000000
 11
184.891704101
 21
140.825000000
 31
0.000000000
  0
LINE
  5
A4F
330
A02
100
AcDbEntity
  8
CutProfile
100
AcDbLine
 10
184.891704101
 20
140.825000000
 30
0.000000000
 11
185.586869052
 21
140.295833333
 31
0.000000000
  0
LINE
  5
A50
330
A02
100
AcDbEntity
  8
CutProfile
100
AcDbLine
 10
185.586869052
 20
140.295833333
 30
0.000000000
 11
186.229674978
 21
139.766666667
 31
0.000000000
  0
LINE
  5
A51
330
A02
100
AcDbEntity
  8
CutProfile
100
AcDbLine
 10
186.229674978
 20
139.766666667
 30
0.000000000
 11
186.814764589
 21
139.237500000
 31
0.000000000
  0
LINE
  5
A52
330
A02
100
AcDbEntity
  8
CutProfile
100
AcDbLine
 10
186.814764589
 20
139.237500000
 30
0.000000000
 11
187.337558848
 21
138.708333333
 31
0.000000000
  0
LINE
  5
A53
330
A02
100
AcDbEntity
  8
CutProfile
100
AcDbLine
 10
187.337558848
 20
138.708333333
 30
0.000000000
 11
187.794312054
 21
138.179166667
 31
0.000000000
  0
LINE
  5
A54
330
A02
100
AcDbEntity
  8
CutProfile
100
AcDbLine
 10
187.794312054
 20
138.179166667
 30
0.000000000
 11
188.182153673
 21
137.650000000
 31
0.000000000
  0
LINE
  5
A55
330
A02
100
AcDbEntity
  8
CutProfile
100
AcDbLine
 10
188.182153673
 20
137.650000000
 30
0.000000000
 11
188.499116276
 21
137.120833333
 31
0.000000000
  0
LINE
  5
A56
330
A02
100
AcDbEntity
  8
CutProfile
100
AcDbLine
 10
188.499116276
 20
137.120833333
 30
0.000000000
 11
188.744149212
 21
136.591666667
 31
0.000000000
  0
LINE
  5
A57
330
A02
100
AcDbEntity
  8
CutProfile
100
AcDbLine
 10
188.744149212
 20
136.591666667
 30
0.000000000
 11
188.917117860
 21
136.062500000
 31
0.000000000
  0
LINE
  5
A58
330
A02
100
AcDbEntity
  8
CutProfile
100
AcDbLine
 10
188.917117860
 20
136.062500000
 30
0.000000000
 11
189.018788555
 21
135.533333333
 31
0.000000000
  0
LINE
  5
A59
330
A02
100
AcDbEntity
  8
CutProfile
100
AcDbLine
 10
189.018788555
 20
135.533333333
 30
0.000000000
 11
189.050799523
 21
135.004166667
 31
0.000000000
  0
LINE
  5
A5A
330
A02
100
AcDbEntity
  8
CutProfile
100
AcDbLine
 10
189.050799523
 20
135.004166667
 30
0.000000000
 11
189.015618384
 21
134.475000000
 31
0.000000000
  0
LINE
  5
A5B
330
A02
100
AcDbEntity
  8
CutProfile
100
AcDbLine
 10
189.015618384
 20
134.475000000
 30
0.000000000
 11
188.916487019
 21
133.945833333
 31
0.000000000
  0
LINE
  5
A5C
330
A02
100
AcDbEntity
  8
CutProfile
100
AcDbLine
 10
188.916487019
 20
133.945833333
 30
0.000000000
 11
188.757354796
 21
133.416666667
 31
0.000000000
  0
LINE
  5
A5D
330
A02
100
AcDbEntity
  8
CutProfile
100
AcDbLine
 10
188.757354796
 20
133.416666667
 30
0.000000000
 11
188.542801347
 21
132.887500000
 31
0.000000000
  0
LINE
  5
A5E
330
A02
100
AcDbEntity
  8
CutProfile
100
AcDbLine
 10
188.542801347
 20
132.887500000
 30
0.000000000
 11
188.277950256
 21
132.358333333
 31
0.000000000
  0
LINE
  5
A5F
330
A02
100
AcDbEntity
  8
CutProfile
100
AcDbLine
 10
188.277950256
 20
132.358333333
 30
0.000000000
 11
187.968375176
 21
131.829166667
 31
0.000000000
  0
LINE
  5
A60
330
A02
100
AcDbEntity
  8
CutProfile
100
AcDbLine
 10
187.968375176
 20
131.829166667
 30
0.000000000
 11
187.620000000
 21
131.300000000
 31
0.000000000
  0
LINE
  5
A61
330
A02
100
AcDbEntity
  8
CutProfile
100
AcDbLine
 10
187.620000000
 20
131.300000000
 30
0.000000000
 11
187.238994814
 21
130.770833333
 31
0.000000000
  0
LINE
  5
A62
330
A02
100
AcDbEntity
  8
CutProfile
100
AcDbLine
 10
187.238994814
 20
130.770833333
 30
0.000000000
 11
186.831669432
 21
130.241666667
 31
0.000000000
  0
LINE
  5
A63
330
A02
100
AcDbEntity
  8
CutProfile
100
AcDbLine
 10
186.831669432
 20
130.241666667
 30
0.000000000
 11
186.404366327
 21
129.712500000
 31
0.000000000
  0
LINE
  5
A64
330
A02
100
AcDbEntity
  8
CutProfile
100
AcDbLine
 10
186.404366327
 20
129.712500000
 30
0.000000000
 11
185.963354796
 21
129.183333333
 31
0.000000000
  0
LINE
  5
A65
330
A02
100
AcDbEntity
  8
CutProfile
100
AcDbLine
 10
185.963354796
 20
129.183333333
 30
0.000000000
 11
185.514728154
 21
128.654166667
 31
0.000000000
  0
LINE
  5
A66
330
A02
100
AcDbEntity
  8
CutProfile
100
AcDbLine
 10
185.514728154
 20
128.654166667
 30
0.000000000
 11
185.064305691
 21
128.125000000
 31
0.000000000
  0
LINE
  5
A67
330
A02
100
AcDbEntity
  8
CutProfile
100
AcDbLine
 10
185.064305691
 20
128.125000000
 30
0.000000000
 11
184.617541058
 21
127.595833333
 31
0.000000000
  0
LINE
  5
A68
330
A02
100
AcDbEntity
  8
CutProfile
100
AcDbLine
 10
184.617541058
 20
127.595833333
 30
0.000000000
 11
184.179438599
 21
127.066666667
 31
0.000000000
  0
LINE
  5
A69
330
A02
100
AcDbEntity
  8
CutProfile
100
AcDbLine
 10
184.179438599
 20
127.066666667
 30
0.000000000
 11
183.754479032
 21
126.537500000
 31
0.000000000
  0
LINE
  5
A6A
330
A02
100
AcDbEntity
  8
CutProfile
100
AcDbLine
 10
183.754479032
 20
126.537500000
 30
0.000000000
 11
183.346555694
 21
126.008333333
 31
0.000000000
  0
LINE
  5
A6B
330
A02
100
AcDbEntity
  8
CutProfile
100
AcDbLine
 10
183.346555694
 20
126.008333333
 30
0.000000000
 11
182.958922390
 21
125.479166667
 31
0.000000000
  0
LINE
  5
A6C
330
A02
100
AcDbEntity
  8
CutProfile
100
AcDbLine
 10
182.958922390
 20
125.479166667
 30
0.000000000
 11
182.594153673
 21
124.950000000
 31
0.000000000
  0
LINE
  5
A6D
330
A02
100
AcDbEntity
  8
CutProfile
100
AcDbLine
 10
182.594153673
 20
124.950000000
 30
0.000000000
 11
182.254118168
 21
124.420833333
 31
0.000000000
  0
LINE
  5
A6E
330
A02
100
AcDbEntity
  8
CutProfile
100
AcDbLine
 10
182.254118168
 20
124.420833333
 30
0.000000000
 11
181.939965330
 21
123.891666667
 31
0.000000000
  0
LINE
  5
A6F
330
A02
100
AcDbEntity
  8
CutProfile
100
AcDbLine
 10
181.939965330
 20
123.891666667
 30
0.000000000
 11
181.652125762
 21
123.362500000
 31
0.000000000
  0
LINE
  5
A70
330
A02
100
AcDbEntity
  8
CutProfile
100
AcDbLine
 10
181.652125762
 20
123.362500000
 30
0.000000000
 11
181.390325022
 21
122.833333333
 31
0.000000000
  0
LINE
  5
A71
330
A02
100
AcDbEntity
  8
CutProfile
100
AcDbLine
 10
181.390325022
 20
122.833333333
 30
0.000000000
 11
181.153610587
 21
122.304166667
 31
0.000000000
  0
LINE
  5
A72
330
A02
100
AcDbEntity
  8
CutProfile
100
AcDbLine
 10
181.153610587
 20
122.304166667
 30
0.000000000
 11
180.940391408
 21
121.775000000
 31
0.000000000
  0
LINE
  5
A73
330
A02
100
AcDbEntity
  8
CutProfile
100
AcDbLine
 10
180.940391408
 20
121.775000000
 30
0.000000000
 11
180.748489293
 21
121.245833333
 31
0.000000000
  0
LINE
  5
A74
330
A02
100
AcDbEntity
  8
CutProfile
100
AcDbLine
 10
180.748489293
 20
121.245833333
 30
0.000000000
 11
180.575201124
 21
120.716666667
 31
0.000000000
  0
LINE
  5
A75
330
A02
100
AcDbEntity
  8
CutProfile
100
AcDbLine
 10
180.575201124
 20
120.716666667
 30
0.000000000
 11
180.417370744
 21
120.187500000
 31
0.000000000
  0
LINE
  5
A76
330
A02
100
AcDbEntity
  8
CutProfile
100
AcDbLine
 10
180.417370744
 20
120.187500000
 30
0.000000000
 11
180.271469173
 21
119.658333333
 31
0.000000000
  0
LINE
  5
A77
330
A02
100
AcDbEntity
  8
CutProfile
100
AcDbLine
 10
180.271469173
 20
119.658333333
 30
0.000000000
 11
180.133681664
 21
119.129166667
 31
0.000000000
  0
LINE
  5
A78
330
A02
100
AcDbEntity
  8
CutProfile
100
AcDbLine
 10
180.133681664
 20
119.129166667
 30
0.000000000
 11
180.000000000
 21
118.600000000
 31
0.000000000
  0
LINE
  5
A79
330
A02
100
AcDbEntity
  8
CutProfile
100
AcDbLine
 10
180.000000000
 20
118.600000000
 30
0.000000000
 11
182.116666667
 21
118.253157207
 31
0.000000000
  0
LINE
  5
A7A
330
A02
100
AcDbEntity
  8
CutProfile
100
AcDbLine
 10
182.116666667
 20
118.253157207
 30
0.000000000
 11
184.233333333
 21
118.048993183
 31
0.000000000
  0
LINE
  5
A7B
330
A02
100
AcDbEntity
  8
CutProfile
100
AcDbLine
 10
184.233333333
 20
118.048993183
 30
0.000000000
 11
186.350000000
 21
117.958169429
 31
0.000000000
  0
LINE
  5
A7C
330
A02
100
AcDbEntity
  8
CutProfile
100
AcDbLine
 10
186.350000000
 20
117.958169429
 30
0.000000000
 11
188.466666667
 21
117.936777778
 31
0.000000000
  0
LINE
  5
A7D
330
A02
100
AcDbEntity
  8
CutProfile
100
AcDbLine
 10
188.466666667
 20
117.936777778
 30
0.000000000
 11
190.583333333
 21
117.933025016
 31
0.000000000
  0
LINE
  5
A7E
330
A02
100
AcDbEntity
  8
CutProfile
100
AcDbLine
 10
190.583333333
 20
117.933025016
 30
0.000000000
 11
192.700000000
 21
117.895117928
 31
0.000000000
  0
LINE
  5
A7F
330
A02
100
AcDbEntity
  8
CutProfile
100
AcDbLine
 10
192.700000000
 20
117.895117928
 30
0.000000000
 11
194.816666667
 21
117.779148349
 31
0.000000000
  0
LINE
  5
A80
330
A02
100
AcDbEntity
  8
CutProfile
100
AcDbLine
 10
194.816666667
 20
117.779148349
 30
0.000000000
 11
196.933333333
 21
117.555777778
 31
0.000000000
  0
LINE
  5
A81
330
A02
100
AcDbEntity
  8
CutProfile
100
AcDbLine
 10
196.933333333
 20
117.555777778
 30
0.000000000
 11
199.050000000
 21
117.214703904
 31
0.000000000
  0
LINE
  5
A82
330
A02
100
AcDbEntity
  8
CutProfile
100
AcDbLine
 10
199.050000000
 20
117.214703904
 30
0.000000000
 11
201.166666667
 21
116.766229040
 31
0.000000000
  0
LINE
  5
A83
330
A02
100
AcDbEntity
  8
CutProfile
100
AcDbLine
 10
201.166666667
 20
116.766229040
 30
0.000000000
 11
203.283333333
 21
116.239691682
 31
0.000000000
  0
LINE
  5
A84
330
A02
100
AcDbEntity
  8
CutProfile
100
AcDbLine
 10
203.283333333
 20
116.239691682
 30
0.000000000
 11
205.400000000
 21
115.679000000
 31
0.000000000
  0
LINE
  5
A85
330
A02
100
AcDbEntity
  8
CutProfile
100
AcDbLine
 10
205.400000000
 20
115.679000000
 30
0.000000000
 11
207.516666667
 21
115.135947206
 31
0.000000000
  0
LINE
  5
A86
330
A02
100
AcDbEntity
  8
CutProfile
100
AcDbLine
 10
207.516666667
 20
115.135947206
 30
0.000000000
 11
209.633333333
 21
114.662326516
 31
0.000000000
  0
LINE
  5
A87
330
A02
100
AcDbEntity
  8
CutProfile
100
AcDbLine
 10
209.633333333
 20
114.662326516
 30
0.000000000
 11
211.750000000
 21
114.302046096
 31
0.000000000
  0
LINE
  5
A88
330
A02
100
AcDbEntity
  8
CutProfile
100
AcDbLine
 10
211.750000000
 20
114.302046096
 30
0.000000000
 11
213.866666667
 21
114.084444444
 31
0.000000000
  0
LINE
  5
A89
330
A02
100
AcDbEntity
  8
CutProfile
100
AcDbLine
 10
213.866666667
 20
114.084444444
 30
0.000000000
 11
215.983333333
 21
114.019823873
 31
0.000000000
  0
LINE
  5
A8A
330
A02
100
AcDbEntity
  8
CutProfile
100
AcDbLine
 10
215.983333333
 20
114.019823873
 30
0.000000000
 11
218.100000000
 21
114.097882072
 31
0.000000000
  0
LINE
  5
A8B
330
A02
100
AcDbEntity
  8
CutProfile
100
AcDbLine
 10
218.100000000
 20
114.097882072
 30
0.000000000
 11
220.216666667
 21
114.289280540
 31
0.000000000
  0
LINE
  5
A8C
330
A02
100
AcDbEntity
  8
CutProfile
100
AcDbLine
 10
220.216666667
 20
114.289280540
 30
0.000000000
 11
222.333333333
 21
114.550111111
 31
0.000000000
  0
LINE
  5
A8D
330
A02
100
AcDbEntity
  8
CutProfile
100
AcDbLine
 10
222.333333333
 20
114.550111111
 30
0.000000000
 11
224.450000000
 21
114.828580571
 31
0.000000000
  0
LINE
  5
A8E
330
A02
100
AcDbEntity
  8
CutProfile
100
AcDbLine
 10
224.450000000
 20
114.828580571
 30
0.000000000
 11
226.566666667
 21
115.072895706
 31
0.000000000
  0
LINE
  5
A8F
330
A02
100
AcDbEntity
  8
CutProfile
100
AcDbLine
 10
226.566666667
 20
115.072895706
 30
0.000000000
 11
228.683333333
 21
115.239148349
 31
0.000000000
  0
LINE
  5
A90
330
A02
100
AcDbEntity
  8
CutProfile
100
AcDbLine
 10
228.683333333
 20
115.239148349
 30
0.000000000
 11
230.800000000
 21
115.298000000
 31
0.000000000
  0
LINE
  5
A91
330
A02
100
AcDbEntity
  8
CutProfile
100
AcDbLine
 10
230.800000000
 20
115.298000000
 30
0.000000000
 11
232.916666667
 21
115.239148349
 31
0.000000000
  0
LINE
  5
A92
330
A02
100
AcDbEntity
  8
CutProfile
100
AcDbLine
 10
232.916666667
 20
115.239148349
 30
0.000000000
 11
235.033333333
 21
115.072895706
 31
0.000000000
  0
LINE
  5
A93
330
A02
100
AcDbEntity
  8
CutProfile
100
AcDbLine
 10
235.033333333
 20
115.072895706
 30
0.000000000
 11
237.150000000
 21
114.828580571
 31
0.000000000
  0
LINE
  5
A94
330
A02
100
AcDbEntity
  8
CutProfile
100
AcDbLine
 10
237.150000000
 20
114.828580571
 30
0.000000000
 11
239.266666667
 21
114.550111111
 31
0.000000000
  0
LINE
  5
A95
330
A02
100
AcDbEntity
  8
CutProfile
100
AcDbLine
 10
239.266666667
 20
114.550111111
 30
0.000000000
 11
241.383333333
 21
114.289280540
 31
0.000000000
  0
LINE
  5
A96
330
A02
100
AcDbEntity
  8
CutProfile
100
AcDbLine
 10
241.383333333
 20
114.289280540
 30
0.000000000
 11
243.500000000
 21
114.097882072
 31
0.000000000
  0
LINE
  5
A97
330
A02
100
AcDbEntity
  8
CutProfile
100
AcDbLine
 10
243.500000000
 20
114.097882072
 30
0.000000000
 11
245.616666667
 21
114.019823873
 31
0.000000000
  0
LINE
  5
A98
330
A02
100
AcDbEntity
  8
CutProfile
100
AcDbLine
 10
245.616666667
 20
114.019823873
 30
0.000000000
 11
247.733333333
 21
114.084444444
 31
0.000000000
  0
LINE
  5
A99
330
A02
100
AcDbEntity
  8
CutProfile
100
AcDbLine
 10
247.733333333
 20
114.084444444
 30
0.000000000
 11
249.850000000
 21
114.302046096
 31
0.000000000
  0
LINE
  5
A9A
330
A02
100
AcDbEntity
  8
CutProfile
100
AcDbLine
 10
249.850000000
 20
114.302046096
 30
0.000000000
 11
251.966666667
 21
114.662326516
 31
0.000000000
  0
LINE
  5
A9B
330
A02
100
AcDbEntity
  8
CutProfile
100
AcDbLine
 10
251.966666667
 20
114.662326516
 30
0.000000000
 11
254.083333333
 21
115.135947206
 31
0.000000000
  0
LINE
  5
A9C
330
A02
100
AcDbEntity
  8
CutProfile
100
AcDbLine
 10
254.083333333
 20
115.135947206
 30
0.000000000
 11
256.200000000
 21
115.679000000
 31
0.000000000
  0
LINE
  5
A9D
330
A02
100
AcDbEntity
  8
CutProfile
100
AcDbLine
 10
256.200000000
 20
115.679000000
 30
0.000000000
 11
258.316666667
 21
116.239691682
 31
0.000000000
  0
LINE
  5
A9E
330
A02
100
AcDbEntity
  8
CutProfile
100
AcDbLine
 10
258.316666667
 20
116.239691682
 30
0.000000000
 11
260.433333333
 21
116.766229040
 31
0.000000000
  0
LINE
  5
A9F
330
A02
100
AcDbEntity
  8
CutProfile
100
AcDbLine
 10
260.433333333
 20
116.766229040
 30
0.000000000
 11
262.550000000
 21
117.214703904
 31
0.000000000
  0
LINE
  5
AA0
330
A02
100
AcDbEntity
  8
CutProfile
100
AcDbLine
 10
262.550000000
 20
117.214703904
 30
0.000000000
 11
264.666666667
 21
117.555777778
 31
0.000000000
  0
LINE
  5
AA1
330
A02
100
AcDbEntity
  8
CutProfile
100
AcDbLine
 10
264.666666667
 20
117.555777778
 30
0.000000000
 11
266.783333333
 21
117.779148349
 31
0.000000000
  0
LINE
  5
AA2
330
A02
100
AcDbEntity
  8
CutProfile
100
AcDbLine
 10
266.783333333
 20
117.779148349
 30
0.000000000
 11
268.900000000
 21
117.895117928
 31
0.000000000
  0
LINE
  5
AA3
330
A02
100
AcDbEntity
  8
CutProfile
100
AcDbLine
 10
268.900000000
 20
117.895117928
 30
0.000000000
 11
271.016666667
 21
117.933025016
 31
0.000000000
  0
LINE
  5
AA4
330
A02
100
AcDbEntity
  8
CutProfile
100
AcDbLine
 10
271.016666667
 20
117.933025016
 30
0.000000000
 11
273.133333333
 21
117.936777778
 31
0.000000000
  0
LINE
  5
AA5
330
A02
100
AcDbEntity
  8
CutProfile
100
AcDbLine
 10
273.133333333
 20
117.936777778
 30
0.000000000
 11
275.250000000
 21
117.958169429
 31
0.000000000
  0
LINE
  5
AA6
330
A02
100
AcDbEntity
  8
CutProfile
100
AcDbLine
 10
275.250000000
 20
117.958169429
 30
0.000000000
 11
277.366666667
 21
118.048993183
 31
0.000000000
  0
LINE
  5
AA7
330
A02
100
AcDbEntity
  8
CutProfile
100
AcDbLine
 10
277.366666667
 20
118.048993183
 30
0.000000000
 11
279.483333333
 21
118.253157207
 31
0.000000000
  0
LINE
  5
AA8
330
A02
100
AcDbEntity
  8
CutProfile
100
AcDbLine
 10
279.483333333
 20
118.253157207
 30
0.000000000
 11
281.600000000
 21
118.600000000
 31
0.000000000
  0
LINE
  5
AA9
330
A02
100
AcDbEntity
  8
CutProfile
100
AcDbLine
 10
281.600000000
 20
118.600000000
 30
0.000000000
 11
281.466318336
 21
119.129166667
 31
0.000000000
  0
LINE
  5
AAA
330
A02
100
AcDbEntity
  8
CutProfile
100
AcDbLine
 10
281.466318336
 20
119.129166667
 30
0.000000000
 11
281.328530827
 21
119.658333333
 31
0.000000000
  0
LINE
  5
AAB
330
A02
100
AcDbEntity
  8
CutProfile
100
AcDbLine
 10
281.328530827
 20
119.658333333
 30
0.000000000
 11
281.182629256
 21
120.187500000
 31
0.000000000
  0
LINE
  5
AAC
330
A02
100
AcDbEntity
  8
CutProfile
100
AcDbLine
 10
281.182629256
 20
120.187500000
 30
0.000000000
 11
281.024798876
 21
120.716666667
 31
0.000000000
  0
LINE
  5
AAD
330
A02
100
AcDbEntity
  8
CutProfile
100
AcDbLine
 10
281.024798876
 20
120.716666667
 30
0.000000000
 11
280.851510707
 21
121.245833333
 31
0.000000000
  0
LINE
  5
AAE
330
A02
100
AcDbEntity
  8
CutProfile
100
AcDbLine
 10
280.851510707
 20
121.245833333
 30
0.000000000
 11
280.659608592
 21
121.775000000
 31
0.000000000
  0
LINE
  5
AAF
330
A02
100
AcDbEntity
  8
CutProfile
100
AcDbLine
 10
280.659608592
 20
121.775000000
 30
0.000000000
 11
280.446389413
 21
122.304166667
 31
0.000000000
  0
LINE
  5
AB0
330
A02
100
AcDbEntity
  8
CutProfile
100
AcDbLine
 10
280.446389413
 20
122.304166667
 30
0.000000000
 11
280.209674978
 21
122.833333333
 31
0.000000000
  0
LINE
  5
AB1
330
A02
100
AcDbEntity
  8
CutProfile
100
AcDbLine
 10
280.209674978
 20
122.833333333
 30
0.000000000
 11
279.947874238
 21
123.362500000
 31
0.000000000
  0
LINE
  5
AB2
330
A02
100
AcDbEntity
  8
CutProfile
100
AcDbLine
 10
279.947874238
 20
123.362500000
 30
0.000000000
 11
279.660034670
 21
123.891666667
 31
0.000000000
  0
LINE
  5
AB3
330
A02
100
AcDbEntity
  8
CutProfile
100
AcDbLine
 10
279.660034670
 20
123.891666667
 30
0.000000000
 11
279.345881832
 21
124.420833333
 31
0.000000000
  0
LINE
  5
AB4
330
A02
100
AcDbEntity
  8
CutProfile
100
AcDbLine
 10
279.345881832
 20
124.420833333
 30
0.000000000
 11
279.005846327
 21
124.950000000
 31
0.000000000
  0
LINE
  5
AB5
330
A02
100
AcDbEntity
  8
CutProfile
100
AcDbLine
 10
279.005846327
 20
124.950000000
 30
0.000000000
 11
278.641077610
 21
125.479166667
 31
0.000000000
  0
LINE
  5
AB6
330
A02
100
AcDbEntity
  8
CutProfile
100
AcDbLine
 10
278.641077610
 20
125.479166667
 30
0.000000000
 11
278.253444306
 21
126.008333333
 31
0.000000000
  0
LINE
  5
AB7
330
A02
100
AcDbEntity
  8
CutProfile
100
AcDbLine
 10
278.253444306
 20
126.008333333
 30
0.000000000
 11
277.845520968
 21
126.537500000
 31
0.000000000
  0
LINE
  5
AB8
330
A02
100
AcDbEntity
  8
CutProfile
100
AcDbLine
 10
277.845520968
 20
126.537500000
 30
0.000000000
 11
277.420561401
 21
127.066666667
 31
0.000000000
  0
LINE
  5
AB9
330
A02
100
AcDbEntity
  8
CutProfile
100
AcDbLine
 10
277.420561401
 20
127.066666667
 30
0.000000000
 11
276.982458942
 21
127.595833333
 31
0.000000000
  0
LINE
  5
ABA
330
A02
100
AcDbEntity
  8
CutProfile
100
AcDbLine
 10
276.982458942
 20
127.595833333
 30
0.000000000
 11
276.535694309
 21
128.125000000
 31
0.000000000
  0
LINE
  5
ABB
330
A02
100
AcDbEntity
  8
CutProfile
100
AcDbLine
 10
276.535694309
 20
128.125000000
 30
0.000000000
 11
276.085271846
 21
128.654166667
 31
0.000000000
  0
LINE
  5
ABC
330
A02
100
AcDbEntity
  8
CutProfile
100
AcDbLine
 10
276.085271846
 20
128.654166667
 30
0.000000000
 11
275.636645204
 21
129.183333333
 31
0.000000000
  0
LINE
  5
ABD
330
A02
100
AcDbEntity
  8
CutProfile
100
AcDbLine
 10
275.636645204
 20
129.183333333
 30
0.000000000
 11
275.195633673
 21
129.712500000
 31
0.000000000
  0
LINE
  5
ABE
330
A02
100
AcDbEntity
  8
CutProfile
100
AcDbLine
 10
275.195633673
 20
129.712500000
 30
0.000000000
 11
274.768330568
 21
130.241666667
 31
0.000000000
  0
LINE
  5
ABF
330
A02
100
AcDbEntity
  8
CutProfile
100
AcDbLine
 10
274.768330568
 20
130.241666667
 30
0.000000000
 11
274.361005186
 21
130.770833333
 31
0.000000000
  0
LINE
  5
AC0
330
A02
100
AcDbEntity
  8
CutProfile
100
AcDbLine
 10
274.361005186
 20
130.770833333
 30
0.000000000
 11
273.980000000
 21
131.300000000
 31
0.000000000
  0
LINE
  5
AC1
330
A02
100
AcDbEntity
  8
CutProfile
100
AcDbLine
 10
273.980000000
 20
131.300000000
 30
0.000000000
 11
273.631624824
 21
131.829166667
 31
0.000000000
  0
LINE
  5
AC2
330
A02
100
AcDbEntity
  8
CutProfile
100
AcDbLine
 10
273.631624824
 20
131.829166667
 30
0.000000000
 11
273.322049744
 21
132.358333333
 31
0.000000000
  0
LINE
  5
AC3
330
A02
100
AcDbEntity
  8
CutProfile
100
AcDbLine
 10
273.322049744
 20
132.358333333
 30
0.000000000
 11
273.057198653
 21
132.887500000
 31
0.000000000
  0
LINE
  5
AC4
330
A02
100
AcDbEntity
  8
CutProfile
100
AcDbLine
 10
273.057198653
 20
132.887500000
 30
0.000000000
 11
272.842645204
 21
133.416666667
 31
0.000000000
  0
LINE
  5
AC5
330
A02
100
AcDbEntity
  8
CutProfile
100
AcDbLine
 10
272.842645204
 20
133.416666667
 30
0.000000000
 11
272.683512981
 21
133.945833333
 31
0.000000000
  0
LINE
  5
AC6
330
A02
100
AcDbEntity
  8
CutProfile
100
AcDbLine
 10
272.683512981
 20
133.945833333
 30
0.000000000
 11
272.584381616
 21
134.475000000
 31
0.000000000
  0
LINE
  5
AC7
330
A02
100
AcDbEntity
  8
CutProfile
100
AcDbLine
 10
272.584381616
 20
134.475000000
 30
0.000000000
 11
272.549200477
 21
135.004166667
 31
0.000000000
  0
LINE
  5
AC8
330
A02
100
AcDbEntity
  8
CutProfile
100
AcDbLine
 10
272.549200477
 20
135.004166667
 30
0.000000000
 11
272.581211445
 21
135.533333333
 31
0.000000000
  0
LINE
  5
AC9
330
A02
100
AcDbEntity
  8
CutProfile
100
AcDbLine
 10
272.581211445
 20
135.533333333
 30
0.000000000
 11
272.682882140
 21
136.062500000
 31
0.000000000
  0
LINE
  5
ACA
330
A02
100
AcDbEntity
  8
CutProfile
100
AcDbLine
 10
272.682882140
 20
136.062500000
 30
0.000000000
 11
272.855850788
 21
136.591666667
 31
0.000000000
  0
LINE
  5
ACB
330
A02
100
AcDbEntity
  8
CutProfile
100
AcDbLine
 10
272.855850788
 20
136.591666667
 30
0.000000000
 11
273.100883724
 21
137.120833333
 31
0.000000000
  0
LINE
  5
ACC
330
A02
100
AcDbEntity
  8
CutProfile
100
AcDbLine
 10
273.100883724
 20
137.120833333
 30
0.000000000
 11
273.417846327
 21
137.650000000
 31
0.000000000
  0
LINE
  5
ACD
330
A02
100
AcDbEntity
  8
CutProfile
100
AcDbLine
 10
273.417846327
 20
137.650000000
 30
0.000000000
 11
273.805687946
 21
138.179166667
 31
0.000000000
  0
LINE
  5
ACE
330
A02
100
AcDbEntity
  8
CutProfile
100
AcDbLine
 10
273.805687946
 20
138.179166667
 30
0.000000000
 11
274.262441152
 21
138.708333333
 31
0.000000000
  0
LINE
  5
ACF
330
A02
100
AcDbEntity
  8
CutProfile
100
AcDbLine
 10
274.262441152
 20
138.708333333
 30
0.000000000
 11
274.785235411
 21
139.237500000
 31
0.000000000
  0
LINE
  5
AD0
330
A02
100
AcDbEntity
  8
CutProfile
100
AcDbLine
 10
274.785235411
 20
139.237500000
 30
0.000000000
 11
275.370325022
 21
139.766666667
 31
0.000000000
  0
LINE
  5
AD1
330
A02
100
AcDbEntity
  8
CutProfile
100
AcDbLine
 10
275.370325022
 20
139.766666667
 30
0.000000000
 11
276.013130948
 21
140.295833333
 31
0.000000000
  0
LINE
  5
AD2
330
A02
100
AcDbEntity
  8
CutProfile
100
AcDbLine
 10
276.013130948
 20
140.295833333
 30
0.000000000
 11
276.708295899
 21
140.825000000
 31
0.000000000
  0
LINE
  5
AD3
330
A02
100
AcDbEntity
  8
CutProfile
100
AcDbLine
 10
276.708295899
 20
140.825000000
 30
0.000000000
 11
277.449751842
 21
141.354166667
 31
0.000000000
  0
LINE
  5
AD4
330
A02
100
AcDbEntity
  8
CutProfile
100
AcDbLine
 10
277.449751842
 20
141.354166667
 30
0.000000000
 11
278.230798876
 21
141.883333333
 31
0.000000000
  0
LINE
  5
AD5
330
A02
100
AcDbEntity
  8
CutProfile
100
AcDbLine
 10
278.230798876
 20
141.883333333
 30
0.000000000
 11
279.044194236
 21
142.412500000
 31
0.000000000
  0
LINE
  5
AD6
330
A02
100
AcDbEntity
  8
CutProfile
100
AcDbLine
 10
279.044194236
 20
142.412500000
 30
0.000000000
 11
279.671810661
 21
142.808790682
 31
0.000000000
  0
LINE
  5
AD7
330
A02
100
AcDbEntity
  8
CutProfile
100
AcDbLine
 10
288.500000000
 20
141.242640687
 30
0.000000000
 11
279.671810661
 21
142.808790682
 31
0.000000000
  0
LINE
  5
AD8
330
A02
100
AcDbEntity
  8
CutProfile
100
AcDbLine
 10
298.116666667
 20
137.783157153
 30
0.000000000
 11
288.500000000
 21
141.242640687
 31
0.000000000
  0
LINE
  5
AD9
330
A02
100
AcDbEntity
  8
CutProfile
100
AcDbLine
 10
307.733333333
 20
134.000000000
 30
0.000000000
 11
298.116666667
 21
137.783157153
 31
0.000000000
  0
LINE
  5
ADA
330
A02
100
AcDbEntity
  8
CutProfile
100
AcDbLine
 10
317.350000000
 20
131.456722805
 30
0.000000000
 11
307.733333333
 21
134.000000000
 31
0.000000000
  0
LINE
  5
ADB
330
A02
100
AcDbEntity
  8
CutProfile
100
AcDbLine
 10
326.966666667
 20
131.204445042
 30
0.000000000
 11
317.350000000
 21
131.456722805
 31
0.000000000
  0
LINE
  5
ADC
330
A02
100
AcDbEntity
  8
CutProfile
100
AcDbLine
 10
336.583333333
 20
133.347431426
 30
0.000000000
 11
326.966666667
 21
131.204445042
 31
0.000000000
  0
LINE
  5
ADD
330
A02
100
AcDbEntity
  8
CutProfile
100
AcDbLine
 10
346.200000000
 20
137.000000000
 30
0.000000000
 11
336.583333333
 21
133.347431426
 31
0.000000000
  0
LINE
  5
ADE
330
A02
100
AcDbEntity
  8
CutProfile
100
AcDbLine
 10
355.816666667
 20
140.652568574
 30
0.000000000
 11
346.200000000
 21
137.000000000
 31
0.000000000
  0
LINE
  5
ADF
330
A02
100
AcDbEntity
  8
CutProfile
100
AcDbLine
 10
365.433333333
 20
142.795554958
 30
0.000000000
 11
355.816666667
 21
140.652568574
 31
0.000000000
  0
LINE
  5
AE0
330
A02
100
AcDbEntity
  8
CutProfile
100
AcDbLine
 10
375.050000000
 20
142.543277195
 30
0.000000000
 11
365.433333333
 21
142.795554958
 31
0.000000000
  0
LINE
  5
AE1
330
A02
100
AcDbEntity
  8
CutProfile
100
AcDbLine
 10
384.666666667
 20
140.000000000
 30
0.000000000
 11
375.050000000
 21
142.543277195
 31
0.000000000
  0
LINE
  5
AE2
330
A02
100
AcDbEntity
  8
CutProfile
100
AcDbLine
 10
394.283333333
 20
136.216842847
 30
0.000000000
 11
384.666666667
 21
140.000000000
 31
0.000000000
  0
LINE
  5
AE3
330
A02
100
AcDbEntity
  8
CutProfile
100
AcDbLine
 10
403.900000000
 20
132.757359313
 30
0.000000000
 11
394.283333333
 21
136.216842847
 31
0.000000000
  0
LINE
  5
AE4
330
A02
100
AcDbEntity
  8
CutProfile
100
AcDbLine
 10
413.516666667
 20
131.051330832
 30
0.000000000
 11
403.900000000
 21
132.757359313
 31
0.000000000
  0
LINE
  5
AE5
330
A02
100
AcDbEntity
  8
CutProfile
100
AcDbLine
 10
423.133333333
 20
131.803847577
 30
0.000000000
 11
413.516666667
 21
131.051330832
 31
0.000000000
  0
LINE
  5
AE6
330
A02
100
AcDbEntity
  8
CutProfile
100
AcDbLine
 10
432.750000000
 20
134.703899406
 30
0.000000000
 11
423.133333333
 21
131.803847577
 31
0.000000000
  0
LINE
  5
AE7
330
A02
100
AcDbEntity
  8
CutProfile
100
AcDbLine
 10
442.366666667
 20
138.552914271
 30
0.000000000
 11
432.750000000
 21
134.703899406
 31
0.000000000
  0
LINE
  5
AE8
330
A02
100
AcDbEntity
  8
CutProfile
100
AcDbLine
 10
451.983333333
 20
141.760120042
 30
0.000000000
 11
442.366666667
 21
138.552914271
 31
0.000000000
  0
LINE
  5
AE9
330
A02
100
AcDbEntity
  8
CutProfile
100
AcDbLine
 10
461.600000000
 20
143.000000000
 30
0.000000000
 11
451.983333333
 21
141.760120042
 31
0.000000000
  0
LINE
  5
AEA
330
A02
100
AcDbEntity
  8
CutProfile
100
AcDbLine
 10
461.101410938
 20
140.020833333
 30
0.000000000
 11
461.600000000
 21
143.000000000
 31
0.000000000
  0
LINE
  5
AEB
330
A02
100
AcDbEntity
  8
CutProfile
100
AcDbLine
 10
459.681549417
 20
137.041666667
 30
0.000000000
 11
461.101410938
 21
140.020833333
 31
0.000000000
  0
LINE
  5
AEC
330
A02
100
AcDbEntity
  8
CutProfile
100
AcDbLine
 10
457.556576482
 20
134.062500000
 30
0.000000000
 11
459.681549417
 21
137.041666667
 31
0.000000000
  0
LINE
  5
AED
330
A02
100
AcDbEntity
  8
CutProfile
100
AcDbLine
 10
455.050000000
 20
131.083333333
 30
0.000000000
 11
457.556576482
 21
134.062500000
 31
0.000000000
  0
LINE
  5
AEE
330
A02
100
AcDbEntity
  8
CutProfile
100
AcDbLine
 10
452.543423518
 20
128.104166667
 30
0.000000000
 11
455.050000000
 21
131.083333333
 31
0.000000000
  0
LINE
  5
AEF
330
A02
100
AcDbEntity
  8
CutProfile
100
AcDbLine
 10
450.418450583
 20
125.125000000
 30
0.000000000
 11
452.543423518
 21
128.104166667
 31
0.000000000
  0
LINE
  5
AF0
330
A02
100
AcDbEntity
  8
CutProfile
100
AcDbLine
 10
448.998589062
 20
122.145833333
 30
0.000000000
 11
450.418450583
 21
125.125000000
 31
0.000000000
  0
LINE
  5
AF1
330
A02
100
AcDbEntity
  8
CutProfile
100
AcDbLine
 10
448.500000000
 20
119.166666667
 30
0.000000000
 11
448.998589062
 21
122.145833333
 31
0.000000000
  0
LINE
  5
AF2
330
A02
100
AcDbEntity
  8
CutProfile
100
AcDbLine
 10
448.998589062
 20
116.187500000
 30
0.000000000
 11
448.500000000
 21
119.166666667
 31
0.000000000
  0
LINE
  5
AF3
330
A02
100
AcDbEntity
  8
CutProfile
100
AcDbLine
 10
450.418450583
 20
113.208333333
 30
0.000000000
 11
448.998589062
 21
116.187500000
 31
0.000000000
  0
LINE
  5
AF4
330
A02
100
AcDbEntity
  8
CutProfile
100
AcDbLine
 10
452.543423518
 20
110.229166667
 30
0.000000000
 11
450.418450583
 21
113.208333333
 31
0.000000000
  0
LINE
  5
AF5
330
A02
100
AcDbEntity
  8
CutProfile
100
AcDbLine
 10
455.050000000
 20
107.250000000
 30
0.000000000
 11
452.543423518
 21
110.229166667
 31
0.000000000
  0
LINE
  5
AF6
330
A02
100
AcDbEntity
  8
CutProfile
100
AcDbLine
 10
457.556576482
 20
104.270833333
 30
0.000000000
 11
455.050000000
 21
107.250000000
 31
0.000000000
  0
LINE
  5
AF7
330
A02
100
AcDbEntity
  8
CutProfile
100
AcDbLine
 10
459.681549417
 20
101.291666667
 30
0.000000000
 11
457.556576482
 21
104.270833333
 31
0.000000000
  0
LINE
  5
AF8
330
A02
100
AcDbEntity
  8
CutProfile
100
AcDbLine
 10
461.101410938
 20
98.312500000
 30
0.000000000
 11
459.681549417
 21
101.291666667
 31
0.000000000
  0
LINE
  5
AF9
330
A02
100
AcDbEntity
  8
CutProfile
100
AcDbLine
 10
461.600000000
 20
95.333333333
 30
0.000000000
 11
461.101410938
 21
98.312500000
 31
0.000000000
  0
LINE
  5
AFA
330
A02
100
AcDbEntity
  8
CutProfile
100
AcDbLine
 10
461.394460889
 20
92.354166667
 30
0.000000000
 11
461.600000000
 21
95.333333333
 31
0.000000000
  0
LINE
  5
AFB
330
A02
100
AcDbEntity
  8
CutProfile
100
AcDbLine
 10
461.281460068
 20
89.375000000
 30
0.000000000
 11
461.394460889
 21
92.354166667
 31
0.000000000
  0
LINE
  5
AFC
330
A02
100
AcDbEntity
  8
CutProfile
100
AcDbLine
 10
461.479123873
 20
86.395833333
 30
0.000000000
 11
461.281460068
 21
89.375000000
 31
0.000000000
  0
LINE
  5
AFD
330
A02
100
AcDbEntity
  8
CutProfile
100
AcDbLine
 10
461.600000000
 20
83.416666667
 30
0.000000000
 11
461.479123873
 21
86.395833333
 31
0.000000000
  0
LINE
  5
AFE
330
A02
100
AcDbEntity
  8
CutProfile
100
AcDbLine
 10
461.600000000
 20
80.437500000
 30
0.000000000
 11
461.600000000
 21
83.416666667
 31
0.000000000
  0
LINE
  5
AFF
330
A02
100
AcDbEntity
  8
CutProfile
100
AcDbLine
 10
461.600000000
 20
77.458333333
 30
0.000000000
 11
461.600000000
 21
80.437500000
 31
0.000000000
  0
LINE
  5
B00
330
A02
100
AcDbEntity
  8
CutProfile
100
AcDbLine
 10
461.600000000
 20
74.479166667
 30
0.000000000
 11
461.600000000
 21
77.458333333
 31
0.000000000
  0
LINE
  5
B01
330
A02
100
AcDbEntity
  8
CutProfile
100
AcDbLine
 10
461.600000000
 20
71.500000000
 30
0.000000000
 11
461.600000000
 21
74.479166667
 31
0.000000000
  0
LINE
  5
B02
330
A02
100
AcDbEntity
  8
CutProfile
100
AcDbLine
 10
461.600000000
 20
68.520833333
 30
0.000000000
 11
461.600000000
 21
71.500000000
 31
0.000000000
  0
LINE
  5
B03
330
A02
100
AcDbEntity
  8
CutProfile
100
AcDbLine
 10
461.600000000
 20
65.541666667
 30
0.000000000
 11
461.600000000
 21
68.520833333
 31
0.000000000
  0
LINE
  5
B04
330
A02
100
AcDbEntity
  8
CutProfile
100
AcDbLine
 10
461.600000000
 20
62.562500000
 30
0.000000000
 11
461.600000000
 21
65.541666667
 31
0.000000000
  0
LINE
  5
B05
330
A02
100
AcDbEntity
  8
CutProfile
100
AcDbLine
 10
461.600000000
 20
59.583333333
 30
0.000000000
 11
461.600000000
 21
62.562500000
 31
0.000000000
  0
LINE
  5
B06
330
A02
100
AcDbEntity
  8
CutProfile
100
AcDbLine
 10
461.479123873
 20
56.604166667
 30
0.000000000
 11
461.600000000
 21
59.583333333
 31
0.000000000
  0
LINE
  5
B07
330
A02
100
AcDbEntity
  8
CutProfile
100
AcDbLine
 10
461.281460068
 20
53.625000000
 30
0.000000000
 11
461.479123873
 21
56.604166667
 31
0.000000000
  0
LINE
  5
B08
330
A02
100
AcDbEntity
  8
CutProfile
100
AcDbLine
 10
461.394460889
 20
50.645833333
 30
0.000000000
 11
461.281460068
 21
53.625000000
 31
0.000000000
  0
LINE
  5
B09
330
A02
100
AcDbEntity
  8
CutProfile
100
AcDbLine
 10
461.600000000
 20
47.666666667
 30
0.000000000
 11
461.394460889
 21
50.645833333
 31
0.000000000
  0
LINE
  5
B0A
330
A02
100
AcDbEntity
  8
CutProfile
100
AcDbLine
 10
461.101410938
 20
44.687500000
 30
0.000000000
 11
461.600000000
 21
47.666666667
 31
0.000000000
  0
LINE
  5
B0B
330
A02
100
AcDbEntity
  8
CutProfile
100
AcDbLine
 10
459.681549417
 20
41.708333333
 30
0.000000000
 11
461.101410938
 21
44.687500000
 31
0.000000000
  0
LINE
  5
B0C
330
A02
100
AcDbEntity
  8
CutProfile
100
AcDbLine
 10
457.556576482
 20
38.729166667
 30
0.000000000
 11
459.681549417
 21
41.708333333
 31
0.000000000
  0
LINE
  5
B0D
330
A02
100
AcDbEntity
  8
CutProfile
100
AcDbLine
 10
455.050000000
 20
35.750000000
 30
0.000000000
 11
457.556576482
 21
38.729166667
 31
0.000000000
  0
LINE
  5
B0E
330
A02
100
AcDbEntity
  8
CutProfile
100
AcDbLine
 10
452.543423518
 20
32.770833333
 30
0.000000000
 11
455.050000000
 21
35.750000000
 31
0.000000000
  0
LINE
  5
B0F
330
A02
100
AcDbEntity
  8
CutProfile
100
AcDbLine
 10
450.418450583
 20
29.791666667
 30
0.000000000
 11
452.543423518
 21
32.770833333
 31
0.000000000
  0
LINE
  5
B10
330
A02
100
AcDbEntity
  8
CutProfile
100
AcDbLine
 10
448.998589062
 20
26.812500000
 30
0.000000000
 11
450.418450583
 21
29.791666667
 31
0.000000000
  0
LINE
  5
B11
330
A02
100
AcDbEntity
  8
CutProfile
100
AcDbLine
 10
448.500000000
 20
23.833333333
 30
0.000000000
 11
448.998589062
 21
26.812500000
 31
0.000000000
  0
LINE
  5
B12
330
A02
100
AcDbEntity
  8
CutProfile
100
AcDbLine
 10
448.998589062
 20
20.854166667
 30
0.000000000
 11
448.500000000
 21
23.833333333
 31
0.000000000
  0
LINE
  5
B13
330
A02
100
AcDbEntity
  8
CutProfile
100
AcDbLine
 10
450.418450583
 20
17.875000000
 30
0.000000000
 11
448.998589062
 21
20.854166667
 31
0.000000000
  0
LINE
  5
B14
330
A02
100
AcDbEntity
  8
CutProfile
100
AcDbLine
 10
452.543423518
 20
14.895833333
 30
0.000000000
 11
450.418450583
 21
17.875000000
 31
0.000000000
  0
LINE
  5
B15
330
A02
100
AcDbEntity
  8
CutProfile
100
AcDbLine
 10
455.050000000
 20
11.916666667
 30
0.000000000
 11
452.543423518
 21
14.895833333
 31
0.000000000
  0
LINE
  5
B16
330
A02
100
AcDbEntity
  8
CutProfile
100
AcDbLine
 10
457.556576482
 20
8.937500000
 30
0.000000000
 11
455.050000000
 21
11.916666667
 31
0.000000000
  0
LINE
  5
B17
330
A02
100
AcDbEntity
  8
CutProfile
100
AcDbLine
 10
459.681549417
 20
5.958333333
 30
0.000000000
 11
457.556576482
 21
8.937500000
 31
0.000000000
  0
LINE
  5
B18
330
A02
100
AcDbEntity
  8
CutProfile
100
AcDbLine
 10
461.101410938
 20
2.979166667
 30
0.000000000
 11
459.681549417
 21
5.958333333
 31
0.000000000
  0
LINE
  5
B19
330
A02
100
AcDbEntity
  8
CutProfile
100
AcDbLine
 10
461.600000000
 20
0.000000000
 30
0.000000000
 11
461.101410938
 21
2.979166667
 31
0.000000000
  0
LINE
  5
B1A
330
A02
100
AcDbEntity
  8
CutProfile
100
AcDbLine
 10
451.983333333
 20
1.239879958
 30
0.000000000
 11
461.600000000
 21
0.000000000
 31
0.000000000
  0
LINE
  5
B1B
330
A02
100
AcDbEntity
  8
CutProfile
100
AcDbLine
 10
442.366666667
 20
4.447085729
 30
0.000000000
 11
451.983333333
 21
1.239879958
 31
0.000000000
  0
LINE
  5
B1C
330
A02
100
AcDbEntity
  8
CutProfile
100
AcDbLine
 10
432.750000000
 20
8.296100594
 30
0.000000000
 11
442.366666667
 21
4.447085729
 31
0.000000000
  0
LINE
  5
B1D
330
A02
100
AcDbEntity
  8
CutProfile
100
AcDbLine
 10
423.133333333
 20
11.196152423
 30
0.000000000
 11
432.750000000
 21
8.296100594
 31
0.000000000
  0
LINE
  5
B1E
330
A02
100
AcDbEntity
  8
CutProfile
100
AcDbLine
 10
413.516666667
 20
11.948669168
 30
0.000000000
 11
423.133333333
 21
11.196152423
 31
0.000000000
  0
LINE
  5
B1F
330
A02
100
AcDbEntity
  8
CutProfile
100
AcDbLine
 10
403.900000000
 20
10.242640687
 30
0.000000000
 11
413.516666667
 21
11.948669168
 31
0.000000000
  0
LINE
  5
B20
330
A02
100
AcDbEntity
  8
CutProfile
100
AcDbLine
 10
394.283333333
 20
6.783157153
 30
0.000000000
 11
403.900000000
 21
10.242640687
 31
0.000000000
  0
LINE
  5
B21
330
A02
100
AcDbEntity
  8
CutProfile
100
AcDbLine
 10
384.666666667
 20
3.000000000
 30
0.000000000
 11
394.283333333
 21
6.783157153
 31
0.000000000
  0
LINE
  5
B22
330
A02
100
AcDbEntity
  8
CutProfile
100
AcDbLine
 10
375.050000000
 20
0.456722805
 30
0.000000000
 11
384.666666667
 21
3.000000000
 31
0.000000000
  0
LINE
  5
B23
330
A02
100
AcDbEntity
  8
CutProfile
100
AcDbLine
 10
365.433333333
 20
0.204445042
 30
0.000000000
 11
375.050000000
 21
0.456722805
 31
0.000000000
  0
LINE
  5
B24
330
A02
100
AcDbEntity
  8
CutProfile
100
AcDbLine
 10
355.816666667
 20
2.347431426
 30
0.000000000
 11
365.433333333
 21
0.204445042
 31
0.000000000
  0
LINE
  5
B25
330
A02
100
AcDbEntity
  8
CutProfile
100
AcDbLine
 10
346.200000000
 20
6.000000000
 30
0.000000000
 11
355.816666667
 21
2.347431426
 31
0.000000000
  0
LINE
  5
B26
330
A02
100
AcDbEntity
  8
CutProfile
100
AcDbLine
 10
336.583333333
 20
9.652568574
 30
0.000000000
 11
346.200000000
 21
6.000000000
 31
0.000000000
  0
LINE
  5
B27
330
A02
100
AcDbEntity
  8
CutProfile
100
AcDbLine
 10
326.966666667
 20
11.795554958
 30
0.000000000
 11
336.583333333
 21
9.652568574
 31
0.000000000
  0
LINE
  5
B28
330
A02
100
AcDbEntity
  8
CutProfile
100
AcDbLine
 10
317.350000000
 20
11.543277195
 30
0.000000000
 11
326.966666667
 21
11.795554958
 31
0.000000000
  0
LINE
  5
B29
330
A02
100
AcDbEntity
  8
CutProfile
100
AcDbLine
 10
307.733333333
 20
9.000000000
 30
0.000000000
 11
317.350000000
 21
11.543277195
 31
0.000000000
  0
LINE
  5
B2A
330
A02
100
AcDbEntity
  8
CutProfile
100
AcDbLine
 10
298.116666667
 20
5.216842847
 30
0.000000000
 11
307.733333333
 21
9.000000000
 31
0.000000000
  0
LINE
  5
B2B
330
A02
100
AcDbEntity
  8
CutProfile
100
AcDbLine
 10
288.500000000
 20
1.757359313
 30
0.000000000
 11
298.116666667
 21
5.216842847
 31
0.000000000
  0
LINE
  5
B2C
330
A02
100
AcDbEntity
  8
CutProfile
100
AcDbLine
 10
278.883333333
 20
0.051330832
 30
0.000000000
 11
288.500000000
 21
1.757359313
 31
0.000000000
  0
LINE
  5
B2D
330
A02
100
AcDbEntity
  8
CutProfile
100
AcDbLine
 10
269.266666667
 20
0.803847577
 30
0.000000000
 11
278.883333333
 21
0.051330832
 31
0.000000000
  0
LINE
  5
B2E
330
A02
100
AcDbEntity
  8
CutProfile
100
AcDbLine
 10
259.650000000
 20
3.703899406
 30
0.000000000
 11
269.266666667
 21
0.803847577
 31
0.000000000
  0
LINE
  5
B2F
330
A02
100
AcDbEntity
  8
CutProfile
100
AcDbLine
 10
250.033333333
 20
7.552914271
 30
0.000000000
 11
259.650000000
 21
3.703899406
 31
0.000000000
  0
LINE
  5
B30
330
A02
100
AcDbEntity
  8
CutProfile
100
AcDbLine
 10
240.416666667
 20
10.760120042
 30
0.000000000
 11
250.033333333
 21
7.552914271
 31
0.000000000
  0
LINE
  5
B31
330
A02
100
AcDbEntity
  8
CutProfile
100
AcDbLine
 10
230.800000000
 20
12.000000000
 30
0.000000000
 11
240.416666667
 21
10.760120042
 31
0.000000000
  0
LINE
  5
B32
330
A02
100
AcDbEntity
  8
CutProfile
100
AcDbLine
 10
221.183333333
 20
10.760120042
 30
0.000000000
 11
230.800000000
 21
12.000000000
 31
0.000000000
  0
LINE
  5
B33
330
A02
100
AcDbEntity
  8
CutProfile
100
AcDbLine
 10
211.566666667
 20
7.552914271
 30
0.000000000
 11
221.183333333
 21
10.760120042
 31
0.000000000
  0
LINE
  5
B34
330
A02
100
AcDbEntity
  8
CutProfile
100
AcDbLine
 10
201.950000000
 20
3.703899406
 30
0.000000000
 11
211.566666667
 21
7.552914271
 31
0.000000000
  0
LINE
  5
B35
330
A02
100
AcDbEntity
  8
CutProfile
100
AcDbLine
 10
192.333333333
 20
0.803847577
 30
0.000000000
 11
201.950000000
 21
3.703899406
 31
0.000000000
  0
LINE
  5
B36
330
A02
100
AcDbEntity
  8
CutProfile
100
AcDbLine
 10
182.716666667
 20
0.051330832
 30
0.000000000
 11
192.333333333
 21
0.803847577
 31
0.000000000
  0
LINE
  5
B37
330
A02
100
AcDbEntity
  8
CutProfile
100
AcDbLine
 10
173.100000000
 20
1.757359313
 30
0.000000000
 11
182.716666667
 21
0.051330832
 31
0.000000000
  0
LINE
  5
B38
330
A02
100
AcDbEntity
  8
CutProfile
100
AcDbLine
 10
163.483333333
 20
5.216842847
 30
0.000000000
 11
173.100000000
 21
1.757359313
 31
0.000000000
  0
LINE
  5
B39
330
A02
100
AcDbEntity
  8
CutProfile
100
AcDbLine
 10
153.866666667
 20
9.000000000
 30
0.000000000
 11
163.483333333
 21
5.216842847
 31
0.000000000
  0
LINE
  5
B3A
330
A02
100
AcDbEntity
  8
CutProfile
100
AcDbLine
 10
144.250000000
 20
11.543277195
 30
0.000000000
 11
153.866666667
 21
9.000000000
 31
0.000000000
  0
LINE
  5
B3B
330
A02
100
AcDbEntity
  8
CutProfile
100
AcDbLine
 10
134.633333333
 20
11.795554958
 30
0.000000000
 11
144.250000000
 21
11.543277195
 31
0.000000000
  0
LINE
  5
B3C
330
A02
100
AcDbEntity
  8
CutProfile
100
AcDbLine
 10
125.016666667
 20
9.652568574
 30
0.000000000
 11
134.633333333
 21
11.795554958
 31
0.000000000
  0
LINE
  5
B3D
330
A02
100
AcDbEntity
  8
CutProfile
100
AcDbLine
 10
115.400000000
 20
6.000000000
 30
0.000000000
 11
125.016666667
 21
9.652568574
 31
0.000000000
  0
LINE
  5
B3E
330
A02
100
AcDbEntity
  8
CutProfile
100
AcDbLine
 10
105.783333333
 20
2.347431426
 30
0.000000000
 11
115.400000000
 21
6.000000000
 31
0.000000000
  0
LINE
  5
B3F
330
A02
100
AcDbEntity
  8
CutProfile
100
AcDbLine
 10
96.166666667
 20
0.204445042
 30
0.000000000
 11
105.783333333
 21
2.347431426
 31
0.000000000
  0
LINE
  5
B40
330
A02
100
AcDbEntity
  8
CutProfile
100
AcDbLine
 10
86.550000000
 20
0.456722805
 30
0.000000000
 11
96.166666667
 21
0.204445042
 31
0.000000000
  0
LINE
  5
B41
330
A02
100
AcDbEntity
  8
CutProfile
100
AcDbLine
 10
76.933333333
 20
3.000000000
 30
0.000000000
 11
86.550000000
 21
0.456722805
 31
0.000000000
  0
LINE
  5
B42
330
A02
100
AcDbEntity
  8
CutProfile
100
AcDbLine
 10
67.316666667
 20
6.783157153
 30
0.000000000
 11
76.933333333
 21
3.000000000
 31
0.000000000
  0
LINE
  5
B43
330
A02
100
AcDbEntity
  8
CutProfile
100
AcDbLine
 10
57.700000000
 20
10.242640687
 30
0.000000000
 11
67.316666667
 21
6.783157153
 31
0.000000000
  0
LINE
  5
B44
330
A02
100
AcDbEntity
  8
CutProfile
100
AcDbLine
 10
48.083333333
 20
11.948669168
 30
0.000000000
 11
57.700000000
 21
10.242640687
 31
0.000000000
  0
LINE
  5
B45
330
A02
100
AcDbEntity
  8
CutProfile
100
AcDbLine
 10
38.466666667
 20
11.196152423
 30
0.000000000
 11
48.083333333
 21
11.948669168
 31
0.000000000
  0
LINE
  5
B46
330
A02
100
AcDbEntity
  8
CutProfile
100
AcDbLine
 10
28.850000000
 20
8.296100594
 30
0.000000000
 11
38.466666667
 21
11.196152423
 31
0.000000000
  0
LINE
  5
B47
330
A02
100
AcDbEntity
  8
CutProfile
100
AcDbLine
 10
19.233333333
 20
4.447085729
 30
0.000000000
 11
28.850000000
 21
8.296100594
 31
0.000000000
  0
LINE
  5
B48
330
A02
100
AcDbEntity
  8
CutProfile
100
AcDbLine
 10
9.616666667
 20
1.239879958
 30
0.000000000
 11
19.233333333
 21
4.447085729
 31
0.000000000
  0
LINE
  5
B49
330
A02
100
AcDbEntity
  8
CutProfile
100
AcDbLine
 10
0.000000000
 20
0.000000000
 30
0.000000000
 11
9.616666667
 21
1.239879958
 31
0.000000000
  0
CIRCLE
  5
B4A
330
A02
100
AcDbEntity
  8
CutProfile
100
AcDbCircle
 10
69.200000000
 20
71.500000000
 30
0.000000000
 40
3.000000000
  0
CIRCLE
  5
B4B
330
A02
100
AcDbEntity
  8
CutProfile
100
AcDbCircle
 10
392.400000000
 20
71.500000000
 30
0.000000000
 40
3.000000000
  0
LWPOLYLINE
  8
ENGRAVE_RED
 62
1
 90
1314
 70
1
 10
122.066052
 20
15.892899
 10
121.245888
 20
16.069469
 10
120.387332
 20
16.328765
 10
119.517237
 20
16.657673
 10
118.662461
 20
17.043081
 10
117.849857
 20
17.471873
 10
117.106283
 20
17.930936
 10
116.458593
 20
18.407156
 10
115.933643
 20
18.887419
 10
115.490427
 20
19.408133
 10
115.031792
 20
20.039460
 10
114.611844
 20
20.701733
 10
114.284689
 20
21.315290
 10
113.901607
 20
22.086800
 10
113.475244
 20
22.857621
 10
112.517695
 20
24.370107
 10
111.462081
 20
25.798563
 10
110.358437
 20
27.088804
 10
109.256800
 20
28.186646
 10
108.722372
 20
28.646485
 10
108.207208
 20
29.037905
 10
107.717566
 20
29.354133
 10
107.259698
 20
29.588396
 10
106.839859
 20
29.733920
 10
106.464305
 20
29.783934
 10
106.357037
 20
29.741647
 10
106.243641
 20
29.626511
 10
106.137629
 20
29.456109
 10
106.052514
 20
29.248025
 10
105.897637
 20
28.915550
 10
105.643455
 20
28.549954
 10
105.310719
 20
28.169755
 10
104.920178
 20
27.793471
 10
104.492582
 20
27.439620
 10
104.048681
 20
27.126720
 10
103.609225
 20
26.873290
 10
103.194964
 20
26.697845
 10
102.697078
 20
26.570078
 10
102.197061
 20
26.513623
 10
101.697759
 20
26.527797
 10
101.202016
 20
26.611911
 10
100.712679
 20
26.765281
 10
100.232593
 20
26.987221
 10
99.764602
 20
27.277043
 10
99.311553
 20
27.634064
 10
98.872033
 20
28.063991
 10
98.495371
 20
28.524087
 10
98.181378
 20
29.010485
 10
97.929866
 20
29.519317
 10
97.740647
 20
30.046715
 10
97.613532
 20
30.588813
 10
97.548335
 20
31.141742
 10
97.544866
 20
31.701635
 10
97.602938
 20
32.264624
 10
97.722362
 20
32.826843
 10
97.902951
 20
33.384422
 10
98.144517
 20
33.933495
 10
98.446871
 20
34.470194
 10
98.809825
 20
34.990651
 10
99.233191
 20
35.490999
 10
99.716782
 20
35.967371
 10
100.295394
 20
36.437366
 10
100.903240
 20
36.830425
 10
101.540165
 20
37.146502
 10
102.206019
 20
37.385554
 10
102.900649
 20
37.547534
 10
103.623903
 20
37.632398
 10
104.375628
 20
37.640102
 10
105.155673
 20
37.570600
 10
105.840844
 20
37.447653
 10
106.510739
 20
37.275682
 10
107.088520
 20
37.077486
 10
107.497351
 20
36.875858
 10
107.898695
 20
36.620842
 10
108.087878
 20
36.541172
 10
108.115649
 20
36.568318
 10
108.105667
 20
36.640773
 10
107.992828
 20
36.923571
 10
107.824422
 20
37.537937
 10
107.740755
 20
38.281660
 10
107.757274
 20
38.700509
 10
107.851569
 20
38.970601
 10
107.935630
 20
39.061248
 10
108.048431
 20
39.128369
 10
108.372651
 20
39.210246
 10
108.706790
 20
39.233846
 10
109.052614
 20
39.213208
 10
109.407537
 20
39.150223
 10
109.768974
 20
39.046780
 10
110.501044
 20
38.726076
 10
111.228138
 20
38.266211
 10
111.929570
 20
37.682301
 10
112.584653
 20
36.989459
 10
113.172702
 20
36.202801
 10
113.673030
 20
35.337442
 10
114.484490
 20
33.713563
 10
114.632371
 20
34.604542
 10
114.840629
 20
36.435332
 10
115.133676
 20
39.585858
 10
115.307472
 20
41.850783
 10
115.349422
 20
43.450736
 10
115.318380
 20
44.137464
 10
115.251287
 20
44.821289
 10
115.004828
 20
46.398014
 10
114.800798
 20
47.389821
 10
114.544427
 20
48.374540
 10
114.243775
 20
49.332049
 10
113.906900
 20
50.242221
 10
113.541860
 20
51.084934
 10
113.156713
 20
51.840063
 10
112.759519
 20
52.487484
 10
112.358335
 20
53.007072
 10
111.823196
 20
53.512495
 10
111.250575
 20
53.885868
 10
110.653500
 20
54.134932
 10
110.045000
 20
54.267426
 10
109.438103
 20
54.291091
 10
108.845837
 20
54.213668
 10
108.281232
 20
54.042898
 10
107.757315
 20
53.786520
 10
107.287116
 20
53.452275
 10
106.883662
 20
53.047904
 10
106.559983
 20
52.581148
 10
106.329106
 20
52.059746
 10
106.204061
 20
51.491439
 10
106.197876
 20
50.883967
 10
106.323580
 20
50.245072
 10
106.594200
 20
49.582494
 10
106.810779
 20
49.131872
 10
106.852469
 20
48.985618
 10
106.844793
 20
48.878672
 10
106.784026
 20
48.800985
 10
106.666444
 20
48.742510
 10
106.245933
 20
48.642998
 10
105.770421
 20
48.608281
 10
105.258784
 20
48.675071
 10
104.727881
 20
48.834391
 10
104.194567
 20
49.077265
 10
103.675700
 20
49.394715
 10
103.188139
 20
49.777765
 10
102.748739
 20
50.217435
 10
102.374359
 20
50.704751
 10
102.116596
 20
51.148301
 10
101.909552
 20
51.619855
 10
101.752486
 20
52.115461
 10
101.644656
 20
52.631165
 10
101.585320
 20
53.163015
 10
101.573737
 20
53.707059
 10
101.609165
 20
54.259342
 10
101.690862
 20
54.815914
 10
101.818087
 20
55.372821
 10
101.990098
 20
55.926110
 10
102.206154
 20
56.471828
 10
102.465513
 20
57.006024
 10
102.767433
 20
57.524744
 10
103.111172
 20
58.024036
 10
103.495989
 20
58.499947
 10
103.921143
 20
58.948524
 10
104.450254
 20
59.418347
 10
105.040295
 20
59.860552
 10
105.682142
 20
60.272711
 10
106.366671
 20
60.652391
 10
107.084762
 20
60.997164
 10
107.827289
 20
61.304598
 10
108.585132
 20
61.572263
 10
109.349167
 20
61.797730
 10
110.110270
 20
61.978566
 10
110.859320
 20
62.112343
 10
111.587194
 20
62.196630
 10
112.284769
 20
62.228996
 10
112.942921
 20
62.207011
 10
113.552529
 20
62.128245
 10
114.104468
 20
61.990267
 10
114.589618
 20
61.790648
 10
114.721621
 20
61.737804
 10
114.843430
 20
61.725087
 10
114.959790
 20
61.756807
 10
115.075446
 20
61.837275
 10
115.323627
 20
62.161692
 10
115.625934
 20
62.732819
 10
115.927961
 20
63.273649
 10
116.327283
 20
63.872931
 10
116.771926
 20
64.457742
 10
117.209917
 20
64.955163
 10
118.221649
 20
65.996181
 10
117.566671
 20
66.247604
 10
116.127447
 20
66.891868
 10
113.586938
 20
68.087780
 10
112.244384
 20
68.704942
 10
111.073113
 20
69.187253
 10
110.050627
 20
69.539106
 10
109.154427
 20
69.764897
 10
108.362017
 20
69.869023
 10
107.650898
 20
69.855878
 10
106.998571
 20
69.729859
 10
106.382541
 20
69.495361
 10
105.887427
 20
69.209722
 10
105.499156
 20
68.860088
 10
105.187709
 20
68.412246
 10
104.923068
 20
67.831983
 10
104.688919
 20
67.158358
 10
104.630102
 20
66.899019
 10
104.610041
 20
66.664734
 10
104.628675
 20
66.435553
 10
104.685942
 20
66.191528
 10
104.916131
 20
65.579160
 10
105.087701
 20
65.108160
 10
105.175810
 20
64.721301
 10
105.178929
 20
64.429967
 10
105.095524
 20
64.245542
 10
105.024157
 20
64.204095
 10
104.939176
 20
64.205208
 10
104.736824
 20
64.321580
 10
104.505374
 20
64.567588
 10
104.261731
 20
64.916164
 10
104.022804
 20
65.340237
 10
103.805498
 20
65.812739
 10
103.626719
 20
66.306599
 10
103.503376
 20
66.794750
 10
103.424804
 20
67.430437
 10
103.402620
 20
68.173100
 10
103.433094
 20
68.991028
 10
103.512496
 20
69.852511
 10
103.637098
 20
70.725837
 10
103.803171
 20
71.579297
 10
104.006986
 20
72.381180
 10
104.244814
 20
73.099775
 10
104.590068
 20
73.872707
 10
105.024610
 20
74.618922
 10
105.543135
 20
75.335428
 10
106.140340
 20
76.019233
 10
106.810922
 20
76.667346
 10
107.549576
 20
77.276773
 10
108.350999
 20
77.844524
 10
109.209887
 20
78.367606
 10
110.120937
 20
78.843027
 10
111.078844
 20
79.267794
 10
112.078306
 20
79.638917
 10
113.114018
 20
79.953403
 10
114.180677
 20
80.208260
 10
115.272980
 20
80.400495
 10
116.385621
 20
80.527118
 10
117.513299
 20
80.585135
 10
119.801068
 20
80.630987
 10
119.001266
 20
81.466829
 10
118.544717
 20
81.992209
 10
118.071824
 20
82.625124
 10
117.595391
 20
83.343096
 10
117.128226
 20
84.123649
 10
116.683135
 20
84.944304
 10
116.272922
 20
85.782585
 10
115.910396
 20
86.616014
 10
115.608361
 20
87.422114
 10
115.295981
 20
88.475440
 10
115.102192
 20
89.536965
 10
115.002148
 20
90.803557
 10
114.971003
 20
92.472083
 10
114.981952
 20
93.663986
 10
115.026793
 20
94.680184
 10
115.113553
 20
95.556427
 10
115.250263
 20
96.328464
 10
115.444951
 20
97.032046
 10
115.705646
 20
97.702921
 10
116.040379
 20
98.376841
 10
116.457178
 20
99.089554
 10
116.775784
 20
99.547554
 10
117.129324
 20
99.950580
 10
117.514679
 20
100.296753
 10
117.928734
 20
100.584197
 10
118.368370
 20
100.811033
 10
118.830471
 20
100.975383
 10
119.311919
 20
101.075370
 10
119.809598
 20
101.109117
 10
120.115218
 20
101.092548
 10
120.356213
 20
101.045592
 10
120.529915
 20
100.972375
 10
120.633660
 20
100.877022
 10
120.664781
 20
100.763660
 10
120.620613
 20
100.636414
 10
120.498488
 20
100.499410
 10
120.295741
 20
100.356775
 10
120.021829
 20
100.158557
 10
119.793204
 20
99.917047
 10
119.609364
 20
99.636221
 10
119.469810
 20
99.320057
 10
119.374043
 20
98.972533
 10
119.321562
 20
98.597626
 10
119.311866
 20
98.199313
 10
119.344457
 20
97.781573
 10
119.418834
 20
97.348383
 10
119.534498
 20
96.903720
 10
119.690947
 20
96.451561
 10
119.887682
 20
95.995885
 10
120.124204
 20
95.540669
 10
120.400011
 20
95.089890
 10
120.714605
 20
94.647525
 10
121.067485
 20
94.217553
 10
121.752895
 20
93.532216
 10
122.139932
 20
93.220247
 10
122.576843
 20
92.915496
 10
123.661239
 20
92.287902
 10
125.127999
 20
91.569943
 10
128.577117
 20
89.921157
 10
129.802600
 20
89.282636
 10
130.763496
 20
88.725577
 10
131.510901
 20
88.218138
 10
132.095912
 20
87.728480
 10
132.569627
 20
87.224762
 10
132.983144
 20
86.675144
 10
133.424378
 20
86.032564
 10
134.015876
 20
86.989626
 10
134.356356
 20
87.473744
 10
134.797509
 20
88.003928
 10
135.302733
 20
88.546084
 10
135.835426
 20
89.066119
 10
136.358985
 20
89.529939
 10
136.836808
 20
89.903450
 10
137.232291
 20
90.152558
 10
137.508833
 20
90.243171
 10
137.629553
 20
90.206531
 10
137.786246
 20
90.101445
 10
138.186950
 20
89.714949
 10
138.669745
 20
89.141709
 10
139.193428
 20
88.439750
 10
139.716800
 20
87.667098
 10
140.198658
 20
86.881778
 10
140.597802
 20
86.141815
 10
140.873030
 20
85.505235
 10
141.035096
 20
84.938734
 10
141.167814
 20
84.270805
 10
141.257488
 20
83.584826
 10
141.290423
 20
82.964176
 10
141.290423
 20
81.606136
 10
142.302340
 20
81.606136
 10
142.766587
 20
81.562047
 10
143.282582
 20
81.442002
 10
143.787457
 20
81.264334
 10
144.218343
 20
81.047379
 10
145.122428
 20
80.488624
 10
147.037368
 20
81.079362
 10
148.093764
 20
81.429239
 10
149.081439
 20
81.806835
 10
150.002339
 20
82.214155
 10
150.858410
 20
82.653204
 10
151.651596
 20
83.125990
 10
152.383843
 20
83.634517
 10
153.057097
 20
84.180791
 10
153.673304
 20
84.766819
 10
154.234409
 20
85.394606
 10
154.742357
 20
86.066158
 10
155.199094
 20
86.783482
 10
155.606566
 20
87.548581
 10
155.966717
 20
88.363464
 10
156.281494
 20
89.230135
 10
156.552843
 20
90.150600
 10
156.782708
 20
91.126865
 10
156.933747
 20
91.994238
 10
157.027152
 20
92.863191
 10
157.064833
 20
93.727746
 10
157.048704
 20
94.581926
 10
156.980675
 20
95.419753
 10
156.862658
 20
96.235252
 10
156.696566
 20
97.022444
 10
156.484310
 20
97.775352
 10
156.227802
 20
98.488000
 10
155.928954
 20
99.154409
 10
155.589677
 20
99.768604
 10
155.211883
 20
100.324607
 10
154.797485
 20
100.816440
 10
154.348394
 20
101.238127
 10
153.866521
 20
101.583691
 10
153.353779
 20
101.847154
 10
152.937179
 20
101.995668
 10
152.493205
 20
102.107061
 10
152.027950
 20
102.182605
 10
151.547505
 20
102.223572
 10
150.565412
 20
102.206864
 10
149.595660
 20
102.067117
 10
148.686984
 20
101.814511
 10
148.270779
 20
101.649066
 10
147.888118
 20
101.459224
 10
147.545093
 20
101.246257
 10
147.247795
 20
101.011437
 10
147.002317
 20
100.756036
 10
146.814749
 20
100.481327
 10
146.666270
 20
100.087546
 10
146.517175
 20
99.478111
 10
146.384799
 20
98.736240
 10
146.286477
 20
97.945150
 10
146.183664
 20
97.142756
 10
146.047726
 20
96.490661
 10
145.888760
 20
96.027063
 10
145.803797
 20
95.877886
 10
145.716862
 20
95.790158
 10
145.476232
 20
95.663558
 10
145.232346
 20
95.584797
 10
144.988366
 20
95.553362
 10
144.747452
 20
95.568741
 10
144.512764
 20
95.630423
 10
144.287464
 20
95.737894
 10
144.074712
 20
95.890644
 10
143.877668
 20
96.088159
 10
143.661504
 20
96.303961
 10
143.475628
 20
96.410143
 10
143.319523
 20
96.405916
 10
143.192670
 20
96.290489
 10
143.094550
 20
96.063073
 10
143.024647
 20
95.722878
 10
142.967415
 20
94.700995
 10
142.987945
 20
94.252054
 10
143.050049
 20
93.820534
 10
143.150972
 20
93.409071
 10
143.287963
 20
93.020303
 10
143.458265
 20
92.656867
 10
143.659126
 20
92.321402
 10
143.887792
 20
92.016544
 10
144.141508
 20
91.744931
 10
144.417521
 20
91.509200
 10
144.713077
 20
91.311990
 10
145.025422
 20
91.155937
 10
145.351802
 20
91.043679
 10
145.689463
 20
90.977854
 10
146.035651
 20
90.961099
 10
146.387613
 20
90.996051
 10
146.742594
 20
91.085349
 10
147.194788
 20
91.264752
 10
147.557218
 20
91.473661
 10
147.828835
 20
91.709925
 10
148.008589
 20
91.971397
 10
148.095432
 20
92.255928
 10
148.088315
 20
92.561368
 10
147.986187
 20
92.885568
 10
147.788000
 20
93.226381
 10
147.002010
 20
94.339609
 10
146.939432
 20
94.458556
 10
146.913927
 20
94.581380
 10
146.964858
 20
94.832283
 10
147.136243
 20
95.079568
 10
147.409520
 20
95.310484
 10
147.766129
 20
95.512281
 10
148.187510
 20
95.672208
 10
148.655101
 20
95.777515
 10
149.150342
 20
95.815451
 10
149.741579
 20
95.774410
 10
149.993387
 20
95.716296
 10
150.229147
 20
95.627067
 10
150.691997
 20
95.337094
 10
151.209081
 20
94.868163
 10
151.508393
 20
94.546005
 10
151.750136
 20
94.231098
 10
151.937721
 20
93.913101
 10
152.074555
 20
93.581675
 10
152.164048
 20
93.226478
 10
152.209607
 20
92.837170
 10
152.214641
 20
92.403409
 10
152.182559
 20
91.914855
 10
152.213401
 20
91.801097
 10
152.332862
 20
91.826096
 10
152.528256
 20
91.982541
 10
152.786896
 20
92.263123
 10
153.061555
 20
92.569238
 10
153.305053
 20
92.791931
 10
153.524482
 20
92.931805
 10
153.726933
 20
92.989467
 10
153.919498
 20
92.965521
 10
154.109268
 20
92.860573
 10
154.303334
 20
92.675228
 10
154.508788
 20
92.410091
 10
154.720553
 20
92.035451
 10
154.850935
 20
91.640012
 10
154.904078
 20
91.229289
 10
154.884125
 20
90.808797
 10
154.795218
 20
90.384051
 10
154.641499
 20
89.960565
 10
154.427113
 20
89.543856
 10
154.156201
 20
89.139437
 10
153.832906
 20
88.752824
 10
153.461371
 20
88.389532
 10
153.045739
 20
88.055076
 10
152.590152
 20
87.754971
 10
152.098754
 20
87.494731
 10
151.575686
 20
87.279873
 10
151.025092
 20
87.115910
 10
150.451115
 20
87.008357
 10
149.490968
 20
86.849502
 10
149.198888
 20
86.776673
 10
149.091615
 20
86.720822
 10
149.193919
 20
86.477209
 10
149.439882
 20
86.042034
 10
149.598719
 20
85.725414
 10
149.624491
 20
85.596241
 10
149.611616
 20
85.476146
 10
149.461277
 20
85.232154
 10
149.130403
 20
84.931360
 10
148.880735
 20
84.757575
 10
148.604128
 20
84.621253
 10
148.303623
 20
84.521672
 10
147.982257
 20
84.458113
 10
147.643068
 20
84.429854
 10
147.289095
 20
84.436174
 10
146.548948
 20
84.549668
 10
145.786122
 20
84.792826
 10
145.024924
 20
85.159881
 10
144.289660
 20
85.645065
 10
143.604635
 20
86.242610
 10
143.121893
 20
86.694883
 10
142.742286
 20
86.989491
 10
142.493914
 20
87.107950
 10
142.427723
 20
87.095349
 10
142.404879
 20
87.031778
 10
142.388372
 20
86.868396
 10
142.340489
 20
86.755171
 10
142.263683
 20
86.690031
 10
142.160411
 20
86.670899
 10
141.884287
 20
86.762365
 10
141.531757
 20
87.012973
 10
141.122460
 20
87.406126
 10
140.676038
 20
87.925228
 10
140.212131
 20
88.553682
 10
139.750378
 20
89.274892
 10
139.462181
 20
89.794315
 10
139.207974
 20
90.326925
 10
138.987316
 20
90.871377
 10
138.799762
 20
91.426324
 10
138.522193
 20
92.562325
 10
138.371718
 20
93.724165
 10
138.344787
 20
94.901079
 10
138.437852
 20
96.082306
 10
138.647363
 20
97.257081
 10
138.969772
 20
98.414641
 10
139.401529
 20
99.544223
 10
139.939085
 20
100.635063
 10
140.578890
 20
101.676398
 10
141.317396
 20
102.657464
 10
142.151054
 20
103.567499
 10
143.076315
 20
104.395737
 10
144.089629
 20
105.131418
 10
145.187446
 20
105.763776
 10
146.123997
 20
106.194761
 10
146.555596
 20
106.332303
 10
147.029363
 20
106.427931
 10
147.595260
 20
106.489185
 10
148.303253
 20
106.523603
 10
150.345378
 20
106.542090
 10
152.506248
 20
106.514236
 10
153.276741
 20
106.462033
 10
153.919268
 20
106.368860
 10
154.492825
 20
106.223125
 10
155.056409
 20
106.013239
 10
155.669015
 20
105.727611
 10
156.389642
 20
105.354651
 10
156.434564
 20
105.356664
 10
156.488224
 20
105.402183
 10
156.613699
 20
105.607273
 10
156.749948
 20
105.936986
 10
156.880853
 20
106.358387
 10
157.037312
 20
106.838268
 10
157.243141
 20
107.327207
 10
157.471594
 20
107.767950
 10
157.695926
 20
108.103245
 10
158.213159
 20
108.742000
 10
159.851548
 20
106.980190
 10
161.078159
 20
105.616185
 10
161.726527
 20
104.810800
 10
161.800161
 20
104.706823
 10
161.880760
 20
104.644623
 10
161.973923
 20
104.626611
 10
162.085245
 20
104.655201
 10
162.384750
 20
104.861829
 10
162.824046
 20
105.283802
 10
163.525285
 20
105.922468
 10
164.246946
 20
106.431684
 10
164.964418
 20
106.796504
 10
165.313892
 20
106.920094
 10
165.653090
 20
107.001980
 10
165.936435
 20
107.010318
 10
166.027704
 20
106.956803
 10
166.090347
 20
106.851295
 10
166.144679
 20
106.443682
 10
166.129284
 20
105.706248
 10
166.141110
 20
104.962475
 10
166.256378
 20
104.252363
 10
166.492647
 20
103.503005
 10
166.867478
 20
102.641494
 10
167.485236
 20
101.245171
 10
167.849029
 20
100.235526
 10
167.972524
 20
99.823920
 10
168.046360
 20
99.708431
 10
168.146356
 20
99.647848
 10
168.286090
 20
99.638194
 10
168.479135
 20
99.675491
 10
169.079470
 20
99.875028
 10
169.547061
 20
100.016746
 10
170.053604
 20
100.126262
 10
171.132253
 20
100.255428
 10
172.212830
 20
100.276002
 10
173.192748
 20
100.201459
 10
173.969421
 20
100.045273
 10
174.249482
 20
99.940774
 10
174.440262
 20
99.820918
 10
174.528937
 20
99.687389
 10
174.502685
 20
99.541871
 10
174.348681
 20
99.386049
 10
174.054102
 20
99.221606
 10
173.561706
 20
98.946218
 10
173.131194
 20
98.587887
 10
172.754042
 20
98.129125
 10
172.421725
 20
97.552447
 10
172.125717
 20
96.840367
 10
171.857493
 20
95.975400
 10
171.608529
 20
94.940059
 10
171.370298
 20
93.716858
 10
170.835083
 20
91.044667
 10
170.553917
 20
89.912581
 10
170.252448
 20
88.881031
 10
169.922227
 20
87.923413
 10
169.554806
 20
87.013123
 10
169.141737
 20
86.123560
 10
168.674571
 20
85.228118
 10
167.682430
 20
83.417127
 10
168.732331
 20
84.392276
 10
169.256525
 20
84.925460
 10
169.794259
 20
85.556947
 10
170.328450
 20
86.260520
 10
170.842019
 20
87.009964
 10
171.317883
 20
87.779063
 10
171.738961
 20
88.541602
 10
172.088172
 20
89.271363
 10
172.348433
 20
89.942132
 10
172.586264
 20
90.555188
 10
172.861587
 20
91.086082
 10
173.168966
 20
91.534847
 10
173.502970
 20
91.901515
 10
173.858163
 20
92.186119
 10
174.229113
 20
92.388693
 10
174.610384
 20
92.509270
 10
174.996544
 20
92.547883
 10
175.382157
 20
92.504565
 10
175.761792
 20
92.379349
 10
176.130012
 20
92.172269
 10
176.481385
 20
91.883357
 10
176.810477
 20
91.512647
 10
177.111853
 20
91.060171
 10
177.380081
 20
90.525963
 10
177.609725
 20
89.910056
 10
177.727660
 20
89.688112
 10
177.929732
 20
89.568304
 10
178.251614
 20
89.540589
 10
178.728978
 20
89.594923
 10
179.244102
 20
89.644033
 10
179.649364
 20
89.582879
 10
180.015995
 20
89.387817
 10
180.415220
 20
89.035204
 10
180.706484
 20
88.687707
 10
180.933039
 20
88.303168
 10
181.079936
 20
87.912618
 10
181.132224
 20
87.547086
 10
181.132224
 20
86.775973
 10
181.759106
 20
87.402854
 10
182.075734
 20
87.788819
 10
182.184499
 20
87.999193
 10
182.264895
 20
88.239106
 10
182.354579
 20
88.861388
 10
182.372779
 20
89.763337
 10
182.348656
 20
90.381222
 10
182.282894
 20
90.963425
 10
182.170773
 20
91.523643
 10
182.007574
 20
92.075570
 10
181.788578
 20
92.632905
 10
181.509067
 20
93.209343
 10
181.164322
 20
93.818580
 10
180.749623
 20
94.474313
 10
180.478179
 20
94.913013
 10
180.421982
 20
95.062338
 10
180.424192
 20
95.183302
 10
180.488851
 20
95.289650
 10
180.620003
 20
95.395124
 10
181.097955
 20
95.658423
 10
181.503096
 20
95.827575
 10
181.983443
 20
95.966096
 10
182.478902
 20
96.059690
 10
182.929380
 20
96.094065
 10
183.402774
 20
96.117857
 10
183.707511
 20
96.198143
 10
183.805113
 20
96.263646
 10
183.870727
 20
96.348283
 10
183.919557
 20
96.581639
 10
183.985753
 20
96.869885
 10
184.165199
 20
97.294282
 10
184.430486
 20
97.797692
 10
184.754206
 20
98.322977
 10
185.077916
 20
98.871692
 10
185.343185
 20
99.438895
 10
185.522627
 20
99.957706
 10
185.588855
 20
100.361244
 10
185.611517
 20
100.810512
 10
185.678822
 20
101.194798
 10
185.792036
 20
101.515668
 10
185.952424
 20
101.774688
 10
186.161252
 20
101.973423
 10
186.419785
 20
102.113439
 10
186.729288
 20
102.196300
 10
187.091026
 20
102.223573
 10
187.567676
 20
102.176884
 10
188.051083
 20
102.041011
 10
188.532476
 20
101.822247
 10
189.003080
 20
101.526883
 10
189.454125
 20
101.161211
 10
189.876838
 20
100.731523
 10
190.262446
 20
100.244110
 10
190.602177
 20
99.705265
 10
190.955355
 20
98.984573
 10
191.076804
 20
98.636898
 10
191.167029
 20
98.269706
 10
191.270412
 20
97.392877
 10
191.298712
 20
96.186298
 10
191.301644
 20
93.910312
 10
192.587389
 20
94.061387
 10
193.137898
 20
94.107631
 10
193.557590
 20
94.096347
 10
193.850884
 20
94.020138
 10
194.022197
 20
93.871606
 10
194.075947
 20
93.643357
 10
194.016553
 20
93.327993
 10
193.848433
 20
92.918117
 10
193.576005
 20
92.406333
 10
193.274088
 20
91.826639
 10
192.954085
 20
91.126484
 10
192.654173
 20
90.394088
 10
192.412530
 20
89.717673
 10
192.150828
 20
89.053480
 10
191.796304
 20
88.354365
 10
191.395476
 20
87.703467
 10
190.994861
 20
87.183922
 10
190.061515
 20
86.150824
 10
190.751233
 20
85.781698
 10
190.984394
 20
85.630640
 10
191.176146
 20
85.456306
 10
191.321411
 20
85.272076
 10
191.415112
 20
85.091335
 10
191.452171
 20
84.927464
 10
191.427510
 20
84.793844
 10
191.336051
 20
84.703859
 10
191.172718
 20
84.670890
 10
190.978383
 20
84.538087
 10
190.647541
 20
84.176495
 10
190.226495
 20
83.641339
 10
189.761550
 20
82.987844
 10
189.291521
 20
82.345452
 10
188.782406
 20
81.739795
 10
188.246704
 20
81.181460
 10
187.696918
 20
80.681031
 10
187.145549
 20
80.249093
 10
186.605098
 20
79.896232
 10
186.088067
 20
79.633032
 10
185.606957
 20
79.470078
 10
184.922479
 20
79.268048
 10
184.762436
 20
79.161883
 10
184.727111
 20
79.035939
 10
184.818945
 20
78.877954
 10
185.040376
 20
78.675667
 10
185.881795
 20
78.089146
 10
186.632254
 20
77.542523
 10
187.606843
 20
76.758040
 10
188.679486
 20
75.840514
 10
189.724108
 20
74.894761
 10
190.908841
 20
73.840716
 10
192.021032
 20
72.966128
 10
193.080887
 20
72.256254
 10
194.108616
 20
71.696350
 10
195.029742
 20
71.267671
 10
195.735541
 20
70.972558
 10
196.228686
 20
70.811633
 10
196.511850
 20
70.785514
 10
196.575524
 20
70.823200
 10
196.587706
 20
70.894821
 10
196.458929
 20
71.140173
 10
196.128190
 20
71.522189
 10
195.598165
 20
72.041489
 10
194.974416
 20
72.704213
 10
194.353938
 20
73.510919
 10
193.754543
 20
74.427666
 10
193.194045
 20
75.420516
 10
192.690255
 20
76.455529
 10
192.260987
 20
77.498765
 10
191.924052
 20
78.516285
 10
191.697264
 20
79.474150
 10
191.530433
 20
80.666104
 10
191.511791
 20
81.060809
 10
191.543077
 20
81.243906
 10
191.647895
 20
81.263222
 10
191.829461
 20
81.211988
 10
192.320770
 20
80.938020
 10
192.752221
 20
80.691063
 10
193.211214
 20
80.541010
 10
193.707538
 20
80.489572
 10
194.250980
 20
80.538459
 10
194.851328
 20
80.689381
 10
195.518369
 20
80.944046
 10
196.261893
 20
81.304166
 10
197.091687
 20
81.771450
 10
198.304194
 20
82.536045
 10
199.032205
 20
83.095668
 10
199.210908
 20
83.295211
 10
199.264148
 20
83.439428
 10
199.190477
 20
83.526956
 10
198.988450
 20
83.556434
 10
198.833019
 20
83.670673
 10
198.597352
 20
83.981718
 10
198.313447
 20
84.442065
 10
198.013301
 20
85.004208
 10
197.751147
 20
85.613130
 10
197.545309
 20
86.267821
 10
197.396844
 20
86.955792
 10
197.306807
 20
87.664553
 10
197.276256
 20
88.381613
 10
197.306246
 20
89.094483
 10
197.397834
 20
89.790673
 10
197.552076
 20
90.457692
 10
197.792322
 20
91.024065
 10
198.254082
 20
91.895403
 10
198.870933
 20
92.952922
 10
199.576450
 20
94.077834
 10
200.771216
 20
95.962281
 10
201.523848
 20
97.284061
 10
201.759799
 20
97.783736
 10
201.915739
 20
98.202487
 10
202.001842
 20
98.560228
 10
202.028282
 20
98.876873
 10
202.050430
 20
99.170330
 10
202.121170
 20
99.377011
 10
202.246951
 20
99.496572
 10
202.434219
 20
99.528668
 10
202.689422
 20
99.472957
 10
203.019007
 20
99.329093
 10
203.927115
 20
98.775533
 10
204.658240
 20
98.342315
 10
205.616760
 20
97.857359
 10
206.678275
 20
97.379932
 10
207.718384
 20
96.969302
 10
209.734173
 20
96.191800
 10
211.217448
 20
95.539437
 10
212.011730
 20
95.085339
 10
212.748224
 20
94.569120
 10
213.412100
 20
94.007602
 10
213.988527
 20
93.417607
 10
214.462675
 20
92.815957
 10
214.819713
 20
92.219473
 10
215.044812
 20
91.644978
 10
215.103249
 20
91.371232
 10
215.123140
 20
91.109292
 10
215.143234
 20
90.845296
 10
215.202535
 20
90.638226
 10
215.299574
 20
90.488687
 10
215.432881
 20
90.397284
 10
215.600984
 20
90.364622
 10
215.802415
 20
90.391307
 10
216.035703
 20
90.477943
 10
216.299379
 20
90.625136
 10
216.732155
 20
90.832073
 10
217.441276
 20
91.096032
 10
218.328437
 20
91.383081
 10
219.295333
 20
91.659288
 10
220.544579
 20
92.025818
 10
221.031661
 20
92.205311
 10
221.455534
 20
92.396609
 10
221.837561
 20
92.610452
 10
222.199106
 20
92.857581
 10
222.946206
 20
93.494654
 10
223.935671
 20
94.346632
 10
224.297870
 20
94.605807
 10
224.503577
 20
94.700995
 10
224.575787
 20
94.662113
 10
224.678030
 20
94.550467
 10
224.957358
 20
94.138879
 10
225.708536
 20
92.772490
 10
226.512904
 20
91.081763
 10
226.858721
 20
90.264754
 10
227.126258
 20
89.546636
 10
227.272392
 20
88.927046
 10
227.393130
 20
88.063887
 10
227.475935
 20
87.071433
 10
227.508272
 20
86.063960
 10
227.483484
 20
84.745519
 10
227.438347
 20
84.230960
 10
227.361953
 20
83.768058
 10
227.247229
 20
83.323225
 10
227.087103
 20
82.862872
 10
226.602356
 20
81.761255
 10
226.187665
 20
80.935451
 10
225.745663
 20
80.159125
 10
225.273408
 20
79.428512
 10
224.767958
 20
78.739851
 10
224.226370
 20
78.089376
 10
223.645701
 20
77.473326
 10
223.023010
 20
76.887936
 10
222.355353
 20
76.329443
 10
221.026297
 20
75.278885
 10
222.602193
 20
74.627782
 10
223.148793
 20
74.381505
 10
223.672393
 20
74.104900
 10
224.172523
 20
73.799729
 10
224.648717
 20
73.467757
 10
225.527421
 20
72.730462
 10
226.304762
 20
71.907125
 10
226.976996
 20
71.011854
 10
227.540378
 20
70.058760
 10
227.991166
 20
69.061952
 10
228.325615
 20
68.035540
 10
228.539981
 20
66.993632
 10
228.630521
 20
65.950339
 10
228.593491
 20
64.919769
 10
228.425146
 20
63.916033
 10
228.290560
 20
63.428636
 10
228.121743
 20
62.953239
 10
227.918224
 20
62.491605
 10
227.679538
 20
62.045498
 10
227.405214
 20
61.616681
 10
227.094787
 20
61.206918
 10
226.747787
 20
60.817972
 10
226.363746
 20
60.451609
 10
225.715669
 20
59.938492
 10
225.052580
 20
59.525195
 10
224.378325
 20
59.212615
 10
223.696744
 20
59.001652
 10
223.011681
 20
58.893203
 10
222.326979
 20
58.888166
 10
221.646479
 20
58.987440
 10
220.974025
 20
59.191922
 10
220.392219
 20
59.376257
 10
219.734914
 20
59.520591
 10
219.082753
 20
59.610498
 10
218.516377
 20
59.631555
 10
217.970002
 20
59.645141
 10
217.455126
 20
59.724344
 10
216.978575
 20
59.865356
 10
216.547179
 20
60.064370
 10
216.167765
 20
60.317575
 10
215.847161
 20
60.621165
 10
215.592196
 20
60.971331
 10
215.409698
 20
61.364264
 10
215.228769
 20
61.948822
 10
215.139939
 20
62.421719
 10
215.150793
 20
62.793347
 10
215.268919
 20
63.074099
 10
215.501902
 20
63.274370
 10
215.857328
 20
63.404553
 10
216.342785
 20
63.475041
 10
216.965858
 20
63.496227
 10
217.521633
 20
63.528295
 10
218.036392
 20
63.620457
 10
218.507017
 20
63.766643
 10
218.930389
 20
63.960787
 10
219.303390
 20
64.196823
 10
219.622900
 20
64.468681
 10
219.885802
 20
64.770296
 10
220.088975
 20
65.095600
 10
220.229301
 20
65.438526
 10
220.303661
 20
65.793006
 10
220.308937
 20
66.152974
 10
220.242010
 20
66.512362
 10
220.099760
 20
66.865102
 10
219.879069
 20
67.205128
 10
219.576818
 20
67.526373
 10
219.189889
 20
67.822768
 10
218.841238
 20
67.972517
 10
218.322768
 20
68.098774
 10
217.692651
 20
68.197374
 10
217.009059
 20
68.264152
 10
216.330163
 20
68.294943
 10
215.714134
 20
68.285579
 10
215.219145
 20
68.231896
 10
214.903366
 20
68.129728
 10
213.786170
 20
67.752063
 10
211.307928
 20
67.000327
 10
205.232335
 20
65.255541
 10
203.834134
 20
64.930989
 10
202.290834
 20
64.676931
 10
200.653343
 20
64.495444
 10
198.972572
 20
64.388608
 10
197.299427
 20
64.358501
 10
195.684819
 20
64.407201
 10
194.179656
 20
64.536788
 10
192.834848
 20
64.749340
 10
191.412121
 20
65.084128
 10
189.911701
 20
65.517359
 10
188.379776
 20
66.030517
 10
186.862532
 20
66.605087
 10
185.406156
 20
67.222554
 10
184.056837
 20
67.864403
 10
182.860762
 20
68.512119
 10
181.864117
 20
69.147186
 10
181.406981
 20
69.455344
 10
181.134201
 20
69.563586
 10
181.038311
 20
69.544052
 10
180.954152
 20
69.476114
 10
180.775209
 20
69.197131
 10
180.245128
 20
68.479056
 10
179.375697
 20
67.476355
 10
178.623419
 20
66.602861
 10
178.419810
 20
66.319870
 10
178.375002
 20
66.195425
 10
179.669501
 20
65.361330
 10
180.174074
 20
65.002057
 10
180.537875
 20
64.654942
 10
180.761246
 20
64.310846
 10
180.844529
 20
63.960630
 10
180.788068
 20
63.595157
 10
180.592203
 20
63.205286
 10
180.257279
 20
62.781879
 10
179.783637
 20
62.315797
 10
179.203868
 20
61.875628
 10
178.503223
 20
61.485295
 10
177.700947
 20
61.149898
 10
176.816286
 20
60.874537
 10
175.868486
 20
60.664312
 10
174.876795
 20
60.524324
 10
173.860458
 20
60.459672
 10
172.838721
 20
60.475456
 10
170.962813
 20
60.581785
 10
170.962813
 20
59.601134
 10
170.962813
 20
58.620482
 10
168.594595
 20
58.688832
 10
167.454597
 20
58.748297
 10
166.334529
 20
58.857612
 10
165.255726
 20
59.012113
 10
164.239527
 20
59.207137
 10
163.307268
 20
59.438018
 10
162.480287
 20
59.700095
 10
161.779919
 20
59.988701
 10
161.227504
 20
60.299175
 10
160.236175
 20
60.971909
 10
160.230051
 20
59.238967
 10
160.198238
 20
58.470105
 10
160.105535
 20
57.757879
 10
159.947557
 20
57.092072
 10
159.719917
 20
56.462467
 10
159.418230
 20
55.858846
 10
159.038111
 20
55.270994
 10
158.575174
 20
54.688693
 10
158.025033
 20
54.101726
 10
157.388106
 20
53.518597
 10
156.717992
 20
53.002382
 10
156.021127
 20
52.556062
 10
155.303948
 20
52.182621
 10
154.572891
 20
51.885039
 10
153.834392
 20
51.666300
 10
153.094889
 20
51.529385
 10
152.360816
 20
51.477278
 10
151.617132
 20
51.500958
 10
150.890840
 20
51.587663
 10
150.186160
 20
51.733976
 10
149.507313
 20
51.936480
 10
148.858519
 20
52.191760
 10
148.244000
 20
52.496400
 10
147.667975
 20
52.846983
 10
147.134665
 20
53.240094
 10
146.648291
 20
53.672315
 10
146.213073
 20
54.140232
 10
145.833233
 20
54.640428
 10
145.512990
 20
55.169486
 10
145.256565
 20
55.723992
 10
145.068179
 20
56.300527
 10
144.952052
 20
56.895677
 10
144.912405
 20
57.506026
 10
144.938715
 20
58.018656
 10
145.014710
 20
58.502423
 10
145.135987
 20
58.954058
 10
145.298143
 20
59.370294
 10
145.496777
 20
59.747862
 10
145.727486
 20
60.083495
 10
145.985867
 20
60.373923
 10
146.267518
 20
60.615879
 10
146.568036
 20
60.806094
 10
146.883018
 20
60.941301
 10
147.208063
 20
61.018231
 10
147.538768
 20
61.033616
 10
147.870730
 20
60.984187
 10
148.199546
 20
60.866678
 10
148.520815
 20
60.677818
 10
148.830133
 20
60.414341
 10
149.076735
 20
60.115642
 10
149.239081
 20
59.808406
 10
149.319361
 20
59.507540
 10
149.319765
 20
59.227950
 10
149.242487
 20
58.984543
 10
149.089715
 20
58.792224
 10
148.863643
 20
58.665902
 10
148.566460
 20
58.620482
 10
148.261320
 20
58.585047
 10
147.993306
 20
58.486056
 10
147.769870
 20
58.334478
 10
147.598465
 20
58.141284
 10
147.486544
 20
57.917444
 10
147.441559
 20
57.673926
 10
147.470963
 20
57.421702
 10
147.582209
 20
57.171741
 10
147.853462
 20
56.799630
 10
148.167375
 20
56.474504
 10
148.522282
 20
56.197186
 10
148.916516
 20
55.968499
 10
149.348410
 20
55.789266
 10
149.816297
 20
55.660310
 10
150.318511
 20
55.582454
 10
150.853384
 20
55.556520
 10
152.034400
 20
55.622962
 10
152.520053
 20
55.694541
 10
152.848516
 20
55.781783
 10
153.123954
 20
55.915199
 10
153.179621
 20
55.974984
 10
153.176823
 20
56.037694
 10
152.984535
 20
56.194518
 10
152.524502
 20
56.430924
 10
152.195888
 20
56.632861
 10
151.889139
 20
56.900119
 10
151.616095
 20
57.212474
 10
151.388595
 20
57.549707
 10
151.218478
 20
57.891595
 10
151.117585
 20
58.217916
 10
151.097755
 20
58.508450
 10
151.170827
 20
58.742973
 10
151.368186
 20
58.857684
 10
151.770573
 20
58.951621
 10
152.319411
 20
59.015092
 10
152.956119
 20
59.038403
 10
153.743838
 20
59.065903
 10
154.336117
 20
59.156988
 10
154.784791
 20
59.324539
 10
155.141698
 20
59.581433
 10
155.326689
 20
59.784240
 10
155.489284
 20
60.024257
 10
155.746660
 20
60.598266
 10
155.912578
 20
61.268145
 10
155.985791
 20
61.998582
 10
155.965052
 20
62.754264
 10
155.849115
 20
63.499877
 10
155.636732
 20
64.200108
 10
155.326657
 20
64.819643
 10
155.116268
 20
65.118288
 10
154.929861
 20
65.313657
 10
154.768689
 20
65.406372
 10
154.634008
 20
65.397057
 10
154.527072
 20
65.286336
 10
154.449136
 20
65.074833
 10
154.401454
 20
64.763169
 10
154.385281
 20
64.351969
 10
154.334974
 20
63.795647
 10
154.195934
 20
63.309743
 10
153.985984
 20
62.909558
 10
153.722945
 20
62.610397
 10
153.424639
 20
62.427562
 10
153.267830
 20
62.384549
 10
153.108888
 20
62.376355
 10
152.950040
 20
62.404895
 10
152.793514
 20
62.472080
 10
152.641538
 20
62.579823
 10
152.496339
 20
62.730038
 10
152.361718
 20
62.953202
 10
152.206219
 20
63.303374
 10
151.909598
 20
64.192762
 10
151.775605
 20
64.580682
 10
151.579781
 20
65.009220
 10
151.077893
 20
65.874303
 10
150.554445
 20
66.560324
 10
150.331670
 20
66.765034
 10
150.159946
 20
66.839595
 10
150.121491
 20
66.767894
 10
150.105936
 20
66.572668
 10
150.145435
 20
65.930907
 10
150.144017
 20
65.521932
 10
150.058428
 20
65.099829
 10
149.904722
 20
64.689269
 10
149.698950
 20
64.314922
 10
149.457168
 20
64.001460
 10
149.195427
 20
63.773553
 10
148.929782
 20
63.655874
 10
148.800512
 20
63.646078
 10
148.676286
 20
63.673092
 10
148.478858
 20
63.806704
 10
148.233177
 20
64.058496
 10
147.970548
 20
64.392400
 10
147.722274
 20
64.772346
 10
147.361065
 20
65.316500
 10
146.970199
 20
65.767791
 10
146.541052
 20
66.130282
 10
146.065002
 20
66.408036
 10
145.533429
 20
66.605116
 10
144.937708
 20
66.725585
 10
144.269219
 20
66.773506
 10
143.519338
 20
66.752943
 10
142.514676
 20
66.650511
 10
141.565208
 20
66.482200
 10
140.670526
 20
66.247846
 10
139.830226
 20
65.947282
 10
139.043901
 20
65.580340
 10
138.311147
 20
65.146855
 10
137.631558
 20
64.646660
 10
137.004728
 20
64.079589
 10
135.644473
 20
62.719384
 10
136.578750
 20
61.556804
 10
137.072148
 20
60.884413
 10
137.240799
 20
60.582375
 10
137.367357
 20
60.273725
 10
137.459277
 20
59.936421
 10
137.524012
 20
59.548426
 10
137.601745
 20
58.532202
 10
137.620960
 20
57.548252
 10
137.552238
 20
56.815319
 10
137.370938
 20
56.200591
 10
137.052417
 20
55.571255
 10
136.733238
 20
55.102839
 10
136.335853
 20
54.639815
 10
135.910903
 20
54.235592
 10
135.509032
 20
53.943577
 10
134.603690
 20
53.414829
 10
134.603690
 20
54.533554
 10
134.556476
 20
54.993949
 10
134.425531
 20
55.473855
 10
134.226905
 20
55.948338
 10
133.976644
 20
56.392465
 10
133.690798
 20
56.781300
 10
133.385413
 20
57.089910
 10
133.076539
 20
57.293361
 10
132.780223
 20
57.366719
 10
132.679600
 20
57.325491
 10
132.539112
 20
57.207332
 10
132.164171
 20
56.773358
 10
131.706666
 20
56.131077
 10
131.217860
 20
55.346768
 10
130.281316
 20
53.645411
 10
129.488709
 20
51.977000
 10
128.830252
 20
50.305669
 10
128.296157
 20
48.595550
 10
127.876640
 20
46.810778
 10
127.561914
 20
44.915487
 10
127.342192
 20
42.873809
 10
127.207687
 20
40.649879
 10
127.053878
 20
36.888590
 10
127.612490
 20
37.896575
 10
127.972432
 20
38.447018
 10
128.452567
 20
39.034324
 10
129.023857
 20
39.633218
 10
129.657263
 20
40.218423
 10
130.323747
 20
40.764665
 10
130.994270
 20
41.246667
 10
131.639794
 20
41.639154
 10
132.231280
 20
41.916850
 10
132.727151
 20
42.072148
 10
133.244947
 20
42.173975
 10
133.763030
 20
42.223536
 10
134.259760
 20
42.222035
 10
134.713501
 20
42.170674
 10
135.102611
 20
42.070657
 10
135.405453
 20
41.923188
 10
135.600388
 20
41.729471
 10
135.618832
 20
41.652476
 10
135.601642
 20
41.545158
 10
135.471699
 20
41.259095
 10
135.233247
 20
40.910373
 10
134.908973
 20
40.538085
 10
134.524753
 20
40.101969
 10
134.212210
 20
39.649152
 10
133.965041
 20
39.156260
 10
133.776945
 20
38.599920
 10
133.641618
 20
37.956758
 10
133.552759
 20
37.203400
 10
133.504065
 20
36.316472
 10
133.489234
 20
35.272600
 10
133.489234
 20
32.817091
 10
134.108451
 20
33.250809
 10
134.430501
 20
33.414011
 10
134.852669
 20
33.539949
 10
135.335017
 20
33.626676
 10
135.837611
 20
33.672245
 10
136.320511
 20
33.674710
 10
136.743783
 20
33.632125
 10
137.067489
 20
33.542541
 10
137.179525
 20
33.479518
 10
137.251693
 20
33.404015
 10
137.277292
 20
33.234789
 10
137.218833
 20
32.981392
 10
137.087975
 20
32.678105
 10
136.896376
 20
32.359212
 10
136.541686
 20
31.795642
 10
136.236762
 20
31.194740
 10
135.976826
 20
30.538134
 10
135.757103
 20
29.807449
 10
135.572813
 20
28.984312
 10
135.419180
 20
28.050350
 10
135.291426
 20
26.987188
 10
135.184774
 20
25.776454
 10
134.998578
 20
23.919492
 10
134.876234
 20
23.105339
 10
134.730643
 20
22.360949
 10
134.558988
 20
21.681481
 10
134.358458
 20
21.062095
 10
134.126236
 20
20.497949
 10
133.859510
 20
19.984202
 10
133.555466
 20
19.516013
 10
133.211289
 20
19.088540
 10
132.824166
 20
18.696943
 10
132.391282
 20
18.336381
 10
131.909823
 20
18.002012
 10
131.376976
 20
17.688996
 10
130.789927
 20
17.392491
 10
130.145860
 20
17.107656
 10
128.873182
 20
16.596034
 10
127.772052
 20
16.201712
 10
126.794226
 20
15.917438
 10
125.891459
 20
15.735957
 10
125.015503
 20
15.650017
 10
124.118115
 20
15.652362
 10
123.151047
 20
15.735741
 10
122.066055
 20
15.892899
  0
LWPOLYLINE
  8
ENGRAVE_RED
 62
1
 90
492
 70
1
 10
122.177390
 20
17.197680
 10
121.645317
 20
17.622256
 10
121.047680
 20
18.162340
 10
119.825150
 20
19.404613
 10
119.284978
 20
20.014595
 10
118.848681
 20
20.555671
 10
118.558619
 20
20.981736
 10
118.457153
 20
21.246687
 10
118.475015
 20
21.290690
 10
118.521125
 20
21.293267
 10
118.685632
 20
21.184919
 10
118.925756
 20
20.943201
 10
119.216579
 20
20.589672
 10
119.887910
 20
19.763107
 10
120.567149
 20
19.026008
 10
121.252451
 20
18.378769
 10
121.941967
 20
17.821783
 10
122.633850
 20
17.355443
 10
123.326253
 20
16.980143
 10
124.017330
 20
16.696276
 10
124.705232
 20
16.504235
 10
125.388112
 20
16.404414
 10
126.064123
 20
16.397205
 10
126.731419
 20
16.483003
 10
127.388151
 20
16.662200
 10
128.032473
 20
16.935189
 10
128.662537
 20
17.302365
 10
129.276496
 20
17.764120
 10
129.872502
 20
18.320848
 10
130.509143
 20
19.073796
 10
131.026056
 20
19.888901
 10
131.419680
 20
20.750285
 10
131.686457
 20
21.642069
 10
131.822825
 20
22.548375
 10
131.825226
 20
23.453325
 10
131.775075
 20
23.900329
 10
131.690098
 20
24.341040
 10
131.569848
 20
24.773473
 10
131.413882
 20
25.195643
 10
131.104400
 20
25.852043
 10
130.749355
 20
26.455103
 10
130.353400
 20
27.002990
 10
129.921187
 20
27.493873
 10
129.457368
 20
27.925922
 10
128.966596
 20
28.297304
 10
128.453521
 20
28.606188
 10
127.922798
 20
28.850743
 10
127.379078
 20
29.029138
 10
126.827014
 20
29.139541
 10
126.271257
 20
29.180121
 10
125.716460
 20
29.149047
 10
125.167274
 20
29.044487
 10
124.628354
 20
28.864610
 10
124.104350
 20
28.607584
 10
123.599915
 20
28.271579
 10
123.143024
 20
27.888091
 10
122.755534
 20
27.484957
 10
122.434581
 20
27.056121
 10
122.177299
 20
26.595529
 10
121.980823
 20
26.097128
 10
121.842288
 20
25.554862
 10
121.758831
 20
24.962676
 10
121.727585
 20
24.314517
 10
121.775775
 20
23.572553
 10
121.924179
 20
22.841358
 10
122.158633
 20
22.145938
 10
122.464970
 20
21.511301
 10
122.829028
 20
20.962452
 10
123.236639
 20
20.524398
 10
123.673640
 20
20.222146
 10
123.898735
 20
20.129760
 10
124.125865
 20
20.080702
 10
124.441168
 20
20.062949
 10
124.757394
 20
20.080870
 10
125.380880
 20
20.214632
 10
125.972848
 20
20.463790
 10
126.509825
 20
20.810148
 10
126.968335
 20
21.235508
 10
127.324906
 20
21.721672
 10
127.457628
 20
21.981869
 10
127.556063
 20
22.250443
 10
127.617275
 20
22.525119
 10
127.638332
 20
22.803623
 10
127.597470
 20
23.141088
 10
127.483390
 20
23.482480
 10
127.308849
 20
23.812720
 10
127.086602
 20
24.116729
 10
126.829406
 20
24.379428
 10
126.550019
 20
24.585739
 10
126.261196
 20
24.720583
 10
125.975694
 20
24.768882
 10
125.717270
 20
24.733657
 10
125.460900
 20
24.636597
 10
125.219481
 20
24.490621
 10
125.005913
 20
24.308648
 10
124.833094
 20
24.103600
 10
124.713922
 20
23.888395
 10
124.661297
 20
23.675953
 10
124.688117
 20
23.479195
 10
124.723737
 20
23.330873
 10
124.712364
 20
23.209410
 10
124.658047
 20
23.127340
 10
124.564833
 20
23.097198
 10
124.426236
 20
23.153580
 10
124.338730
 20
23.305626
 10
124.299678
 20
23.527687
 10
124.306441
 20
23.794113
 10
124.356385
 20
24.079256
 10
124.446870
 20
24.357466
 10
124.575261
 20
24.603093
 10
124.738921
 20
24.790489
 10
124.988277
 20
24.933552
 10
125.339029
 20
25.050708
 10
125.744601
 20
25.129868
 10
126.158415
 20
25.158941
 10
126.595197
 20
25.115810
 10
126.988614
 20
24.989879
 10
127.334219
 20
24.786345
 10
127.627563
 20
24.510404
 10
127.864198
 20
24.167254
 10
128.039676
 20
23.762089
 10
128.149547
 20
23.300106
 10
128.189363
 20
22.786502
 10
128.145936
 20
22.257104
 10
128.014038
 20
21.764760
 10
127.801332
 20
21.312196
 10
127.515483
 20
20.902140
 10
127.164156
 20
20.537318
 10
126.755013
 20
20.220456
 10
126.295720
 20
19.954280
 10
125.793940
 20
19.741517
 10
125.257337
 20
19.584893
 10
124.693576
 20
19.487135
 10
124.110320
 20
19.450968
 10
123.515233
 20
19.479120
 10
122.915980
 20
19.574317
 10
122.320225
 20
19.739285
 10
121.735632
 20
19.976750
 10
121.169864
 20
20.289439
 10
120.622438
 20
20.685340
 10
120.115530
 20
21.149146
 10
119.655388
 20
21.671101
 10
119.248258
 20
22.241446
 10
118.900388
 20
22.850422
 10
118.618024
 20
23.488272
 10
118.407415
 20
24.145238
 10
118.274806
 20
24.811562
 10
118.233381
 20
25.245296
 10
118.237732
 20
25.674850
 10
118.297113
 20
26.132876
 10
118.420779
 20
26.652026
 10
118.617985
 20
27.264951
 10
118.897985
 20
28.004303
 10
119.743389
 20
29.992894
 10
119.776089
 20
30.162608
 10
119.707763
 20
30.273524
 10
119.552524
 20
30.327230
 10
119.324486
 20
30.325312
 10
119.037763
 20
30.269357
 10
118.706466
 20
30.160952
 10
118.344710
 20
30.001683
 10
117.966607
 20
29.793137
 10
117.474113
 20
29.524572
 10
117.141820
 20
29.410853
 10
117.034883
 20
29.408588
 10
116.966957
 20
29.440867
 10
116.937694
 20
29.506300
 10
116.946750
 20
29.603500
 10
117.078426
 20
29.887639
 10
117.359213
 20
30.282170
 10
117.786339
 20
30.775981
 10
118.357029
 20
31.357958
 10
118.947346
 20
31.954467
 10
119.357518
 20
32.417315
 10
119.550406
 20
32.700556
 10
119.553763
 20
32.760465
 10
119.488872
 20
32.758242
 10
119.299556
 20
32.711519
 10
119.144523
 20
32.710472
 10
119.039771
 20
32.752573
 10
119.001298
 20
32.835294
 10
119.065732
 20
32.945636
 10
119.241171
 20
33.062941
 10
119.500822
 20
33.173193
 10
119.817889
 20
33.262380
 10
120.161120
 20
33.363547
 10
120.492013
 20
33.506418
 10
120.772891
 20
33.671998
 10
120.966081
 20
33.841290
 10
121.098455
 20
34.034976
 10
121.094577
 20
34.083146
 10
121.036487
 20
34.098817
 10
120.735169
 20
34.032509
 10
120.149489
 20
33.835747
 10
119.703668
 20
33.695982
 10
119.338579
 20
33.614900
 10
119.091897
 20
33.598504
 10
119.024733
 20
33.616439
 10
119.001298
 20
33.652797
 10
119.085656
 20
33.764329
 10
119.315345
 20
33.903783
 10
119.655285
 20
34.053359
 10
120.070395
 20
34.195258
 10
120.525468
 20
34.363787
 10
120.974217
 20
34.585870
 10
121.364945
 20
34.832632
 10
121.645954
 20
35.075202
 10
121.797199
 20
35.266515
 10
121.883104
 20
35.425689
 10
121.909548
 20
35.546741
 10
121.882409
 20
35.623687
 10
121.807565
 20
35.650544
 10
121.690895
 20
35.621330
 10
121.538276
 20
35.530061
 10
121.355586
 20
35.370754
 10
121.135654
 20
35.202779
 10
120.813208
 20
35.018877
 10
120.023313
 20
34.666128
 10
119.310982
 20
34.438170
 10
119.085491
 20
34.410259
 10
119.023193
 20
34.424692
 10
119.001298
 20
34.460670
 10
119.076104
 20
34.575621
 10
119.279785
 20
34.721255
 10
119.581232
 20
34.878897
 10
119.949337
 20
35.029869
 10
120.357283
 20
35.198875
 10
120.771803
 20
35.408702
 10
121.545398
 20
35.896426
 10
122.119794
 20
36.384248
 10
122.285316
 20
36.594199
 10
122.344666
 20
36.763377
 10
122.317963
 20
36.797115
 10
122.241432
 20
36.795854
 10
121.960349
 20
36.697807
 10
121.544347
 20
36.488183
 10
121.036355
 20
36.185929
 10
120.494195
 20
35.864034
 10
119.985160
 20
35.600934
 10
119.566388
 20
35.423743
 10
119.295018
 20
35.359577
 10
119.232579
 20
35.374255
 10
119.221784
 20
35.415092
 10
119.342492
 20
35.563890
 10
119.631887
 20
35.783271
 10
120.064712
 20
36.050531
 10
121.159320
 20
36.720609
 10
121.969461
 20
37.300929
 10
122.235838
 20
37.531762
 10
122.392678
 20
37.709354
 10
122.427173
 20
37.823438
 10
122.326515
 20
37.863748
 10
122.162044
 20
37.879420
 10
122.101741
 20
37.933402
 10
122.144432
 20
38.036141
 10
122.288943
 20
38.198085
 10
122.418760
 20
38.360313
 10
122.525068
 20
38.554872
 10
122.596898
 20
38.757312
 10
122.623280
 20
38.943186
 10
122.592819
 20
39.112292
 10
122.551474
 20
39.145949
 10
122.489812
 20
39.144931
 10
122.296818
 20
39.036643
 10
121.996398
 20
38.782974
 10
121.335398
 20
38.252392
 10
120.729721
 20
37.885174
 10
120.481333
 20
37.779476
 10
120.287221
 20
37.734598
 10
120.160868
 20
37.757201
 10
120.115754
 20
37.853944
 10
120.136173
 20
37.965932
 10
120.191769
 20
38.057639
 10
120.274052
 20
38.119604
 10
120.374531
 20
38.142362
 10
120.586921
 20
38.221957
 10
120.896001
 20
38.435213
 10
121.650108
 20
39.109538
 10
122.328614
 20
39.859000
 10
122.543192
 20
40.166176
 10
122.623280
 20
40.377258
 10
122.603103
 20
40.428420
 10
122.545276
 20
40.435988
 10
122.332890
 20
40.331168
 10
122.018558
 20
40.084448
 10
121.634720
 20
39.717477
 10
121.225657
 20
39.322251
 10
120.842651
 20
38.998595
 10
120.528627
 20
38.779908
 10
120.326511
 20
38.699590
 10
120.283314
 20
38.718838
 10
120.283638
 20
38.774004
 10
120.403202
 20
38.976617
 10
120.661907
 20
39.276485
 10
121.036457
 20
39.642664
 10
121.812144
 20
40.412253
 10
121.992986
 20
40.640277
 10
122.038632
 20
40.756147
 10
121.951185
 20
40.754134
 10
121.732748
 20
40.628511
 10
120.911319
 20
39.983513
 10
120.446929
 20
39.609638
 10
120.036117
 20
39.322328
 10
119.723440
 20
39.149893
 10
119.553453
 20
39.120648
 10
119.526145
 20
39.172528
 10
119.526763
 20
39.272468
 10
119.604255
 20
39.593036
 10
119.770896
 20
40.035369
 10
120.011651
 20
40.552486
 10
120.293279
 20
41.195123
 10
120.497068
 20
41.850996
 10
120.618822
 20
42.503237
 10
120.654344
 20
43.134980
 10
120.635711
 20
44.411177
 10
120.264438
 20
43.222383
 10
119.921733
 20
42.157392
 10
119.688873
 20
41.530479
 10
119.530110
 20
41.259694
 10
119.467341
 20
41.232240
 10
119.409691
 20
41.263086
 10
119.390203
 20
41.409915
 10
119.437474
 20
41.709368
 10
119.694864
 20
42.591755
 10
119.855353
 20
43.167607
 10
119.981187
 20
43.853657
 10
120.059776
 20
44.563917
 10
120.078533
 20
45.212395
 10
120.041300
 20
46.640080
 10
119.858059
 20
45.328374
 10
119.660156
 20
44.337159
 10
119.546653
 20
43.985181
 10
119.441665
 20
43.795997
 10
119.398258
 20
43.777259
 10
119.364391
 20
43.809245
 10
119.326345
 20
44.008442
 10
119.329665
 20
44.359689
 10
119.376489
 20
44.829089
 10
119.422533
 20
45.392847
 10
119.423724
 20
46.001009
 10
119.382526
 20
46.580439
 10
119.301403
 20
47.058001
 10
119.176220
 20
47.469609
 10
119.131841
 20
47.513046
 10
119.097386
 20
47.438161
 10
119.051597
 20
46.903192
 10
119.025552
 20
45.804238
 10
118.942270
 20
44.135581
 10
118.870138
 20
43.554434
 10
118.788071
 20
43.253664
 10
118.746952
 20
43.242243
 10
118.708592
 20
43.334421
 10
118.643505
 20
43.792089
 10
118.599528
 20
44.551703
 10
118.583377
 20
45.538298
 10
118.561891
 20
46.755652
 10
118.493641
 20
47.627278
 10
118.372941
 20
48.196538
 10
118.291145
 20
48.381331
 10
118.194104
 20
48.506794
 10
118.003193
 20
48.670360
 10
117.914580
 20
48.698695
 10
117.919225
 20
48.582321
 10
118.008091
 20
48.311764
 10
118.095475
 20
47.974489
 10
118.183147
 20
47.468086
 10
118.318598
 20
46.222159
 10
118.359098
 20
45.368236
 10
118.344249
 20
45.209725
 10
118.327408
 20
45.198990
 10
118.304046
 20
45.234470
 10
118.141711
 20
45.846589
 10
117.860365
 20
47.230321
 10
117.721117
 20
47.825407
 10
117.546323
 20
48.391482
 10
117.358325
 20
48.864550
 10
117.179464
 20
49.180619
 10
116.986917
 20
49.411842
 10
116.939346
 20
49.445838
 10
116.924347
 20
49.421066
 10
117.191624
 20
48.668979
 10
117.350380
 20
48.150653
 10
117.474660
 20
47.505104
 10
117.552046
 20
46.814612
 10
117.570119
 20
46.161453
 10
117.531998
 20
44.689782
 10
117.339537
 20
46.361466
 10
117.163031
 20
47.424151
 10
116.913004
 20
48.362486
 10
116.636853
 20
49.031673
 10
116.503791
 20
49.220087
 10
116.381972
 20
49.286913
 10
116.374698
 20
49.160503
 10
116.423055
 20
48.816317
 10
116.651311
 20
47.684883
 10
116.962501
 20
46.078308
 10
117.145689
 20
44.538921
 10
117.196243
 20
43.020274
 10
117.109527
 20
41.475922
 10
116.880909
 20
39.859419
 10
116.505756
 20
38.124320
 10
115.979432
 20
36.224179
 10
115.297306
 20
34.112550
 10
114.492355
 20
31.689539
 10
114.239267
 20
30.820592
 10
114.065789
 20
30.078584
 10
113.956933
 20
29.387444
 10
113.897713
 20
28.671096
 10
113.868234
 20
26.858487
 10
113.890835
 20
25.183164
 10
113.988992
 20
24.049510
 10
114.080507
 20
23.596289
 10
114.207836
 20
23.171062
 10
114.592497
 20
22.261356
 10
115.313178
 20
20.850223
 10
115.575048
 20
20.418950
 10
115.756699
 20
20.184539
 10
115.814027
 20
20.144438
 10
115.847201
 20
20.157489
 10
115.835626
 20
20.348302
 10
115.711042
 20
20.767477
 10
115.462521
 20
21.425514
 10
115.112657
 20
22.403027
 10
114.824256
 20
23.434173
 10
114.599505
 20
24.500040
 10
114.440592
 20
25.581713
 10
114.349704
 20
26.660279
 10
114.329028
 20
27.716826
 10
114.380750
 20
28.732438
 10
114.507058
 20
29.688204
 10
114.833626
 20
31.164447
 10
114.998625
 20
31.707665
 10
115.137199
 20
32.018975
 10
115.261442
 20
32.167161
 10
115.298174
 20
32.180298
 10
115.318307
 20
32.151415
 10
115.309763
 20
31.963436
 10
115.237776
 20
31.594925
 10
114.886354
 20
29.800821
 10
114.774118
 20
29.007306
 10
114.702760
 20
28.262475
 10
114.671202
 20
27.551070
 10
114.678366
 20
26.857835
 10
114.723174
 20
26.167514
 10
114.804548
 20
25.464851
 10
115.078956
 20
23.962202
 10
115.461590
 20
22.545376
 10
115.930970
 20
21.253909
 10
116.465615
 20
20.127339
 10
116.750698
 20
19.638245
 10
117.044043
 20
19.205203
 10
117.342963
 20
18.833153
 10
117.644774
 20
18.527039
 10
117.946790
 20
18.291802
 10
118.246326
 20
18.132384
 10
118.540698
 20
18.053729
 10
118.827219
 20
18.060777
 10
118.957617
 20
18.047557
 10
119.132408
 20
17.978562
 10
119.523754
 20
17.718227
 10
120.142953
 20
17.236245
 10
120.320204
 20
17.137471
 10
120.405976
 20
17.130367
 10
120.397836
 20
17.212579
 10
120.293349
 20
17.381752
 10
119.785596
 20
17.971556
 10
119.316433
 20
18.523093
 10
118.789579
 20
19.231943
 10
117.711427
 20
20.877496
 10
117.234440
 20
21.692154
 10
116.848386
 20
22.420037
 10
116.590421
 20
23.000123
 10
116.497702
 20
23.371389
 10
116.521561
 20
23.413579
 10
116.588507
 20
23.370494
 10
116.833001
 20
23.055847
 10
117.193870
 20
22.482157
 10
117.633799
 20
21.704128
 10
118.115222
 20
20.862463
 10
118.610522
 20
20.088207
 10
119.118158
 20
19.383122
 10
119.636589
 20
18.748969
 10
120.164275
 20
18.187508
 10
120.699674
 20
17.700502
 10
121.241246
 20
17.289711
 10
121.787449
 20
16.956896
 10
122.630308
 20
16.543160
 10
122.870378
 20
16.457852
 10
122.986884
 20
16.451943
 10
122.977834
 20
16.524203
 10
122.841232
 20
16.673399
 10
122.177402
 20
17.197680
  0
LWPOLYLINE
  8
ENGRAVE_RED
 62
1
 90
30
 70
1
 10
125.562657
 20
16.921640
 10
126.137309
 20
17.228553
 10
127.147237
 20
17.639872
 10
127.648065
 20
17.852431
 10
128.097089
 20
18.105051
 10
128.499560
 20
18.403528
 10
128.860727
 20
18.753659
 10
129.185840
 20
19.161239
 10
129.480149
 20
19.632065
 10
129.748903
 20
20.171933
 10
129.997353
 20
20.786640
 10
130.149499
 20
21.157626
 10
130.277042
 20
21.386517
 10
130.366613
 20
21.455000
 10
130.404841
 20
21.344762
 10
130.372085
 20
21.039371
 10
130.261990
 20
20.659117
 10
130.087501
 20
20.228208
 10
129.861566
 20
19.770857
 10
129.307149
 20
18.873663
 10
129.004560
 20
18.482242
 10
128.702315
 20
18.161217
 10
128.349730
 20
17.887748
 10
127.879037
 20
17.599603
 10
127.351700
 20
17.331064
 10
126.829181
 20
17.116415
 10
125.997563
 20
16.834448
 10
125.538139
 20
16.712437
 10
125.434468
 20
16.709333
 10
125.407606
 20
16.743720
  0
LWPOLYLINE
  8
ENGRAVE_RED
 62
1
 90
25
 70
1
 10
117.494019
 20
19.380223
 10
117.004337
 20
20.097360
 10
116.569791
 20
20.841045
 10
116.192058
 20
21.606707
 10
115.872809
 20
22.389777
 10
115.613720
 20
23.185683
 10
115.416463
 20
23.989857
 10
115.282714
 20
24.797727
 10
115.214146
 20
25.604724
 10
115.134468
 20
27.415715
 10
115.385029
 20
25.622169
 10
115.529140
 20
24.783461
 10
115.724763
 20
23.952685
 10
115.968986
 20
23.137118
 10
116.258898
 20
22.344041
 10
116.591586
 20
21.580730
 10
116.964140
 20
20.854465
 10
117.373648
 20
20.172525
 10
117.817197
 20
19.542188
 10
118.443293
 20
18.628810
 10
118.602373
 20
18.319576
 10
118.623529
 20
18.168734
 10
118.575704
 20
18.168688
 10
118.491937
 20
18.221861
 10
118.235113
 20
18.467987
  0
LWPOLYLINE
  8
ENGRAVE_RED
 62
1
 90
49
 70
1
 10
130.444053
 20
23.593720
 10
130.361832
 20
24.339011
 10
130.155613
 20
25.057729
 10
129.837656
 20
25.734378
 10
129.420226
 20
26.353465
 10
128.915584
 20
26.899493
 10
128.335992
 20
27.356970
 10
127.693714
 20
27.710400
 10
127.001011
 20
27.944289
 10
126.535718
 20
28.010526
 10
126.041129
 20
28.001937
 10
125.532785
 20
27.923876
 10
125.026229
 20
27.781699
 10
124.537001
 20
27.580761
 10
124.080643
 20
27.326417
 10
123.672697
 20
27.024022
 10
123.328704
 20
26.678932
 10
123.021586
 20
26.338005
 10
122.773533
 20
26.107246
 10
122.592029
 20
25.983323
 10
122.484562
 20
25.962907
 10
122.458617
 20
26.042668
 10
122.521680
 20
26.219277
 10
122.681236
 20
26.489403
 10
122.944771
 20
26.849716
 10
123.378890
 20
27.322329
 10
123.859100
 20
27.703772
 10
124.376844
 20
27.996362
 10
124.923564
 20
28.202416
 10
125.490706
 20
28.324253
 10
126.069711
 20
28.364187
 10
126.652024
 20
28.324537
 10
127.229088
 20
28.207620
 10
127.792345
 20
28.015752
 10
128.333240
 20
27.751251
 10
128.843216
 20
27.416433
 10
129.313717
 20
27.013616
 10
129.736184
 20
26.545117
 10
130.102063
 20
26.013253
 10
130.402797
 20
25.420340
 10
130.629828
 20
24.768696
 10
130.716964
 20
24.346038
 10
130.755663
 20
23.916235
 10
130.744244
 20
23.529568
 10
130.681029
 20
23.236319
 10
130.572224
 20
22.998791
 10
130.533132
 20
22.957342
 10
130.502690
 20
22.969787
 10
130.463081
 20
23.163399
  0
LWPOLYLINE
  8
ENGRAVE_RED
 62
1
 90
22
 70
1
 10
120.115754
 20
37.027897
 10
120.155326
 20
37.136078
 10
120.263071
 20
37.224669
 10
120.422534
 20
37.284527
 10
120.617259
 20
37.306511
 10
120.837999
 20
37.332526
 10
121.068294
 20
37.403359
 10
121.280872
 20
37.508191
 10
121.448457
 20
37.636205
 10
121.589873
 20
37.750817
 10
121.731195
 20
37.819159
 10
121.856032
 20
37.835987
 10
121.947992
 20
37.796057
 10
121.964804
 20
37.752989
 10
121.947034
 20
37.695512
 10
121.818874
 20
37.547306
 10
121.585759
 20
37.371398
 10
121.269938
 20
37.187749
 10
120.670905
 20
36.893416
 10
120.320675
 20
36.774454
 10
120.219263
 20
36.778023
 10
120.156531
 20
36.822177
  0
LWPOLYLINE
  8
ENGRAVE_RED
 62
1
 90
163
 70
1
 10
132.223340
 20
19.121158
 10
132.766845
 20
19.734046
 10
133.224154
 20
20.400612
 10
133.597738
 20
21.124996
 10
133.890070
 20
21.911335
 10
133.968423
 20
22.221932
 10
133.952233
 20
22.384988
 10
133.904066
 20
22.417687
 10
133.826720
 20
22.421300
 10
133.577099
 20
22.351667
 10
133.311467
 20
22.264189
 10
133.215798
 20
22.276205
 10
133.285637
 20
22.413456
 10
133.516530
 20
22.701688
 10
133.886204
 20
23.234203
 10
134.149790
 20
23.763489
 10
134.230761
 20
24.021368
 10
134.226413
 20
24.130519
 10
134.124688
 20
24.099866
 10
133.913526
 20
23.938333
 10
133.598169
 20
23.723312
 10
133.527331
 20
23.723762
 10
133.514515
 20
23.797057
 10
133.663338
 20
24.164807
 10
134.045412
 20
24.831802
 10
134.259963
 20
25.218980
 10
134.432986
 20
25.598828
 10
134.546814
 20
25.927700
 10
134.583784
 20
26.161952
 10
134.555412
 20
26.292923
 10
134.489717
 20
26.299873
 10
134.391019
 20
26.185623
 10
134.263636
 20
25.952991
 10
134.127172
 20
25.709585
 10
133.979112
 20
25.510256
 10
133.837304
 20
25.375575
 10
133.719602
 20
25.326110
 10
133.682934
 20
25.349407
 10
133.671702
 20
25.416178
 10
133.719959
 20
25.661415
 10
133.853194
 20
26.024366
 10
134.060233
 20
26.467577
 10
134.273821
 20
26.943419
 10
134.424891
 20
27.395218
 10
134.499543
 20
27.771950
 10
134.483875
 20
28.022591
 10
134.455229
 20
28.230238
 10
134.494546
 20
28.489905
 10
134.593320
 20
28.768449
 10
134.743047
 20
29.032723
 10
135.024210
 20
29.495433
 10
135.145987
 20
29.829089
 10
135.144833
 20
29.932991
 10
135.101106
 20
29.987192
 10
135.013896
 20
29.985879
 10
134.882295
 20
29.923241
 10
134.774115
 20
29.878366
 10
134.685524
 20
29.883473
 10
134.625666
 20
29.935069
 10
134.603681
 20
30.029662
 10
134.625548
 20
30.151357
 10
134.685085
 20
30.276743
 10
134.880798
 20
30.479543
 10
135.011661
 20
30.594283
 10
135.163120
 20
30.780089
 10
135.452755
 20
31.262175
 10
135.545159
 20
31.490599
 10
135.543502
 20
31.534368
 10
135.509251
 20
31.530806
 10
135.340912
 20
31.380577
 10
135.036024
 20
31.037697
 10
134.770595
 20
30.684281
 10
134.573910
 20
30.339895
 10
134.464799
 20
30.043969
 10
134.462096
 20
29.835939
 10
134.480903
 20
29.626879
 10
134.430360
 20
29.328157
 10
134.320356
 20
28.979632
 10
134.160775
 20
28.621164
 10
134.014136
 20
28.306277
 10
133.939363
 20
28.076417
 10
133.940963
 20
27.953318
 10
134.023442
 20
27.958719
 10
134.154634
 20
28.024053
 10
134.244162
 20
28.033151
 10
134.292207
 20
27.987638
 10
134.298950
 20
27.889139
 10
134.189253
 20
27.539686
 10
133.916518
 20
26.997794
 10
133.527715
 20
26.301259
 10
133.545999
 20
27.276408
 10
133.579238
 20
27.710001
 10
133.656206
 20
28.169714
 10
133.765440
 20
28.600695
 10
133.895477
 20
28.948092
 10
134.015598
 20
29.255718
 10
134.097838
 20
29.578414
 10
134.134851
 20
29.877865
 10
134.119294
 20
30.115757
 10
134.118607
 20
30.238648
 10
134.162668
 20
30.394150
 10
134.374074
 20
30.786327
 10
134.731590
 20
31.258968
 10
135.213295
 20
31.778749
 10
135.645408
 20
32.226822
 10
135.881404
 20
32.515037
 10
135.922193
 20
32.593665
 10
135.909555
 20
32.625687
 10
135.718132
 20
32.541063
 10
135.372087
 20
32.260943
 10
134.944788
 20
31.815776
 10
134.490524
 20
31.266784
 10
134.063585
 20
30.675191
 10
133.355460
 20
29.692317
 10
133.115508
 20
29.417861
 10
132.998238
 20
29.346202
 10
132.980612
 20
29.467861
 10
133.045429
 20
29.693310
 10
133.375447
 20
30.371542
 10
133.894389
 20
31.212829
 10
134.508355
 20
32.049100
 10
135.269113
 20
32.987994
 10
134.379165
 20
32.169679
 10
133.802902
 20
31.706339
 10
133.620502
 20
31.610412
 10
133.515623
 20
31.601328
 10
133.493538
 20
31.676348
 10
133.559522
 20
31.832733
 10
133.976794
 20
32.378642
 10
134.241009
 20
32.682351
 10
134.313869
 20
32.801481
 10
134.183366
 20
32.750160
 10
133.837487
 20
32.542520
 10
133.593958
 20
32.359809
 10
133.394296
 20
32.147006
 10
133.259120
 20
31.930547
 10
133.209053
 20
31.736867
 10
133.181378
 20
31.375662
 10
133.104542
 20
30.961791
 10
132.825874
 20
30.037482
 10
132.418038
 20
29.086810
 10
131.926021
 20
28.232646
 10
131.522318
 20
27.608088
 10
131.413362
 20
27.381543
 10
131.362814
 20
27.181272
 10
131.368033
 20
26.984111
 10
131.426376
 20
26.766900
 10
131.691869
 20
26.179678
 10
131.892916
 20
25.627251
 10
132.072487
 20
24.871316
 10
132.213443
 20
23.998942
 10
132.298644
 20
23.097198
 10
132.338788
 20
21.960516
 10
132.279961
 20
21.141396
 10
132.203546
 20
20.790636
 10
132.090522
 20
20.446922
 10
131.738827
 20
19.684176
 10
131.333134
 20
18.808001
 10
131.260818
 20
18.555134
 10
131.276148
 20
18.425018
 10
131.379595
 20
18.417109
 10
131.571629
 20
18.530860
 10
132.223334
 20
19.121158
  0
LWPOLYLINE
  8
ENGRAVE_RED
 62
1
 90
48
 70
1
 10
121.501322
 20
21.773781
 10
121.327201
 20
22.204287
 10
121.187831
 20
22.649033
 10
121.082671
 20
23.104668
 10
121.011182
 20
23.567843
 10
120.967059
 20
24.503405
 10
121.051147
 20
25.428916
 10
121.259130
 20
26.317570
 10
121.586693
 20
27.142562
 10
121.793968
 20
27.522809
 10
122.029520
 20
27.877088
 10
122.292809
 20
28.202050
 10
122.583296
 20
28.494343
 10
122.774382
 20
28.689320
 10
122.900438
 20
28.881790
 10
122.958474
 20
29.087005
 10
122.945496
 20
29.320222
 10
122.858514
 20
29.596692
 10
122.694536
 20
29.931671
 10
122.123626
 20
30.838171
 10
121.936389
 20
31.029300
 10
121.721492
 20
31.091539
 10
121.480620
 20
31.026430
 10
121.215457
 20
30.835515
 10
120.927690
 20
30.520338
 10
120.619003
 20
30.082440
 10
120.291082
 20
29.523366
 10
119.945611
 20
28.844656
 10
119.476012
 20
27.720704
 10
119.301792
 20
27.177608
 10
119.167920
 20
26.647482
 10
119.074366
 20
26.130614
 10
119.021101
 20
25.627290
 10
119.008097
 20
25.137797
 10
119.035324
 20
24.662422
 10
119.102754
 20
24.201454
 10
119.210357
 20
23.755178
 10
119.358104
 20
23.323882
 10
119.545967
 20
22.907853
 10
119.773916
 20
22.507378
 10
120.041922
 20
22.122745
 10
120.349957
 20
21.754240
 10
120.697990
 20
21.402151
 10
121.419675
 20
20.790837
 10
121.647043
 20
20.659727
 10
121.787167
 20
20.645786
 10
121.841353
 20
20.749617
 10
121.810905
 20
20.971825
  0
LWPOLYLINE
  8
ENGRAVE_RED
 62
1
 90
40
 70
1
 10
113.150405
 20
26.291060
 10
113.143347
 20
26.698726
 10
113.105088
 20
27.036421
 10
113.010007
 20
27.340022
 10
112.832480
 20
27.645401
 10
112.546884
 20
27.988435
 10
112.127596
 20
28.404998
 10
110.785451
 20
29.602210
 10
109.998892
 20
30.264966
 10
109.215371
 20
30.878341
 10
108.453919
 20
31.430321
 10
107.733569
 20
31.908888
 10
107.073353
 20
32.302025
 10
106.492301
 20
32.597715
 10
106.009447
 20
32.783942
 10
105.643822
 20
32.848688
 10
105.597822
 20
32.833049
 10
105.570324
 20
32.788230
 10
105.568832
 20
32.623620
 10
105.635343
 20
32.379996
 10
105.765852
 20
32.082499
 10
106.084334
 20
31.398153
 10
106.301377
 20
30.828736
 10
106.397057
 20
30.639420
 10
106.550529
 20
30.484387
 10
106.740636
 20
30.379634
 10
106.946217
 20
30.341162
 10
107.131418
 20
30.318978
 10
107.350683
 20
30.254552
 10
107.874824
 20
30.011732
 10
108.485472
 20
29.638217
 10
109.149457
 20
29.159523
 10
109.833610
 20
28.601165
 10
110.504764
 20
27.988657
 10
111.129748
 20
27.347514
 10
111.675394
 20
26.703252
 10
112.611286
 20
25.533874
 10
113.055804
 20
25.047496
 10
113.092536
 20
25.145621
 10
113.122617
 20
25.412793
  0
LWPOLYLINE
  8
ENGRAVE_RED
 62
1
 90
228
 70
1
 10
103.839134
 20
27.801784
 10
104.141462
 20
28.013530
 10
104.416857
 20
28.260403
 10
104.664148
 20
28.536847
 10
104.882162
 20
28.837306
 10
105.225663
 20
29.488047
 10
105.437977
 20
30.168182
 10
105.492005
 20
30.505384
 10
105.509718
 20
30.833267
 10
105.489940
 20
31.146277
 10
105.431501
 20
31.438857
 10
105.333226
 20
31.705453
 10
105.193942
 20
31.940508
 10
105.012476
 20
32.138467
 10
104.787655
 20
32.293775
 10
104.487325
 20
32.425392
 10
104.170720
 20
32.511942
 10
103.848826
 20
32.554229
 10
103.532629
 20
32.553055
 10
103.233115
 20
32.509224
 10
102.961271
 20
32.423538
 10
102.728082
 20
32.296802
 10
102.544534
 20
32.129817
 10
102.382415
 20
31.877678
 10
102.320817
 20
31.608070
 10
102.358134
 20
31.281562
 10
102.492761
 20
30.858722
 10
102.623288
 20
30.475038
 10
102.666848
 20
30.236035
 10
102.623436
 20
30.126766
 10
102.493052
 20
30.132282
 10
102.351026
 20
30.234070
 10
102.195850
 20
30.434038
 10
102.046287
 20
30.703291
 10
101.921106
 20
31.012932
 10
101.847930
 20
31.291307
 10
101.815892
 20
31.560447
 10
101.823639
 20
31.819146
 10
101.869815
 20
32.066202
 10
101.953066
 20
32.300410
 10
102.072036
 20
32.520568
 10
102.225371
 20
32.725471
 10
102.411716
 20
32.913915
 10
102.878016
 20
33.236615
 10
103.460096
 20
33.479037
 10
104.147119
 20
33.631551
 10
104.928245
 20
33.684529
 10
105.479035
 20
33.618895
 10
106.132959
 20
33.430756
 10
106.865769
 20
33.133261
 10
107.653218
 20
32.739559
 10
108.471058
 20
32.262797
 10
109.295043
 20
31.716123
 10
110.100923
 20
31.112685
 10
110.864453
 20
30.465632
 10
111.893652
 20
29.604192
 10
112.287743
 20
29.336885
 10
112.604735
 20
29.177290
 10
112.847056
 20
29.124486
 10
113.017135
 20
29.177550
 10
113.117401
 20
29.335558
 10
113.150284
 20
29.597590
 10
113.077548
 20
29.824260
 10
112.884198
 20
30.160639
 10
112.284799
 20
30.978491
 10
111.650378
 20
31.683080
 10
111.413249
 20
31.877880
 10
111.331017
 20
31.915778
 10
111.279222
 20
31.906340
 10
111.298569
 20
31.764467
 10
111.451171
 20
31.478108
 10
112.054402
 20
30.638350
 10
112.654904
 20
29.795864
 10
112.804554
 20
29.506551
 10
112.820294
 20
29.361073
 10
112.775199
 20
29.355251
 10
112.702052
 20
29.394664
 10
112.486897
 20
29.592916
 10
111.888185
 20
30.353185
 10
111.518641
 20
30.848110
 10
111.094709
 20
31.355484
 10
110.668730
 20
31.815718
 10
110.293045
 20
32.169223
 10
109.829599
 20
32.615853
 10
109.738048
 20
32.753782
 10
109.735351
 20
32.829823
 10
109.818060
 20
32.840249
 10
109.982729
 20
32.781338
 10
110.544163
 20
32.440602
 10
110.786314
 20
32.297863
 10
111.014939
 20
32.210885
 10
111.204298
 20
32.186526
 10
111.328650
 20
32.231642
 10
111.388490
 20
32.248895
 10
111.481602
 20
32.221021
 10
111.748826
 20
32.044902
 10
112.092690
 20
31.733321
 10
112.475562
 20
31.316311
 10
112.842832
 20
30.908691
 10
113.144217
 20
30.622678
 10
113.348572
 20
30.484401
 10
113.404630
 20
30.478828
 10
113.424750
 20
30.519988
 10
113.324640
 20
30.756671
 10
113.048950
 20
31.165926
 10
112.639860
 20
31.690262
 10
112.139553
 20
32.272183
 10
111.269878
 20
33.325908
 10
111.037166
 20
33.678302
 10
110.987851
 20
33.788295
 10
110.989519
 20
33.845548
 10
111.043136
 20
33.845021
 10
111.142709
 20
33.789415
 10
111.456832
 20
33.533598
 10
112.384748
 20
32.587966
 10
113.640673
 20
31.191079
 10
113.815509
 20
32.065266
 10
113.867911
 20
32.487086
 10
113.841410
 20
32.848510
 10
113.733837
 20
33.160431
 10
113.543022
 20
33.433742
 10
113.384183
 20
33.649691
 10
113.282379
 20
33.872280
 10
113.246113
 20
34.075296
 10
113.283888
 20
34.232531
 10
113.320442
 20
34.344870
 10
113.317956
 20
34.493759
 10
113.208661
 20
34.881881
 10
112.981599
 20
35.358297
 10
112.662365
 20
35.884404
 10
112.276555
 20
36.421600
 10
111.849764
 20
36.931285
 10
111.407588
 20
37.374856
 10
110.975623
 20
37.713712
 10
110.079570
 20
38.221080
 10
109.659818
 20
38.403626
 10
109.274351
 20
38.534355
 10
108.934742
 20
38.609971
 10
108.652568
 20
38.627182
 10
108.439404
 20
38.582693
 10
108.306826
 20
38.473210
 10
108.274731
 20
38.274074
 10
108.311395
 20
37.932593
 10
108.408573
 20
37.496644
 10
108.558020
 20
37.014103
 10
108.816450
 20
36.137882
 10
108.865889
 20
35.842156
 10
108.849395
 20
35.698894
 10
108.724640
 20
35.695815
 10
108.479304
 20
35.781778
 10
107.768732
 20
36.160276
 10
107.023467
 20
36.575956
 10
106.740579
 20
36.702170
 10
106.569967
 20
36.748242
 10
106.539087
 20
36.736762
 10
106.546006
 20
36.704271
 10
106.662412
 20
36.585327
 10
107.229736
 20
36.195109
 10
107.919128
 20
35.736202
 10
108.069819
 20
35.600164
 10
108.093435
 20
35.528629
 10
107.991676
 20
35.523269
 10
107.766239
 20
35.585754
 10
106.951122
 20
35.920944
 10
106.253952
 20
36.187914
 10
105.559803
 20
36.353509
 10
104.866018
 20
36.417389
 10
104.169940
 20
36.379213
 10
103.468910
 20
36.238642
 10
102.760271
 20
35.995336
 10
102.041366
 20
35.648954
 10
101.309537
 20
35.199156
 10
100.545910
 20
34.744016
 10
100.304071
 20
34.645396
 10
100.167697
 20
34.629125
 10
100.141906
 20
34.651023
 10
100.145898
 20
34.692491
 10
100.247786
 20
34.832782
 10
100.482471
 20
35.047283
 10
100.859065
 20
35.333283
 10
101.352337
 20
35.661194
 10
101.852222
 20
35.947146
 10
102.358746
 20
36.191149
 10
102.871935
 20
36.393212
 10
103.391816
 20
36.553344
 10
103.918415
 20
36.671554
 10
104.451759
 20
36.747852
 10
104.991874
 20
36.782247
 10
105.647523
 20
36.806037
 10
105.931707
 20
36.842898
 10
105.942525
 20
36.869768
 10
105.870106
 20
36.904150
 10
105.488399
 20
37.001110
 10
104.971070
 20
37.074680
 10
104.392535
 20
37.085096
 10
103.774765
 20
37.036789
 10
103.139736
 20
36.934187
 10
102.509420
 20
36.781721
 10
101.905792
 20
36.583819
 10
101.350826
 20
36.344911
 10
100.866494
 20
36.069428
 10
100.447576
 20
35.760605
 10
100.060130
 20
35.412218
 10
99.705740
 20
35.029509
 10
99.385991
 20
34.617722
 10
99.102464
 20
34.182100
 10
98.856745
 20
33.727887
 10
98.650415
 20
33.260326
 10
98.485059
 20
32.784660
 10
98.362261
 20
32.306133
 10
98.283603
 20
31.829989
 10
98.250669
 20
31.361471
 10
98.265042
 20
30.905823
 10
98.328307
 20
30.468287
 10
98.442046
 20
30.054107
 10
98.607843
 20
29.668527
 10
98.827281
 20
29.316791
 10
99.383829
 20
28.660014
 10
99.980546
 20
28.130676
 10
100.607337
 20
27.731829
 10
101.254104
 20
27.466526
 10
101.910752
 20
27.337818
 10
102.239626
 20
27.325641
 10
102.567184
 20
27.348757
 10
102.892163
 20
27.407548
 10
103.213303
 20
27.502395
 10
103.529340
 20
27.633680
 10
103.839013
 20
27.801784
  0
LWPOLYLINE
  8
ENGRAVE_RED
 62
1
 90
58
 70
1
 10
101.189808
 20
28.321643
 10
100.777220
 20
28.567655
 10
100.360059
 20
28.877379
 10
99.986991
 20
29.211185
 10
99.706679
 20
29.529440
 10
99.481114
 20
29.910684
 10
99.288342
 20
30.372756
 10
99.135134
 20
30.875075
 10
99.028258
 20
31.377061
 10
98.974483
 20
31.838134
 10
98.980580
 20
32.217714
 10
99.053316
 20
32.475220
 10
99.116790
 20
32.545515
 10
99.199463
 20
32.570074
 10
99.314998
 20
32.548596
 10
99.384341
 20
32.490119
 10
99.402125
 20
32.403573
 10
99.362986
 20
32.297888
 10
99.286348
 20
32.032754
 10
99.301766
 20
31.668025
 10
99.396954
 20
31.234408
 10
99.559624
 20
30.762610
 10
99.777492
 20
30.283337
 10
100.038269
 20
29.827297
 10
100.329672
 20
29.425194
 10
100.639412
 20
29.107737
 10
100.910144
 20
28.903164
 10
101.189255
 20
28.735942
 10
101.473850
 20
28.605417
 10
101.761037
 20
28.510932
 10
102.331603
 20
28.427461
 10
102.877799
 20
28.480285
 10
103.134522
 20
28.556168
 10
103.376470
 20
28.664157
 10
103.600747
 20
28.803598
 10
103.804461
 20
28.973834
 10
103.984716
 20
29.174209
 10
104.138618
 20
29.404068
 10
104.263273
 20
29.662756
 10
104.355786
 20
29.949616
 10
104.440384
 20
30.222475
 10
104.534187
 20
30.421398
 10
104.625777
 20
30.527596
 10
104.703738
 20
30.522278
 10
104.760654
 20
30.436413
 10
104.787280
 20
30.326716
 10
104.758524
 20
30.049601
 10
104.635199
 20
29.718487
 10
104.435034
 20
29.360928
 10
104.175758
 20
29.004474
 10
103.875100
 20
28.676681
 10
103.550791
 20
28.405100
 10
103.220559
 20
28.217284
 10
102.593123
 20
27.955058
 10
102.388758
 20
27.891942
 10
102.214940
 20
27.876336
 10
102.039902
 20
27.909870
 10
101.831879
 20
27.994178
  0
LWPOLYLINE
  8
ENGRAVE_RED
 62
1
 90
13
 70
1
 10
112.849671
 20
33.026905
 10
112.486592
 20
33.429349
 10
112.358447
 20
33.610389
 10
112.380886
 20
33.628349
 10
112.460151
 20
33.603519
 10
112.786620
 20
33.442231
 10
113.221436
 20
33.167729
 10
113.532626
 20
32.876662
 10
113.685098
 20
32.611155
 10
113.690848
 20
32.501149
 10
113.643758
 20
32.413330
 10
113.544076
 20
32.424721
 10
113.361130
 20
32.544203
  0
LWPOLYLINE
  8
ENGRAVE_RED
 62
1
 90
13
 70
1
 10
112.474209
 20
34.665660
 10
112.277099
 20
34.834726
 10
112.137299
 20
34.994794
 10
112.067706
 20
35.127814
 10
112.081213
 20
35.215737
 10
112.176997
 20
35.227504
 10
112.331425
 20
35.153173
 10
112.523178
 20
35.006364
 10
112.730938
 20
34.800695
 10
113.046705
 20
34.423267
 10
113.108705
 20
34.319999
 10
113.107261
 20
34.273946
 10
112.915473
 20
34.354241
  0
LWPOLYLINE
  8
ENGRAVE_RED
 62
1
 90
320
 70
1
 10
131.728437
 20
29.345720
 10
131.964808
 20
29.907365
 10
131.960140
 20
29.950964
 10
131.930036
 20
29.956359
 10
131.793650
 20
29.853587
 10
131.527847
 20
29.622107
 10
131.337661
 20
29.498742
 10
131.223165
 20
29.473869
 10
131.184436
 20
29.537869
 10
131.221548
 20
29.681119
 10
131.334578
 20
29.893999
 10
131.788688
 20
30.490162
 10
132.123740
 20
30.899275
 10
132.396792
 20
31.285165
 10
132.579762
 20
31.604408
 10
132.644567
 20
31.813578
 10
132.631128
 20
31.865953
 10
132.596037
 20
31.884583
 10
132.470416
 20
31.827629
 10
132.286755
 20
31.656745
 10
132.064100
 20
31.385964
 10
131.584850
 20
30.844843
 10
131.380279
 20
30.680233
 10
131.235337
 20
30.619776
 10
131.200782
 20
30.643375
 10
131.201592
 20
30.711012
 10
131.299786
 20
30.959427
 10
131.510872
 20
31.327082
 10
131.815803
 20
31.776035
 10
132.342953
 20
32.591609
 10
132.637499
 20
33.194990
 10
132.675323
 20
33.355109
 10
132.662984
 20
33.388927
 10
132.628329
 20
33.387782
 10
132.487628
 20
33.268209
 10
132.244332
 20
32.971591
 10
132.047635
 20
32.735840
 10
131.916297
 20
32.627292
 10
131.848068
 20
32.631242
 10
131.840697
 20
32.732988
 10
131.999525
 20
33.171047
 10
132.374778
 20
33.823836
 10
132.775764
 20
34.514927
 10
132.876010
 20
34.757540
 10
132.909425
 20
34.917501
 10
132.876010
 20
34.984287
 10
132.775764
 20
34.947376
 10
132.608686
 20
34.796245
 10
132.374778
 20
34.520371
 10
132.166758
 20
34.278426
 10
132.005433
 20
34.136268
 10
131.894014
 20
34.086168
 10
131.835713
 20
34.120395
 10
131.833744
 20
34.231217
 10
131.891317
 20
34.410904
 10
132.197943
 20
34.945951
 10
132.523670
 20
35.538692
 10
132.772633
 20
36.192055
 10
132.966935
 20
36.888590
 10
132.374778
 20
36.192055
 10
131.782622
 20
35.495520
 10
131.969241
 20
36.157293
 10
132.033224
 20
36.438949
 10
132.034547
 20
36.610189
 10
131.972756
 20
36.672763
 10
131.847400
 20
36.628423
 10
131.706366
 20
36.559504
 10
131.610858
 20
36.551968
 10
131.560214
 20
36.600541
 10
131.553772
 20
36.699951
 10
131.670850
 20
37.030187
 10
131.956799
 20
37.500493
 10
132.106627
 20
37.764503
 10
132.205678
 20
38.042325
 10
132.245404
 20
38.300924
 10
132.217260
 20
38.507265
 10
132.202577
 20
38.612862
 10
132.224499
 20
38.750150
 10
132.368069
 20
39.100544
 10
132.627796
 20
39.519939
 10
132.983506
 20
39.969829
 10
133.335796
 20
40.392453
 10
133.516789
 20
40.660240
 10
133.541880
 20
40.733736
 10
133.522745
 20
40.765724
 10
133.349927
 20
40.701440
 10
132.781418
 20
40.340375
 10
132.285459
 20
39.943207
 10
131.815110
 20
39.467539
 10
131.323431
 20
38.870970
 10
131.082566
 20
38.587601
 10
130.885318
 20
38.410221
 10
130.752043
 20
38.353261
 10
130.715755
 20
38.374449
 10
130.703094
 20
38.431154
 10
130.804430
 20
38.669563
 10
131.080342
 20
39.049658
 10
131.488693
 20
39.519118
 10
131.987342
 20
40.025627
 10
132.609140
 20
40.583359
 10
133.106517
 20
40.938886
 10
133.507088
 20
41.108355
 10
133.679701
 20
41.128363
 10
133.838468
 20
41.107912
 10
134.076354
 20
41.058271
 10
134.200103
 20
41.064780
 10
134.211951
 20
41.128597
 10
134.114133
 20
41.250882
 10
133.893814
 20
41.381503
 10
133.594424
 20
41.429815
 10
133.236488
 20
41.402320
 10
132.840530
 20
41.305519
 10
132.427075
 20
41.145913
 10
132.016647
 20
40.930005
 10
131.629770
 20
40.664296
 10
131.286968
 20
40.355289
 10
130.948736
 20
39.957195
 10
130.590943
 20
39.462543
 10
130.256235
 20
38.934324
 10
129.987259
 20
38.435531
 10
129.538968
 20
37.641737
 10
129.349382
 20
37.399531
 10
129.216552
 20
37.309707
 10
129.184576
 20
37.335524
 10
129.183328
 20
37.410746
 10
129.264948
 20
37.688194
 10
129.445281
 20
38.099634
 10
129.708193
 20
38.602644
 10
130.188591
 20
39.549261
 10
130.310430
 20
39.861525
 10
130.326318
 20
40.005071
 10
130.270667
 20
40.017813
 10
130.184629
 20
39.980506
 10
129.935554
 20
39.773857
 10
129.228566
 20
38.959220
 10
128.431982
 20
37.850990
 10
128.070915
 20
37.277350
 10
127.772435
 20
36.738998
 10
127.478749
 20
36.202088
 10
127.197094
 20
35.762406
 10
126.959453
 20
35.465324
 10
126.797805
 20
35.356213
 10
126.733167
 20
35.421221
 10
126.677491
 20
35.608387
 10
126.592902
 20
36.302069
 10
126.543790
 20
37.342999
 10
126.529908
 20
38.636919
 10
126.606841
 20
41.606691
 10
126.697161
 20
43.094024
 10
126.821720
 20
44.457311
 10
127.056599
 20
46.139151
 10
127.380949
 20
47.786872
 10
127.791665
 20
49.391627
 10
128.285646
 20
50.944568
 10
128.859787
 20
52.436846
 10
129.510984
 20
53.859614
 10
130.236134
 20
55.204022
 10
131.032134
 20
56.461223
 10
131.429026
 20
57.066554
 10
131.605451
 20
57.426890
 10
131.616048
 20
57.533369
 10
131.577601
 20
57.600420
 10
131.492134
 20
57.635317
 10
131.361671
 20
57.645333
 10
130.997578
 20
57.596991
 10
130.561588
 20
57.462434
 10
130.081318
 20
57.257364
 10
129.584384
 20
56.997484
 10
129.098405
 20
56.698497
 10
128.650996
 20
56.376104
 10
128.269775
 20
56.046008
 10
127.982359
 20
55.723912
 10
127.516230
 20
55.014843
 10
127.128688
 20
54.233164
 10
126.810901
 20
53.334363
 10
126.554040
 20
52.273929
 10
126.349274
 20
51.007350
 10
126.187775
 20
49.490113
 10
126.060711
 20
47.677709
 10
125.959253
 20
45.525624
 10
125.832236
 20
42.973047
 10
125.659341
 20
40.792570
 10
125.428729
 20
38.932723
 10
125.128559
 20
37.342038
 10
124.746992
 20
35.969046
 10
124.521985
 20
35.348100
 10
124.272189
 20
34.762276
 10
123.996125
 20
34.205142
 10
123.692311
 20
33.670262
 10
122.995517
 20
32.641532
 10
122.319071
 20
31.737842
 10
123.088429
 20
30.425030
 10
123.522334
 20
29.707016
 10
123.775370
 20
29.396701
 10
123.858263
 20
29.378586
 10
123.924980
 20
29.443379
 10
124.048608
 20
29.796344
 10
124.191533
 20
30.177203
 10
124.241361
 20
30.213445
 10
124.267201
 20
30.132201
 10
124.300738
 20
29.996975
 10
124.371534
 20
29.886237
 10
124.469210
 20
29.811414
 10
124.583390
 20
29.783934
 10
124.689745
 20
29.820444
 10
124.721423
 20
29.929720
 10
124.678441
 20
30.111375
 10
124.560811
 20
30.365024
 10
124.382320
 20
30.816566
 10
124.360045
 20
30.985949
 10
124.389896
 20
31.086190
 10
124.478102
 20
31.078179
 10
124.614717
 20
30.952816
 10
124.958544
 20
30.435446
 10
125.276030
 20
29.924623
 10
125.358314
 20
29.850722
 10
125.388931
 20
29.885026
 10
125.293088
 20
30.239834
 10
124.984345
 20
30.912224
 10
124.828472
 20
31.253911
 10
124.754173
 20
31.512781
 10
124.763288
 20
31.676875
 10
124.799703
 20
31.719643
 10
124.857662
 20
31.734232
 10
124.921375
 20
31.752328
 10
124.972429
 20
31.805605
 10
125.035721
 20
32.011627
 10
125.045872
 20
32.340152
 10
125.001212
 20
32.779034
 10
124.846367
 20
33.823836
 10
125.269483
 20
32.730317
 10
125.605332
 20
31.943479
 10
125.847686
 20
31.510919
 10
125.915601
 20
31.451260
 10
125.938302
 20
31.508690
 10
125.818939
 20
32.012846
 10
125.545061
 20
32.978736
 10
125.369474
 20
33.776911
 10
125.307655
 20
34.319934
 10
125.324245
 20
34.468441
 10
125.375081
 20
34.520371
 10
125.481836
 20
34.393961
 10
125.635310
 20
34.049775
 10
126.000345
 20
32.918341
 10
126.378010
 20
31.630256
 10
126.668601
 20
30.783032
 10
126.761376
 20
30.534477
 10
126.768065
 20
30.407575
 10
126.683264
 20
30.392501
 10
126.501569
 20
30.479432
 10
126.263088
 20
30.594422
 10
126.222388
 20
30.592651
 10
126.245262
 20
30.548355
 10
126.425490
 20
30.421039
 10
126.663183
 20
30.340686
 10
126.955628
 20
30.228153
 10
127.267494
 20
30.023472
 10
127.319490
 20
30.007871
 10
127.342039
 20
30.068125
 10
127.304243
 20
30.389526
 10
127.165007
 20
30.934330
 10
126.935235
 20
31.649193
 10
126.460241
 20
33.239003
 10
126.064363
 20
34.976738
 10
125.792646
 20
36.633360
 10
125.717425
 20
37.359678
 10
125.690138
 20
37.979829
 10
125.703358
 20
38.312966
 10
125.740877
 20
38.522116
 10
125.796548
 20
38.613589
 10
125.864222
 20
38.593696
 10
125.937752
 20
38.468746
 10
126.010988
 20
38.245051
 10
126.131991
 20
37.526663
 10
126.272777
 20
36.355005
 10
126.447863
 20
35.213645
 10
126.652930
 20
34.120224
 10
126.883661
 20
33.092382
 10
127.135737
 20
32.147761
 10
127.404840
 20
31.304001
 10
127.686651
 20
30.578745
 10
127.976853
 20
29.989632
 10
128.170743
 20
29.720303
 10
128.240677
 20
29.715192
 10
128.298013
 20
29.812131
 10
128.391118
 20
30.359205
 10
128.482512
 20
31.455618
 10
128.600672
 20
32.545605
 10
128.801991
 20
33.515032
 10
129.113406
 20
34.464728
 10
129.561857
 20
35.495520
 10
129.932093
 20
36.226645
 10
130.253914
 20
36.775605
 10
130.492788
 20
37.089278
 10
130.570330
 20
37.141281
 10
130.614187
 20
37.114541
 10
130.629850
 20
36.935107
 10
130.580824
 20
36.691439
 10
130.476550
 20
36.415535
 10
130.326469
 20
36.139392
 10
130.078287
 20
35.682143
 10
129.841206
 20
35.115089
 10
129.622005
 20
34.465477
 10
129.427461
 20
33.760554
 10
129.264351
 20
33.027570
 10
129.139453
 20
32.293770
 10
129.059544
 20
31.586405
 10
129.031402
 20
30.932720
 10
129.060125
 20
30.120581
 10
129.169979
 20
29.538080
 10
129.266431
 20
29.298426
 10
129.396489
 20
29.074761
 10
129.775182
 20
28.620166
 10
130.070866
 20
28.338429
 10
130.332084
 20
28.155766
 10
130.568708
 20
28.075846
 10
130.790609
 20
28.102335
 10
131.007660
 20
28.238899
 10
131.229734
 20
28.489207
 10
131.466702
 20
28.856925
  0
LWPOLYLINE
  8
ENGRAVE_RED
 62
1
 90
12
 70
1
 10
125.772898
 20
30.755582
 10
125.413372
 20
31.409523
 10
125.278874
 20
31.583327
 10
125.199635
 20
31.617318
 10
125.194279
 20
31.501947
 10
125.261082
 20
31.277082
 10
125.534831
 20
30.652830
 10
125.868224
 20
30.052477
 10
126.009581
 20
29.857484
 10
126.108602
 20
29.783934
 10
126.121603
 20
29.860603
 10
126.062642
 20
30.069356
  0
LWPOLYLINE
  8
ENGRAVE_RED
 62
1
 90
882
 70
1
 10
119.920866
 20
31.525271
 10
120.621226
 20
32.293564
 10
121.440578
 20
33.260435
 10
121.791618
 20
33.663276
 10
122.079090
 20
33.940841
 10
122.273327
 20
34.068194
 10
122.326213
 20
34.067749
 10
122.344666
 20
34.020399
 10
122.253928
 20
33.786714
 10
122.006871
 20
33.407933
 10
121.641225
 20
32.936421
 10
121.194724
 20
32.424541
 10
120.731913
 20
31.892029
 10
120.453310
 20
31.500697
 10
120.364065
 20
31.259403
 10
120.392062
 20
31.197788
 10
120.469329
 20
31.177004
 10
120.690017
 20
31.220715
 10
120.934130
 20
31.347304
 10
121.197606
 20
31.549951
 10
121.476381
 20
31.821838
 10
122.063581
 20
32.546053
 10
122.663229
 20
33.465398
 10
123.242822
 20
34.525322
 10
123.769858
 20
35.671272
 10
124.211838
 20
36.848698
 10
124.536258
 20
38.003046
 10
124.722259
 20
38.932380
 10
124.890485
 20
39.990714
 10
125.165316
 20
42.401868
 10
125.344163
 20
45.051484
 10
125.410441
 20
47.754536
 10
125.446598
 20
49.408897
 10
125.554384
 20
50.864218
 10
125.741624
 20
52.146621
 10
126.016144
 20
53.282228
 10
126.385766
 20
54.297162
 10
126.858316
 20
55.217544
 10
127.441618
 20
56.069498
 10
128.143497
 20
56.879144
 10
128.559381
 20
57.284822
 10
128.951772
 20
57.617036
 10
129.276507
 20
57.841505
 10
129.489423
 20
57.923947
 10
129.636901
 20
57.945865
 10
129.783462
 20
58.005542
 10
129.912156
 20
58.093865
 10
130.006031
 20
58.201719
 10
130.043800
 20
58.284627
 10
130.038417
 20
58.338045
 10
129.915444
 20
58.364750
 10
129.671617
 20
58.298526
 10
129.341439
 20
58.156059
 10
128.560046
 20
57.709159
 10
128.177837
 20
57.438102
 10
127.847292
 20
57.157561
 10
127.549796
 20
56.896018
 10
127.306172
 20
56.724226
 10
127.141561
 20
56.656911
 10
127.096742
 20
56.667034
 10
127.081104
 20
56.708798
 10
127.132377
 20
56.892787
 10
127.275097
 20
57.115505
 10
127.492609
 20
57.362621
 10
127.768260
 20
57.619805
 10
128.427367
 20
58.107056
 10
128.777517
 20
58.308462
 10
129.119194
 20
58.462615
 10
129.765929
 20
58.653678
 10
130.425618
 20
58.744341
 10
131.091742
 20
58.736114
 10
131.757788
 20
58.630508
 10
132.417239
 20
58.429031
 10
133.063579
 20
58.133194
 10
133.690292
 20
57.744506
 10
134.290862
 20
57.264476
 10
134.953191
 20
56.670184
 10
134.512096
 20
57.538110
 10
134.206457
 20
58.014767
 10
133.821617
 20
58.412342
 10
133.367979
 20
58.732181
 10
132.855947
 20
58.975631
 10
132.295926
 20
59.144039
 10
131.698320
 20
59.238752
 10
131.073532
 20
59.261117
 10
130.431967
 20
59.212480
 10
129.784030
 20
59.094189
 10
129.140123
 20
58.907590
 10
128.510652
 20
58.654029
 10
127.906020
 20
58.334855
 10
127.336632
 20
57.951413
 10
126.812892
 20
57.505050
 10
126.345203
 20
56.997114
 10
125.943970
 20
56.428951
 10
125.688355
 20
56.035718
 10
125.524300
 20
55.854702
 10
125.471888
 20
55.840787
 10
125.436703
 20
55.876339
 10
125.410462
 20
56.091062
 10
125.505316
 20
56.390199
 10
125.764362
 20
56.808946
 10
126.148019
 20
57.291780
 10
126.616703
 20
57.783177
 10
127.166989
 20
58.259513
 10
127.746421
 20
58.661673
 10
128.355585
 20
58.989852
 10
128.995067
 20
59.244243
 10
129.665452
 20
59.425042
 10
130.367328
 20
59.532444
 10
131.101278
 20
59.566642
 10
131.867889
 20
59.527832
 10
132.643122
 20
59.418585
 10
132.948554
 20
59.337304
 10
133.218673
 20
59.228834
 10
133.468084
 20
59.086113
 10
133.711393
 20
58.902080
 10
134.238134
 20
58.381826
 10
134.598471
 20
58.021128
 10
134.871965
 20
57.809240
 10
135.054439
 20
57.734295
 10
135.110237
 20
57.744468
 10
135.141713
 20
57.784428
 10
135.129611
 20
57.947773
 10
135.013952
 20
58.212465
 10
134.790560
 20
58.566639
 10
134.455256
 20
58.998428
 10
134.178327
 20
59.294038
 10
133.875934
 20
59.553861
 10
133.549345
 20
59.777825
 10
133.199827
 20
59.965855
 10
132.828647
 20
60.117877
 10
132.437072
 20
60.233817
 10
132.026369
 20
60.313603
 10
131.597806
 20
60.357160
 10
131.152649
 20
60.364415
 10
130.692165
 20
60.335294
 10
129.730286
 20
60.167628
 10
128.722306
 20
59.853574
 10
127.678362
 20
59.392542
 10
127.035296
 20
59.022661
 10
126.387565
 20
58.572826
 10
125.810592
 20
58.099868
 10
125.379797
 20
57.660613
 10
125.066757
 20
57.311212
 10
124.810405
 20
57.082905
 10
124.637193
 20
56.995154
 10
124.590033
 20
57.010070
 10
124.573578
 20
57.067424
 10
124.599324
 20
57.206765
 10
124.673669
 20
57.369568
 10
124.950794
 20
57.751527
 10
125.370232
 20
58.185247
 10
125.897258
 20
58.642675
 10
126.497152
 20
59.095754
 10
127.135189
 20
59.516432
 10
127.776649
 20
59.876653
 10
128.386808
 20
60.148363
 10
128.954749
 20
60.342901
 10
129.509114
 20
60.496944
 10
130.048674
 20
60.610780
 10
130.572201
 20
60.684697
 10
131.078468
 20
60.718982
 10
131.566247
 20
60.713922
 10
132.034310
 20
60.669806
 10
132.481429
 20
60.586921
 10
132.906376
 20
60.465554
 10
133.307924
 20
60.305994
 10
133.684844
 20
60.108527
 10
134.035908
 20
59.873441
 10
134.359889
 20
59.601024
 10
134.655558
 20
59.291564
 10
134.921689
 20
58.945348
 10
135.157052
 20
58.562664
 10
135.406368
 20
58.130184
 10
135.555491
 20
57.927713
 10
135.593384
 20
57.911931
 10
135.607316
 20
57.952691
 10
135.564740
 20
58.202561
 10
135.459302
 20
58.554875
 10
135.320818
 20
58.891785
 10
135.150936
 20
59.212187
 10
134.951303
 20
59.514976
 10
134.469382
 20
60.063295
 10
133.888240
 20
60.527905
 10
133.221063
 20
60.899967
 10
132.481036
 20
61.170646
 10
131.681346
 20
61.331102
 10
130.835178
 20
61.372497
 10
130.213608
 20
61.308893
 10
129.519410
 20
61.153052
 10
128.775790
 20
60.915214
 10
128.005955
 20
60.605620
 10
127.233110
 20
60.234508
 10
126.480461
 20
59.812119
 10
125.771216
 20
59.348693
 10
125.128580
 20
58.854468
 10
124.778693
 20
58.583458
 10
124.513962
 20
58.424692
 10
124.358929
 20
58.389511
 10
124.330219
 20
58.421808
 10
124.338137
 20
58.489255
 10
124.529873
 20
58.779495
 10
124.921224
 20
59.147292
 10
125.468028
 20
59.564787
 10
126.126124
 20
60.004120
 10
126.851349
 20
60.437434
 10
127.599542
 20
60.836870
 10
128.326541
 20
61.174567
 10
128.988185
 20
61.422668
 10
129.924810
 20
61.653863
 10
130.842007
 20
61.754612
 10
131.726767
 20
61.728291
 10
132.566077
 20
61.578276
 10
133.346926
 20
61.307944
 10
134.056304
 20
60.920669
 10
134.380125
 20
60.684234
 10
134.681198
 20
60.419828
 10
134.957899
 20
60.127875
 10
135.208599
 20
59.808797
 10
135.536157
 20
59.271083
 10
135.648264
 20
58.998819
 10
135.730706
 20
58.702462
 10
135.820945
 20
57.972009
 10
135.835579
 20
56.948798
 10
135.813725
 20
54.998500
 10
136.220301
 20
55.973649
 10
136.362828
 20
56.455494
 10
136.431741
 20
57.016664
 10
136.431062
 20
57.630624
 10
136.364813
 20
58.270841
 10
136.237015
 20
58.910781
 10
136.051692
 20
59.523910
 10
135.812865
 20
60.083695
 10
135.524556
 20
60.563603
 10
135.165221
 20
60.983205
 10
134.738359
 20
61.348386
 10
134.251594
 20
61.659042
 10
133.712551
 20
61.915075
 10
133.128854
 20
62.116384
 10
132.508127
 20
62.262867
 10
131.857993
 20
62.354424
 10
131.186077
 20
62.390955
 10
130.500004
 20
62.372358
 10
129.807397
 20
62.298533
 10
129.115880
 20
62.169379
 10
128.433077
 20
61.984796
 10
127.766613
 20
61.744682
 10
127.124112
 20
61.448938
 10
126.513198
 20
61.097462
 10
125.941494
 20
60.690154
 10
125.518543
 20
60.376394
 10
125.172182
 20
60.159855
 10
124.938155
 20
60.060023
 10
124.874436
 20
60.059959
 10
124.852203
 20
60.096379
 10
124.928072
 20
60.272044
 10
125.136408
 20
60.513321
 10
125.834870
 20
61.105852
 10
126.716360
 20
61.700262
 10
127.153482
 20
61.943887
 10
127.549651
 20
62.122840
 10
128.614035
 20
62.464185
 10
129.677556
 20
62.682949
 10
130.722088
 20
62.780630
 10
131.729502
 20
62.758724
 10
132.681671
 20
62.618731
 10
133.560468
 20
62.362147
 10
133.966688
 20
62.190602
 10
134.347766
 20
61.990471
 10
134.701437
 20
61.761941
 10
135.025436
 20
61.505199
 10
135.438365
 20
61.068847
 10
135.863774
 20
60.494401
 10
136.251584
 20
59.856521
 10
136.551713
 20
59.229866
 10
136.834310
 20
58.550876
 10
136.988742
 20
58.254271
 10
137.023278
 20
58.243083
 10
137.032233
 20
58.319955
 10
136.982006
 20
58.727832
 10
136.862568
 20
59.261281
 10
136.678695
 20
59.777824
 10
136.433171
 20
60.273632
 10
136.128783
 20
60.744878
 10
135.768312
 20
61.187733
 10
135.354545
 20
61.598369
 10
134.890265
 20
61.972957
 10
134.378257
 20
62.307668
 10
133.891132
 20
62.556102
 10
133.364529
 20
62.756351
 10
132.804121
 20
62.909233
 10
132.215580
 20
63.015567
 10
131.604579
 20
63.076171
 10
130.976788
 20
63.091862
 10
130.337881
 20
63.063459
 10
129.693530
 20
62.991779
 10
129.049406
 20
62.877642
 10
128.411183
 20
62.721863
 10
127.784532
 20
62.525263
 10
127.175125
 20
62.288658
 10
126.588635
 20
62.012867
 10
126.030734
 20
61.698707
 10
125.507095
 20
61.346997
 10
125.023388
 20
60.958555
 10
124.507967
 20
60.419787
 10
123.938787
 20
59.685181
 10
123.353599
 20
58.820424
 10
122.790154
 20
57.891202
 10
122.286204
 20
56.963200
 10
121.879500
 20
56.102104
 10
121.607793
 20
55.373600
 10
121.534361
 20
55.079596
 10
121.508835
 20
54.843373
 10
121.487182
 20
54.632540
 10
121.428225
 20
54.434409
 10
121.340968
 20
54.271228
 10
121.234418
 20
54.165250
 10
121.167693
 20
54.140104
 10
121.118411
 20
54.156687
 10
121.070264
 20
54.306432
 10
121.086143
 20
54.597273
 10
121.162213
 20
55.011996
 10
121.479596
 20
56.144242
 10
121.991743
 20
57.565469
 10
122.344560
 20
58.337339
 10
122.800577
 20
59.159258
 10
123.300899
 20
59.932963
 10
123.786632
 20
60.560190
 10
124.211164
 20
61.072285
 10
124.544849
 20
61.532516
 10
124.754240
 20
61.890492
 10
124.805895
 20
62.095826
 10
124.762602
 20
62.148506
 10
124.685679
 20
62.161626
 10
124.446921
 20
62.082379
 10
124.121576
 20
61.884471
 10
123.741599
 20
61.594290
 10
123.338945
 20
61.238222
 10
122.945569
 20
60.842652
 10
122.593426
 20
60.433969
 10
122.314471
 20
60.038558
 10
122.110565
 20
59.735552
 10
121.943427
 20
59.546903
 10
121.830316
 20
59.487866
 10
121.799414
 20
59.511718
 10
121.788491
 20
59.573693
 10
121.825682
 20
59.768991
 10
121.927723
 20
60.008021
 10
122.079012
 20
60.260514
 10
122.263946
 20
60.496198
 10
122.486816
 20
60.769347
 10
122.575071
 20
60.965625
 10
122.532936
 20
61.116884
 10
122.364639
 20
61.254977
 10
122.282382
 20
61.332407
 10
122.251540
 20
61.436092
 10
122.275205
 20
61.571392
 10
122.356468
 20
61.743664
 10
122.704156
 20
62.220561
 10
123.319339
 20
62.909654
 10
123.858974
 20
63.461951
 10
124.344726
 20
63.914235
 10
124.723363
 20
64.219831
 10
124.941653
 20
64.332069
 10
124.973635
 20
64.305432
 10
124.951978
 20
64.229089
 10
124.764376
 20
63.948700
 10
124.412093
 20
63.533723
 10
123.928377
 20
63.026983
 10
123.006661
 20
62.038497
 10
122.726271
 20
61.685837
 10
122.623291
 20
61.494606
 10
122.651590
 20
61.364427
 10
122.731673
 20
61.303491
 10
122.856317
 20
61.305056
 10
123.018304
 20
61.362377
 10
123.425417
 20
61.617309
 10
123.895243
 20
62.014337
 10
124.370014
 20
62.499508
 10
124.791962
 20
63.018869
 10
125.103318
 20
63.518469
 10
125.199472
 20
63.743998
 10
125.246314
 20
63.944354
 10
125.303705
 20
64.255186
 10
125.398571
 20
64.525686
 10
125.517734
 20
64.726811
 10
125.648012
 20
64.829517
 10
125.771737
 20
64.892283
 10
125.873057
 20
64.984662
 10
125.941516
 20
65.094219
 10
125.966659
 20
65.208519
 10
125.933566
 20
65.291609
 10
125.839230
 20
65.320016
 10
125.496496
 20
65.232478
 10
124.997789
 20
64.985312
 10
124.402442
 20
64.617923
 10
123.769785
 20
64.169718
 10
123.159151
 20
63.680102
 10
122.629871
 20
63.188481
 10
122.241277
 20
62.734261
 10
121.614589
 20
61.938812
 10
121.394494
 20
61.726288
 10
121.278680
 20
61.683213
 10
121.280715
 20
61.809220
 10
121.381499
 20
62.057062
 10
121.809631
 20
62.774962
 10
122.084980
 20
63.123176
 10
122.449952
 20
63.497240
 10
122.899697
 20
63.893539
 10
123.429362
 20
64.308460
 10
124.709049
 20
65.179717
 10
126.250198
 20
66.082104
 10
126.710958
 20
66.354460
 10
126.972474
 20
66.551402
 10
127.051401
 20
66.672340
 10
127.027599
 20
66.704122
 10
126.964395
 20
66.716681
 10
126.728110
 20
66.683833
 10
126.359202
 20
66.573204
 10
125.874324
 20
66.384202
 10
125.290132
 20
66.116234
 10
124.488219
 20
65.671744
 10
123.657147
 20
65.116706
 10
122.822707
 20
64.474840
 10
122.010691
 20
63.769868
 10
121.246890
 20
63.025511
 10
120.557095
 20
62.265490
 10
119.967097
 20
61.513526
 10
119.502687
 20
60.793340
 10
118.865020
 20
59.771895
 10
118.640593
 20
59.491613
 10
118.566060
 20
59.428728
 10
118.522009
 20
59.424832
 10
118.531883
 20
59.589697
 10
118.657220
 20
59.940135
 10
119.169322
 20
60.992033
 10
119.447944
 20
61.465229
 10
119.766311
 20
61.935476
 10
120.513877
 20
62.860554
 10
121.395217
 20
63.754124
 10
122.393528
 20
64.603042
 10
123.492008
 20
65.394167
 10
124.673852
 20
66.114354
 10
125.922258
 20
66.750462
 10
127.220422
 20
67.289347
 10
127.512961
 20
67.405760
 10
127.598959
 20
67.481342
 10
127.470708
 20
67.540714
 10
127.120499
 20
67.608494
 10
126.895499
 20
67.621814
 10
126.629032
 20
67.593215
 10
125.988687
 20
67.419806
 10
125.233459
 20
67.107361
 10
124.397339
 20
66.674974
 10
123.514323
 20
66.141738
 10
122.618402
 20
65.526747
 10
121.743572
 20
64.849096
 10
120.923824
 20
64.127877
 10
119.566048
 20
62.921112
 10
119.153008
 20
62.611671
 10
119.040548
 20
62.552850
 10
119.001309
 20
62.566501
 10
119.125985
 20
62.820049
 10
119.467326
 20
63.235072
 10
120.603896
 20
64.367709
 10
122.018802
 20
65.600754
 10
122.708063
 20
66.141286
 10
123.319826
 20
66.570549
 10
124.058429
 20
67.060083
 10
124.307818
 20
67.274871
 10
124.249433
 20
67.285336
 10
124.069196
 20
67.234433
 10
123.343770
 20
66.958284
 10
123.113984
 20
66.880438
 10
122.984311
 20
66.872497
 10
122.951411
 20
66.935594
 10
123.011943
 20
67.070862
 10
123.091038
 20
67.227908
 10
123.102809
 20
67.329148
 10
123.052727
 20
67.375920
 10
122.946266
 20
67.369563
 10
122.586090
 20
67.202811
 10
122.066058
 20
66.839595
 10
121.558957
 20
66.485693
 10
121.193042
 20
66.310945
 10
121.078979
 20
66.295353
 10
121.019354
 20
66.330069
 10
121.020546
 20
66.416935
 10
121.088935
 20
66.557788
 10
121.139000
 20
66.693763
 10
121.073551
 20
66.741835
 10
120.907056
 20
66.709016
 10
120.653985
 20
66.602319
 10
119.945998
 20
66.195345
 10
119.065347
 20
65.577018
 10
118.170193
 20
64.804928
 10
117.266137
 20
63.870410
 10
116.472127
 20
62.906451
 10
116.153562
 20
62.454989
 10
115.907114
 20
62.046038
 10
115.852889
 20
61.908604
 10
115.833448
 20
61.757601
 10
115.905638
 20
61.396479
 10
116.137122
 20
60.925858
 10
116.541339
 20
60.308923
 10
116.891144
 20
59.779924
 10
117.120439
 20
59.365475
 10
117.233459
 20
59.073113
 10
117.234444
 20
58.910379
 10
117.194247
 20
58.879978
 10
117.127629
 20
58.884811
 10
116.917253
 20
59.003948
 10
116.607551
 20
59.275330
 10
116.202762
 20
59.706496
 10
115.733971
 20
60.158017
 10
115.178585
 20
60.551455
 10
114.551463
 20
60.882032
 10
113.867463
 20
61.144968
 10
113.141445
 20
61.335486
 10
112.388268
 20
61.448807
 10
111.622789
 20
61.480152
 10
110.859868
 20
61.424743
 10
110.174979
 20
61.307624
 10
109.453173
 20
61.137359
 10
108.721256
 20
60.923930
 10
108.006033
 20
60.677317
 10
107.334312
 20
60.407502
 10
106.732897
 20
60.124467
 10
106.228596
 20
59.838192
 10
105.848214
 20
59.558659
 10
105.499717
 20
59.213232
 10
105.473320
 20
59.148611
 10
105.558180
 20
59.172927
 10
105.693406
 20
59.218361
 10
105.804144
 20
59.211243
 10
105.878967
 20
59.155447
 10
105.906447
 20
59.054847
 10
105.888127
 20
58.940282
 10
105.838245
 20
58.846463
 10
105.764420
 20
58.783071
 10
105.674269
 20
58.759789
 10
105.539836
 20
58.735037
 10
105.385037
 20
58.663683
 10
105.027696
 20
58.398567
 10
104.628951
 20
57.999247
 10
104.215507
 20
57.500526
 10
103.814070
 20
56.937210
 10
103.451344
 20
56.344102
 10
103.154033
 20
55.756009
 10
102.948844
 20
55.207733
 10
102.798599
 20
54.561012
 10
102.706225
 20
53.878009
 10
102.669712
 20
53.188475
 10
102.687047
 20
52.522161
 10
102.756220
 20
51.908816
 10
102.875219
 20
51.378191
 10
103.042033
 20
50.960036
 10
103.254652
 20
50.684101
 10
103.411602
 20
50.593783
 10
103.448520
 20
50.617926
 10
103.457511
 20
50.692774
 10
103.391039
 20
51.008096
 10
103.210842
 20
51.566774
 10
103.073998
 20
52.042433
 10
102.988371
 20
52.524295
 10
102.953751
 20
53.009879
 10
102.969926
 20
53.496704
 10
103.036684
 20
53.982289
 10
103.153814
 20
54.464153
 10
103.321104
 20
54.939815
 10
103.538342
 20
55.406794
 10
103.946271
 20
56.029268
 10
104.504663
 20
56.661057
 10
105.171977
 20
57.273044
 10
105.906672
 20
57.836110
 10
106.667208
 20
58.321138
 10
107.412045
 20
58.699009
 10
108.099642
 20
58.940606
 10
108.408995
 20
59.001202
 10
108.688460
 20
59.016810
 10
108.944626
 20
58.981412
 10
108.970875
 20
58.944208
 10
108.926943
 20
58.892280
 10
108.621652
 20
58.739092
 10
108.014995
 20
58.511524
 10
107.376683
 20
58.241877
 10
106.724865
 20
57.884820
 10
106.081888
 20
57.459113
 10
105.470097
 20
56.983518
 10
104.911841
 20
56.476796
 10
104.429466
 20
55.957708
 10
104.045318
 20
55.445017
 10
103.781746
 20
54.957483
 10
103.543424
 20
54.242450
 10
103.415470
 20
53.516016
 10
103.395130
 20
52.792220
 10
103.479655
 20
52.085100
 10
103.666291
 20
51.408697
 10
103.952288
 20
50.777049
 10
104.334894
 20
50.204195
 10
104.811358
 20
49.704175
 10
105.165714
 20
49.426021
 10
105.229726
 20
49.417247
 10
105.214905
 20
49.503722
 10
104.938592
 20
49.987562
 10
104.316438
 20
50.927822
 10
104.061994
 20
51.378098
 10
103.859549
 20
51.882759
 10
103.725821
 20
52.391406
 10
103.677530
 20
52.853642
 10
103.733075
 20
53.438698
 10
103.892881
 20
54.023778
 10
104.146700
 20
54.601721
 10
104.484287
 20
55.165368
 10
104.895394
 20
55.707558
 10
105.369775
 20
56.221130
 10
105.897184
 20
56.698926
 10
106.467373
 20
57.133784
 10
107.070097
 20
57.518544
 10
107.695108
 20
57.846047
 10
108.332161
 20
58.109132
 10
108.971009
 20
58.300639
 10
109.601404
 20
58.413408
 10
110.213102
 20
58.440278
 10
110.795854
 20
58.374090
 10
111.339414
 20
58.207683
 10
111.504019
 20
58.101578
 10
111.486834
 20
58.061395
 10
111.401554
 20
58.029379
 10
111.021406
 20
57.988604
 10
110.352958
 20
57.976768
 10
109.855682
 20
57.960365
 10
109.366439
 20
57.909696
 10
108.419354
 20
57.710132
 10
107.526301
 20
57.387207
 10
106.701881
 20
56.950056
 10
105.960693
 20
56.407813
 10
105.625874
 20
56.100135
 10
105.317338
 20
55.769610
 10
105.036909
 20
55.417378
 10
104.786414
 20
55.044581
 10
104.567676
 20
54.652361
 10
104.382522
 20
54.241860
 10
104.156203
 20
53.600046
 10
104.062583
 20
53.071483
 10
104.094974
 20
52.540428
 10
104.246686
 20
51.891136
 10
104.420468
 20
51.392125
 10
104.648735
 20
50.908137
 10
104.901843
 20
50.494454
 10
105.150147
 20
50.206357
 10
105.469270
 20
49.933815
 10
105.613987
 20
49.849083
 10
105.614096
 20
49.956915
 10
105.499392
 20
50.262062
 10
105.339620
 20
50.758436
 10
105.227514
 20
51.313702
 10
105.162840
 20
51.904521
 10
105.145364
 20
52.507553
 10
105.174851
 20
53.099458
 10
105.251066
 20
53.656898
 10
105.373775
 20
54.156533
 10
105.542743
 20
54.575024
 10
105.823846
 20
55.031797
 10
106.170003
 20
55.454256
 10
106.568830
 20
55.834208
 10
107.007942
 20
56.163455
 10
107.474952
 20
56.433802
 10
107.957477
 20
56.637054
 10
108.443129
 20
56.765016
 10
108.919524
 20
56.809491
 10
109.296406
 20
56.795077
 10
109.548271
 20
56.755903
 10
109.678784
 20
56.698072
 10
109.691607
 20
56.627684
 10
109.590403
 20
56.550844
 10
109.378835
 20
56.473651
 10
108.639262
 20
56.342621
 10
107.997092
 20
56.217600
 10
107.415250
 20
55.992934
 10
106.898568
 20
55.673936
 10
106.451878
 20
55.265915
 10
106.080013
 20
54.774186
 10
105.787806
 20
54.204058
 10
105.580088
 20
53.560845
 10
105.461692
 20
52.849858
 10
105.406580
 20
52.208643
 10
105.416170
 20
51.937019
 10
105.450923
 20
51.928017
 10
105.508684
 20
51.997267
 10
105.702342
 20
52.351667
 10
106.443320
 20
53.701781
 10
106.755451
 20
54.162760
 10
107.053334
 20
54.505012
 10
107.355462
 20
54.746528
 10
107.680329
 20
54.905301
 10
108.046428
 20
54.999324
 10
108.472253
 20
55.046590
 10
108.925862
 20
55.058850
 10
109.368711
 20
55.036347
 10
109.800561
 20
54.979239
 10
110.221176
 20
54.887684
 10
110.630317
 20
54.761840
 10
111.027747
 20
54.601866
 10
111.413227
 20
54.407921
 10
111.786522
 20
54.180162
 10
112.495600
 20
53.623838
 10
113.153081
 20
52.934161
 10
113.757062
 20
52.112396
 10
114.305644
 20
51.159812
 10
114.661411
 20
50.408507
 10
114.959571
 20
49.646539
 10
115.206035
 20
48.843668
 10
115.406712
 20
47.969656
 10
115.567514
 20
46.994263
 10
115.694350
 20
45.887249
 10
115.793131
 20
44.618377
 10
115.869768
 20
43.157405
 10
115.955464
 20
41.539190
 10
116.048699
 20
40.433788
 10
116.143990
 20
39.889180
 10
116.190694
 20
39.842167
 10
116.235857
 20
39.953344
 10
116.344154
 20
40.597201
 10
116.413697
 20
41.387174
 10
116.445449
 20
42.282605
 10
116.440371
 20
43.242835
 10
116.399427
 20
44.227208
 10
116.323578
 20
45.195063
 10
116.213786
 20
46.105743
 10
116.071014
 20
46.918590
 10
115.765542
 20
48.513489
 10
115.696553
 20
49.068768
 10
115.684718
 20
49.490698
 10
115.731033
 20
49.800352
 10
115.836489
 20
50.018803
 10
116.002079
 20
50.167125
 10
116.228798
 20
50.266392
 10
116.475609
 20
50.307097
 10
116.754068
 20
50.282770
 10
117.063844
 20
50.193584
 10
117.404609
 20
50.039711
 10
117.776031
 20
49.821324
 10
118.177782
 20
49.538594
 10
119.070951
 20
48.780799
 10
119.354828
 20
48.539190
 10
119.575921
 20
48.400181
 10
119.733897
 20
48.363165
 10
119.828426
 20
48.427534
 10
119.859174
 20
48.592680
 10
119.825811
 20
48.857994
 10
119.565422
 20
49.686695
 10
119.478749
 20
49.964190
 10
119.443621
 20
50.191434
 10
119.461125
 20
50.344977
 10
119.532345
 20
50.401369
 10
119.646002
 20
50.307671
 10
119.779616
 20
50.052481
 10
120.063428
 20
49.213063
 10
120.297203
 20
48.193983
 10
120.368273
 20
47.714217
 10
120.394368
 20
47.306110
 10
120.408853
 20
47.080018
 10
120.448292
 20
46.922445
 10
120.506662
 20
46.847699
 10
120.577940
 20
46.870088
 10
120.646801
 20
47.056955
 10
120.698592
 20
47.430049
 10
120.730887
 20
48.518554
 10
120.725234
 20
49.254222
 10
120.757145
 20
49.599673
 10
120.791585
 20
49.639113
 10
120.840696
 20
49.596654
 10
120.989966
 20
49.286913
 10
121.092229
 20
48.906540
 10
121.156509
 20
48.385771
 10
121.177551
 20
47.793172
 10
121.150102
 20
47.197308
 10
121.115117
 20
46.557475
 10
121.115642
 20
45.845160
 10
121.149558
 20
45.147210
 10
121.214741
 20
44.550475
 10
121.408949
 20
43.296712
 10
121.636763
 20
45.234406
 10
121.696040
 20
45.940731
 10
121.714345
 20
46.680161
 10
121.693535
 20
47.434541
 10
121.635467
 20
48.185719
 10
121.542001
 20
48.915542
 10
121.414993
 20
49.605855
 10
121.256302
 20
50.238506
 10
121.067787
 20
50.795341
 10
120.995215
 20
51.015095
 10
120.985671
 20
51.147068
 10
121.038955
 20
51.190459
 10
121.154868
 20
51.144467
 10
121.331710
 20
50.966825
 10
121.488768
 20
50.673841
 10
121.625663
 20
50.279444
 10
121.742014
 20
49.797562
 10
121.911562
 20
48.627053
 10
121.994371
 20
47.273737
 10
121.987399
 20
45.849037
 10
121.887605
 20
44.464375
 10
121.691946
 20
43.231175
 10
121.557217
 20
42.706192
 10
121.397381
 20
42.260857
 10
121.084653
 20
41.491329
 10
120.976353
 20
41.085943
 10
120.998521
 20
41.007208
 10
121.071384
 20
41.004394
 10
121.368649
 20
41.206379
 10
121.583553
 20
41.466531
 10
121.801144
 20
41.875981
 10
122.012099
 20
42.402191
 10
122.207091
 20
43.012624
 10
122.376798
 20
43.674743
 10
122.511893
 20
44.356011
 10
122.603053
 20
45.023891
 10
122.640951
 20
45.645846
 10
122.660851
 20
46.226105
 10
122.704891
 20
46.522729
 10
122.738094
 20
46.570554
 10
122.779887
 20
46.554523
 10
122.892653
 20
46.340294
 10
122.953475
 20
46.102955
 10
122.980775
 20
45.779437
 10
122.937322
 20
44.897819
 10
122.767316
 20
43.743352
 10
122.475780
 20
42.363947
 10
122.426348
 20
42.075236
 10
122.442729
 20
41.893311
 10
122.526888
 20
41.813044
 10
122.680793
 20
41.829302
 10
122.847639
 20
41.983843
 10
123.035489
 20
42.316282
 10
123.221330
 20
42.777729
 10
123.382149
 20
43.319295
 10
123.647512
 20
44.290454
 10
123.653431
 20
44.135102
 10
123.593736
 20
43.575326
 10
123.385301
 20
41.532001
 10
123.288096
 20
40.021966
 10
123.307055
 20
39.192761
 10
123.361638
 20
39.079575
 10
123.447112
 20
39.191924
 10
123.601580
 20
39.666430
 10
123.747198
 20
40.336057
 10
123.988892
 20
42.045196
 10
124.126213
 20
43.888382
 10
124.141365
 20
44.725568
 10
124.113180
 20
45.434657
 10
124.072277
 20
46.096872
 10
124.084328
 20
46.483893
 10
124.111037
 20
46.579551
 10
124.151976
 20
46.612825
 10
124.277861
 20
46.500773
 10
124.410837
 20
46.172996
 10
124.500953
 20
45.661362
 10
124.548781
 20
44.998521
 10
124.554895
 20
44.217121
 10
124.519866
 20
43.349812
 10
124.444267
 20
42.429241
 10
124.328671
 20
41.488058
 10
124.173651
 20
40.558912
 10
123.891113
 20
39.270568
 10
123.551973
 20
38.063685
 10
123.155953
 20
36.937681
 10
122.702772
 20
35.891971
 10
122.192152
 20
34.925973
 10
121.623813
 20
34.039104
 10
120.997476
 20
33.230780
 10
120.312862
 20
32.500420
 10
119.696277
 20
31.878382
 10
119.239872
 20
31.368986
 10
118.987308
 20
31.024800
 10
118.951110
 20
30.931087
 10
118.982245
 20
30.898390
 10
119.156239
 20
30.947854
 10
119.391209
 20
31.082536
 10
119.656355
 20
31.281865
 10
119.920878
 20
31.525271
  0
LWPOLYLINE
  8
ENGRAVE_RED
 62
1
 90
20
 70
1
 10
122.344666
 20
34.392163
 10
122.499233
 20
34.802039
 10
122.870851
 20
35.576272
 10
123.346388
 20
36.654158
 10
123.750796
 20
37.794086
 10
123.905473
 20
38.253853
 10
124.065116
 20
38.630363
 10
124.210914
 20
38.884762
 10
124.324059
 20
38.978195
 10
124.358744
 20
38.949372
 10
124.369918
 20
38.866574
 10
124.328920
 20
38.561070
 10
124.043907
 20
37.544593
 10
123.584120
 20
36.281110
 10
123.064662
 20
35.122967
 10
122.776702
 20
34.615740
 10
122.548699
 20
34.312666
 10
122.462814
 20
34.243404
 10
122.398678
 20
34.232042
 10
122.358544
 20
34.280866
  0
LWPOLYLINE
  8
ENGRAVE_RED
 62
1
 90
14
 70
1
 10
108.006245
 20
55.432923
 10
108.148455
 20
55.534697
 10
108.415912
 20
55.618040
 10
108.770319
 20
55.674353
 10
109.173379
 20
55.695035
 10
109.846923
 20
55.668845
 10
109.996217
 20
55.637445
 10
110.021438
 20
55.595030
 10
109.702402
 20
55.480721
 10
108.895296
 20
55.333052
 10
108.478413
 20
55.285869
 10
108.179540
 20
55.288105
 10
108.016282
 20
55.337782
 10
107.991011
 20
55.379793
  0
LWPOLYLINE
  8
ENGRAVE_RED
 62
1
 90
48
 70
1
 10
117.346000
 20
62.273239
 10
117.369432
 20
62.453925
 10
117.451410
 20
62.681557
 10
117.762905
 20
63.245290
 10
118.224281
 20
63.899699
 10
118.779336
 20
64.580045
 10
119.371867
 20
65.221588
 10
119.945672
 20
65.759589
 10
120.444546
 20
66.129310
 10
120.648322
 20
66.230833
 10
120.812289
 20
66.266010
 10
120.878106
 20
66.233379
 10
120.851349
 20
66.145685
 10
120.554014
 20
65.858464
 10
120.358977
 20
65.687326
 10
120.224819
 20
65.521616
 10
120.163575
 20
65.380246
 10
120.187279
 20
65.282128
 10
120.244581
 20
65.266528
 10
120.342734
 20
65.287893
 10
120.640216
 20
65.429372
 10
121.036973
 20
65.682280
 10
121.490250
 20
66.022327
 10
122.324810
 20
66.630755
 10
122.605543
 20
66.788983
 10
122.740544
 20
66.815202
 10
122.655985
 20
66.665673
 10
122.338902
 20
66.345386
 10
121.208278
 20
65.380804
 10
120.043140
 20
64.514674
 10
119.688701
 20
64.300957
 10
119.592197
 20
64.264716
 10
119.558526
 20
64.281564
 10
119.656737
 20
64.533507
 10
119.892863
 20
64.833574
 10
120.038120
 20
64.994694
 10
120.086795
 20
65.097525
 10
120.038940
 20
65.151964
 10
119.894604
 20
65.167911
 10
119.759057
 20
65.119423
 10
119.574492
 20
64.977689
 10
119.076633
 20
64.436842
 10
118.437674
 20
63.590100
 10
117.694262
 20
62.482194
 10
117.564105
 20
62.305343
 10
117.455056
 20
62.206997
 10
117.378543
 20
62.194010
 10
117.345994
 20
62.273239
  0
LWPOLYLINE
  8
ENGRAVE_RED
 62
1
 90
8
 70
1
 10
126.245262
 20
31.037697
 10
126.204340
 20
31.136082
 10
126.105955
 20
31.177004
 10
126.007569
 20
31.136082
 10
125.966648
 20
31.037697
 10
126.007569
 20
30.939311
 10
126.105955
 20
30.898390
 10
126.204340
 20
30.939311
  0
LWPOLYLINE
  8
ENGRAVE_RED
 62
1
 90
8
 70
1
 10
135.718137
 20
32.987994
 10
135.677216
 20
33.086380
 10
135.578830
 20
33.127301
 10
135.480445
 20
33.086380
 10
135.439523
 20
32.987994
 10
135.480445
 20
32.889609
 10
135.578830
 20
32.848688
 10
135.677216
 20
32.889609
  0
LWPOLYLINE
  8
ENGRAVE_RED
 62
1
 90
12
 70
1
 10
132.931998
 20
37.970242
 10
132.899720
 20
38.035748
 10
132.811836
 20
38.008146
 10
132.522937
 20
37.708029
 10
132.234038
 20
37.244229
 10
132.146154
 20
37.039446
 10
132.113877
 20
36.888590
 10
132.146154
 20
36.823084
 10
132.234038
 20
36.850687
 10
132.522937
 20
37.150801
 10
132.811836
 20
37.614603
 10
132.899720
 20
37.819387
  0
LWPOLYLINE
  8
ENGRAVE_RED
 62
1
 90
13
 70
1
 10
133.249655
 20
39.341981
 10
133.424170
 20
39.684823
 10
133.453114
 20
39.807605
 10
133.311050
 20
39.717727
 10
132.972539
 20
39.422588
 10
132.550364
 20
38.973753
 10
132.421937
 20
38.779635
 10
132.374770
 20
38.639958
 10
132.397793
 20
38.529737
 10
132.461520
 20
38.488946
 10
132.557932
 20
38.511153
 10
132.679011
 20
38.589924
 10
132.963103
 20
38.891425
  0
LWPOLYLINE
  8
ENGRAVE_RED
 62
1
 90
119
 70
1
 10
155.318170
 20
53.139968
 10
155.896116
 20
53.472865
 10
156.433009
 20
53.830332
 10
156.928367
 20
54.211444
 10
157.381704
 20
54.615272
 10
157.792538
 20
55.040892
 10
158.160385
 20
55.487377
 10
158.484761
 20
55.953800
 10
158.765182
 20
56.439235
 10
159.001165
 20
56.942755
 10
159.192226
 20
57.463435
 10
159.337881
 20
58.000347
 10
159.437646
 20
58.552566
 10
159.491038
 20
59.119165
 10
159.497572
 20
59.699217
 10
159.456766
 20
60.291797
 10
159.368135
 20
60.895978
 10
159.218029
 20
61.550077
 10
158.999687
 20
62.287795
 10
158.419399
 20
63.865350
 10
157.749476
 20
65.331162
 10
157.419089
 20
65.929204
 10
157.112120
 20
66.387755
 10
156.890470
 20
66.645949
 10
156.817574
 20
66.688387
 10
156.764601
 20
66.666270
 10
156.702335
 20
66.408027
 10
156.671494
 20
65.830527
 10
156.643778
 20
62.753988
 10
156.594620
 20
61.645357
 10
156.528120
 20
61.153034
 10
156.432962
 20
60.701186
 10
156.308614
 20
60.289169
 10
156.154544
 20
59.916345
 10
155.970217
 20
59.582070
 10
155.755101
 20
59.285704
 10
155.508665
 20
59.026606
 10
155.230373
 20
58.804135
 10
154.919695
 20
58.617649
 10
154.576097
 20
58.466508
 10
154.199047
 20
58.350069
 10
153.788011
 20
58.267693
 10
153.342457
 20
58.218737
 10
152.861851
 20
58.202561
 10
152.479746
 20
58.183984
 10
152.166834
 20
58.133402
 10
151.955407
 20
58.058542
 10
151.877755
 20
57.967129
 10
151.924060
 20
57.781629
 10
152.055113
 20
57.584803
 10
152.259124
 20
57.384394
 10
152.524301
 20
57.188142
 10
152.838853
 20
57.003788
 10
153.190988
 20
56.839074
 10
153.568916
 20
56.701742
 10
153.960844
 20
56.599532
 10
154.480618
 20
56.469986
 10
154.839220
 20
56.331033
 10
155.036734
 20
56.182974
 10
155.075108
 20
56.105624
 10
155.073242
 20
56.026111
 10
154.948825
 20
55.860745
 10
154.663567
 20
55.687178
 10
154.217550
 20
55.505711
 10
153.610856
 20
55.316645
 10
152.475334
 20
55.045445
 10
151.441948
 20
54.899036
 10
150.506710
 20
54.878266
 10
149.665636
 20
54.983984
 10
149.279164
 20
55.084540
 10
148.914738
 20
55.217037
 10
148.571860
 20
55.381579
 10
148.250031
 20
55.578274
 10
147.948754
 20
55.807226
 10
147.667529
 20
56.068542
 10
147.405859
 20
56.362329
 10
147.163246
 20
56.688691
 10
146.877082
 20
57.181309
 10
146.705396
 20
57.642052
 10
146.645665
 20
58.062523
 10
146.695367
 20
58.434327
 10
146.851976
 20
58.749065
 10
147.112971
 20
58.998340
 10
147.475828
 20
59.173756
 10
147.938022
 20
59.266916
 10
148.442367
 20
59.328214
 10
148.586039
 20
59.366144
 10
148.663509
 20
59.416812
 10
148.679377
 20
59.486130
 10
148.638241
 20
59.580009
 10
148.403357
 20
59.865100
 10
148.122243
 20
60.099863
 10
147.810862
 20
60.227439
 10
147.480555
 20
60.251941
 10
147.142663
 20
60.177483
 10
146.808528
 20
60.008179
 10
146.489490
 20
59.748142
 10
146.196890
 20
59.401486
 10
145.942070
 20
58.972325
 10
145.694196
 20
58.404531
 10
145.587431
 20
57.923353
 10
145.612165
 20
57.412626
 10
145.758791
 20
56.756180
 10
145.998666
 20
56.031310
 10
146.314050
 20
55.362426
 10
146.698979
 20
54.751785
 10
147.147489
 20
54.201642
 10
147.653616
 20
53.714253
 10
148.211397
 20
53.291875
 10
148.814868
 20
52.936762
 10
149.458066
 20
52.651172
 10
150.135027
 20
52.437361
 10
150.839788
 20
52.297583
 10
151.566384
 20
52.234095
 10
152.308853
 20
52.249154
 10
153.061230
 20
52.345014
 10
153.817552
 20
52.523933
 10
154.571855
 20
52.788165
 10
155.318176
 20
53.139968
  0
LWPOLYLINE
  8
ENGRAVE_RED
 62
1
 90
43
 70
1
 10
151.500982
 20
53.202833
 10
152.373978
 20
53.347527
 10
153.205197
 20
53.547890
 10
153.991646
 20
53.802526
 10
154.730337
 20
54.110036
 10
155.418278
 20
54.469024
 10
156.052480
 20
54.878094
 10
156.629952
 20
55.335848
 10
157.147704
 20
55.840889
 10
157.584549
 20
56.353152
 10
157.931675
 20
56.856785
 10
158.195430
 20
57.376710
 10
158.382166
 20
57.937850
 10
158.498232
 20
58.565126
 10
158.549978
 20
59.283460
 10
158.543754
 20
60.117775
 10
158.485910
 20
61.092992
 10
158.426491
 20
62.008638
 10
158.426568
 20
62.505246
 10
158.450056
 20
62.607381
 10
158.489787
 20
62.617922
 10
158.619796
 20
62.381771
 10
158.772151
 20
61.856790
 10
158.873648
 20
61.180660
 10
158.925570
 20
60.406192
 10
158.929204
 20
59.586195
 10
158.885834
 20
58.773478
 10
158.796746
 20
58.020851
 10
158.663226
 20
57.381125
 10
158.486557
 20
56.907107
 10
158.244920
 20
56.503061
 10
157.955227
 20
56.108985
 10
157.621739
 20
55.727211
 10
157.248718
 20
55.360070
 10
156.401129
 20
54.679009
 10
155.446559
 20
54.084453
 10
154.419104
 20
53.595048
 10
153.352863
 20
53.229442
 10
152.815854
 20
53.098892
 10
152.281935
 20
53.006285
 10
151.755368
 20
52.953952
 10
151.240417
 20
52.944224
 10
149.788144
 20
52.979556
  0
LWPOLYLINE
  8
ENGRAVE_RED
 62
1
 90
693
 70
1
 10
167.619440
 20
59.627451
 10
166.701143
 20
59.851395
 10
166.128428
 20
60.029001
 10
165.863091
 20
60.175022
 10
165.833751
 20
60.240798
 10
165.866929
 20
60.304210
 10
166.069124
 20
60.323440
 10
166.517469
 20
60.273611
 10
167.887414
 20
60.005925
 10
169.310153
 20
59.732314
 10
169.815643
 20
59.676073
 10
170.087623
 20
59.687472
 10
170.145127
 20
59.748588
 10
170.066652
 20
59.827711
 10
169.869191
 20
59.914614
 10
169.569738
 20
59.999076
 10
168.815739
 20
60.206225
 10
168.176668
 20
60.432492
 10
167.958556
 20
60.542320
 10
167.873787
 20
60.622208
 10
167.907701
 20
60.671858
 10
168.045637
 20
60.690973
 10
168.574937
 20
60.636410
 10
169.344406
 20
60.456145
 10
169.719030
 20
60.376436
 10
169.970420
 20
60.378078
 10
170.102837
 20
60.445660
 10
170.120543
 20
60.563773
 10
170.027799
 20
60.717009
 10
169.828866
 20
60.889957
 10
169.528006
 20
61.067208
 10
169.129478
 20
61.233353
 10
168.554941
 20
61.487573
 10
168.380165
 20
61.606882
 10
168.315975
 20
61.700551
 10
168.348951
 20
61.759189
 10
168.438739
 20
61.783118
 10
168.733896
 20
61.723798
 10
168.891125
 20
61.683828
 10
169.013176
 20
61.691559
 10
169.097664
 20
61.738112
 10
169.142205
 20
61.814609
 10
169.144413
 20
61.912171
 10
169.101905
 20
62.021922
 10
169.012297
 20
62.134981
 10
168.873203
 20
62.242473
 10
168.676432
 20
62.438630
 10
168.616573
 20
62.556317
 10
168.594589
 20
62.668439
 10
168.615166
 20
62.705453
 10
168.674139
 20
62.712991
 10
168.890737
 20
62.646696
 10
169.211302
 20
62.483677
 10
169.602753
 20
62.238055
 10
170.085227
 20
61.936923
 10
170.581550
 20
61.679136
 10
171.092400
 20
61.464505
 10
171.618454
 20
61.292838
 10
172.160389
 20
61.163946
 10
172.718883
 20
61.077637
 10
173.294612
 20
61.033721
 10
173.888255
 20
61.032008
 10
174.682491
 20
61.089531
 10
174.695204
 20
61.109687
 10
174.635936
 20
61.133051
 10
174.306176
 20
61.191201
 10
173.754668
 20
61.288025
 10
173.400348
 20
61.387680
 10
173.233834
 20
61.482943
 10
173.218072
 20
61.526670
 10
173.245742
 20
61.566589
 10
173.426689
 20
61.631397
 10
173.767291
 20
61.670144
 10
174.258166
 20
61.675605
 10
174.889930
 20
61.640559
 10
175.822743
 20
61.591029
 10
176.592483
 20
61.614012
 10
177.235676
 20
61.712650
 10
177.788851
 20
61.890087
 10
178.270834
 20
62.114552
 10
178.325925
 20
62.180912
 10
178.233921
 20
62.220319
 10
177.539139
 20
62.229156
 10
176.047513
 20
62.162830
 10
174.823170
 20
62.119800
 10
173.978255
 20
62.133702
 10
173.488847
 20
62.206082
 10
173.369983
 20
62.264685
 10
173.331027
 20
62.338487
 10
173.349914
 20
62.408225
 10
173.406355
 20
62.463640
 10
173.630578
 20
62.531327
 10
174.001053
 20
62.541204
 10
174.515136
 20
62.492926
 10
175.082335
 20
62.456900
 10
175.782948
 20
62.470991
 10
177.351116
 20
62.618077
 10
178.102021
 20
62.735351
 10
178.753040
 20
62.871297
 10
179.245848
 20
63.018054
 10
179.522120
 20
63.167761
 10
179.546764
 20
63.214156
 10
179.518138
 20
63.248326
 10
179.315475
 20
63.279668
 10
178.942943
 20
63.261144
 10
178.429352
 20
63.192111
 10
177.031065
 20
63.027160
 10
175.647215
 20
62.962667
 10
174.588911
 20
63.001857
 10
174.279059
 20
63.061341
 10
174.195971
 20
63.101231
 10
174.167258
 20
63.147954
 10
174.211399
 20
63.191353
 10
174.337757
 20
63.234591
 10
174.801701
 20
63.316015
 10
175.488237
 20
63.383082
 10
176.326516
 20
63.426646
 10
178.137667
 20
63.545369
 10
178.911554
 20
63.635556
 10
179.460534
 20
63.732895
 10
179.622210
 20
63.784152
 10
179.642944
 20
63.824818
 10
179.271974
 20
63.873931
 10
178.368402
 20
63.879345
 10
176.953009
 20
63.840170
 10
175.443847
 20
63.808244
 10
174.150478
 20
63.828851
 10
173.143918
 20
63.899185
 10
172.495185
 20
64.016437
 10
172.075610
 20
64.167215
 10
172.025779
 20
64.211850
 10
172.092424
 20
64.237220
 10
172.604660
 20
64.233892
 10
173.671351
 20
64.164671
 10
174.626732
 20
64.118634
 10
175.617690
 20
64.111952
 10
177.491396
 20
64.198400
 10
178.266674
 20
64.282403
 10
178.862589
 20
64.387508
 10
179.225406
 20
64.509153
 10
179.302611
 20
64.574751
 10
179.301391
 20
64.642773
 10
179.221364
 20
64.693022
 10
179.051168
 20
64.741309
 10
178.482494
 20
64.827369
 10
177.679822
 20
64.891692
 10
176.727604
 20
64.925015
 10
174.306176
 20
64.960735
 10
175.977860
 20
65.312567
 10
176.724011
 20
65.481710
 10
177.099267
 20
65.600621
 10
177.153794
 20
65.644198
 10
177.122780
 20
65.678765
 10
176.813702
 20
65.725606
 10
176.039242
 20
65.753915
 10
175.350978
 20
65.736025
 10
175.107572
 20
65.739451
 10
174.908243
 20
65.786307
 10
174.773561
 20
65.868638
 10
174.724097
 20
65.978492
 10
174.757961
 20
66.093363
 10
174.860019
 20
66.198101
 10
175.030965
 20
66.292907
 10
175.271493
 20
66.377985
 10
175.964076
 20
66.519766
 10
176.943327
 20
66.625062
 10
177.227770
 20
66.660829
 10
177.485970
 20
66.727884
 10
177.731489
 20
66.836458
 10
177.977887
 20
66.996780
 10
178.527572
 20
67.513590
 10
179.243520
 20
68.360157
 10
179.832780
 20
69.144540
 10
180.340635
 20
69.933547
 10
180.770025
 20
70.734917
 10
181.123893
 20
71.556385
 10
181.405179
 20
72.405691
 10
181.616825
 20
73.290570
 10
181.761773
 20
74.218761
 10
181.842963
 20
75.198000
 10
181.892656
 20
76.308760
 10
181.887955
 20
76.777591
 10
181.861087
 20
76.790375
 10
181.815679
 20
76.665588
 10
181.662650
 20
76.033842
 10
181.158079
 20
73.892941
 10
180.759949
 20
72.394350
 10
180.452676
 20
71.484872
 10
180.328241
 20
71.234427
 10
180.220678
 20
71.111313
 10
180.107932
 20
71.076682
 10
180.055296
 20
71.148054
 10
180.063072
 20
71.323753
 10
180.131568
 20
71.602103
 10
180.480505
 20
72.832043
 10
180.764539
 20
73.985457
 10
180.983845
 20
75.063742
 10
181.138602
 20
76.068298
 10
181.228986
 20
77.000524
 10
181.255173
 20
77.861818
 10
181.217343
 20
78.653581
 10
181.115670
 20
79.377210
 10
181.022780
 20
79.714117
 10
180.984638
 20
79.720864
 10
180.951046
 20
79.614694
 10
180.894562
 20
79.048261
 10
180.847420
 20
77.984140
 10
180.767881
 20
75.615921
 10
180.572878
 20
78.262754
 10
180.386870
 20
79.966305
 10
180.261827
 20
80.679404
 10
180.119218
 20
81.286181
 10
179.961888
 20
81.776229
 10
179.792684
 20
82.139145
 10
179.614449
 20
82.364525
 10
179.522834
 20
82.422387
 10
179.430029
 20
82.441964
 10
179.393906
 20
82.422805
 10
179.375682
 20
82.367895
 10
179.390095
 20
82.166224
 10
179.467609
 20
81.867750
 10
179.602564
 20
81.503276
 10
179.786843
 20
80.954747
 10
179.942151
 20
80.284092
 10
180.064729
 20
79.535553
 10
180.150821
 20
78.753375
 10
180.196670
 20
77.981802
 10
180.198519
 20
77.265077
 10
180.152610
 20
76.647445
 10
180.055187
 20
76.173149
 10
179.920656
 20
75.860979
 10
179.872445
 20
75.863793
 10
179.834975
 20
75.983417
 10
179.786377
 20
76.605729
 10
179.763095
 20
77.793182
 10
179.721817
 20
79.027282
 10
179.614966
 20
80.015947
 10
179.427396
 20
80.853085
 10
179.143962
 20
81.632605
 10
178.692768
 20
82.578887
 10
178.531507
 20
82.842744
 10
178.443770
 20
82.911141
 10
178.436263
 20
82.790754
 10
178.493448
 20
82.540592
 10
178.760343
 20
81.797155
 10
178.921040
 20
81.289264
 10
179.046937
 20
80.652260
 10
179.125446
 20
79.967542
 10
179.143980
 20
79.316504
 10
179.109011
 20
78.546922
 10
179.082170
 20
78.403441
 10
179.045573
 20
78.430342
 10
178.932554
 20
79.023816
 10
178.748847
 20
80.384394
 10
178.661767
 20
80.870576
 10
178.533348
 20
81.346818
 10
178.380887
 20
81.758442
 10
178.221680
 20
82.050770
 10
178.034055
 20
82.266992
 10
177.982523
 20
82.275273
 10
177.958255
 20
82.207840
 10
177.988728
 20
81.818358
 10
178.119922
 20
81.043589
 10
178.232856
 20
80.228775
 10
178.297220
 20
79.333525
 10
178.315678
 20
78.408990
 10
178.290890
 20
77.506320
 10
178.225520
 20
76.676666
 10
178.122230
 20
75.971180
 10
177.983681
 20
75.441013
 10
177.902016
 20
75.257658
 10
177.812536
 20
75.137314
 10
177.625623
 20
74.977564
 10
177.540190
 20
74.951379
 10
177.548203
 20
75.068159
 10
177.641629
 20
75.337307
 10
177.766149
 20
75.812167
 10
177.867955
 20
76.476181
 10
177.989916
 20
78.030479
 10
178.003314
 20
78.750168
 10
177.980488
 20
79.317821
 10
177.918059
 20
79.648139
 10
177.870938
 20
79.697641
 10
177.812649
 20
79.655824
 10
177.698204
 20
79.433910
 10
177.603844
 20
79.138629
 10
177.539349
 20
78.808497
 10
177.514503
 20
78.482029
 10
177.472471
 20
78.086726
 10
177.357724
 20
77.577973
 10
176.955983
 20
76.342755
 10
176.401070
 20
75.021648
 10
176.094859
 20
74.405535
 10
175.784777
 20
73.859927
 10
175.478484
 20
73.391088
 10
175.264549
 20
73.119506
 10
175.141786
 20
73.029684
 10
175.114223
 20
73.048090
 10
175.109009
 20
73.106126
 10
175.165031
 20
73.333335
 10
175.308666
 20
73.695815
 10
175.854030
 20
74.764601
 10
176.448880
 20
75.907897
 10
176.604768
 20
76.280758
 10
176.632251
 20
76.447471
 10
176.573793
 20
76.446657
 10
176.474247
 20
76.364723
 10
176.142765
 20
75.944647
 10
174.886346
 20
73.989718
 10
174.685511
 20
73.695204
 10
174.497496
 20
73.477570
 10
174.343372
 20
73.357606
 10
174.244210
 20
73.356103
 10
174.211142
 20
73.450473
 10
174.236995
 20
73.591548
 10
174.315376
 20
73.760250
 10
174.439896
 20
73.937504
 10
174.567680
 20
74.113196
 10
174.622187
 20
74.238833
 10
174.609868
 20
74.314391
 10
174.537180
 20
74.339844
 10
174.236509
 20
74.240338
 10
173.771806
 20
73.940116
 10
173.510085
 20
73.773673
 10
173.281940
 20
73.699485
 10
173.078555
 20
73.716383
 10
172.891115
 20
73.823197
 10
172.725707
 20
73.934192
 10
172.584893
 20
73.970422
 10
172.465470
 20
73.931857
 10
172.364239
 20
73.818466
 10
172.270754
 20
73.705032
 10
172.149689
 20
73.612139
 10
172.016689
 20
73.549374
 10
171.887400
 20
73.526322
 10
171.785721
 20
73.554562
 10
171.760596
 20
73.636456
 10
171.811513
 20
73.767763
 10
171.937957
 20
73.944243
 10
172.099410
 20
74.162804
 10
172.154652
 20
74.295726
 10
172.114134
 20
74.347045
 10
171.988308
 20
74.320793
 10
171.522535
 20
74.051716
 10
170.840943
 20
73.520773
 10
170.123456
 20
72.983644
 10
169.873202
 20
72.852238
 10
169.743297
 20
72.841970
 10
169.742595
 20
72.933658
 10
169.844133
 20
73.079855
 10
170.283082
 20
73.455278
 10
171.221537
 20
74.192064
 10
172.217911
 20
75.090301
 10
173.008857
 20
75.898550
 10
173.244998
 20
76.190355
 10
173.331027
 20
76.365375
 10
173.301172
 20
76.391536
 10
173.215609
 20
76.365333
 10
172.901352
 20
76.172605
 10
172.436251
 20
75.820730
 10
171.868303
 20
75.343245
 10
170.609995
 20
74.328537
 10
169.366123
 20
73.460220
 10
168.837194
 20
73.137278
 10
168.416988
 20
72.918517
 10
168.140540
 20
72.826465
 10
168.067175
 20
72.834994
 10
168.042889
 20
72.883649
 10
168.155093
 20
73.036259
 10
168.456501
 20
73.285637
 10
169.443157
 20
73.936511
 10
170.044598
 20
74.321532
 10
170.651146
 20
74.757690
 10
171.192131
 20
75.191416
 10
171.596887
 20
75.569137
 10
171.954222
 20
75.969023
 10
172.003228
 20
76.056373
 10
171.955072
 20
76.065305
 10
171.535118
 20
75.837854
 10
170.630041
 20
75.266539
 10
169.833808
 20
74.784528
 10
168.963307
 20
74.305693
 10
167.205446
 20
73.449375
 10
166.421061
 20
73.117803
 10
165.768355
 20
72.881229
 10
165.298816
 20
72.762609
 10
165.148824
 20
72.754705
 10
165.063931
 20
72.784898
 10
165.027325
 20
72.893698
 10
165.061292
 20
73.056300
 10
165.157794
 20
73.250716
 10
165.308795
 20
73.454959
 10
165.474365
 20
73.677915
 10
165.610527
 20
73.923280
 10
165.703189
 20
74.161285
 10
165.738258
 20
74.362164
 10
165.805974
 20
74.815188
 10
165.963506
 20
75.317505
 10
165.979600
 20
75.396012
 10
165.939741
 20
75.412322
 10
165.711347
 20
75.273203
 10
165.316693
 20
74.929862
 10
164.794149
 20
74.412010
 10
164.225012
 20
73.851753
 10
163.703495
 20
73.392951
 10
163.287344
 20
73.082949
 10
163.034304
 20
72.969094
 10
162.986804
 20
72.992541
 10
162.993984
 20
73.059740
 10
163.157025
 20
73.306550
 10
163.492714
 20
73.671829
 10
163.970336
 20
74.117883
 10
164.760616
 20
74.874232
 10
164.991685
 20
75.145410
 10
165.108780
 20
75.334001
 10
165.108456
 20
75.431564
 10
164.987268
 20
75.429655
 10
164.741772
 20
75.319833
 10
164.368522
 20
75.093656
 10
163.951336
 20
74.878226
 10
163.368698
 20
74.657951
 10
162.664265
 20
74.443012
 10
161.881691
 20
74.243594
 10
160.256743
 20
73.932051
 10
159.501680
 20
73.840293
 10
158.843099
 20
73.804788
 10
158.284440
 20
73.786370
 10
157.968582
 20
73.737038
 10
157.897171
 20
73.699271
 10
157.881022
 20
73.651965
 10
158.007257
 20
73.526322
 10
158.239679
 20
73.421118
 10
158.563572
 20
73.334324
 10
158.936050
 20
73.274942
 10
159.314229
 20
73.251974
 10
159.673019
 20
73.228344
 10
159.992705
 20
73.167128
 10
160.238465
 20
73.077615
 10
160.375476
 20
72.969094
 10
160.440182
 20
72.853996
 10
160.452613
 20
72.773603
 10
160.384885
 20
72.729418
 10
160.209115
 20
72.722941
 10
159.421917
 20
72.829123
 10
157.867950
 20
73.104164
 10
155.586557
 20
73.466099
 10
154.953161
 20
73.522945
 10
154.664483
 20
73.500519
 10
154.650940
 20
73.460394
 10
154.725409
 20
73.401429
 10
155.140827
 20
73.228283
 10
155.915623
 20
72.983686
 10
157.054684
 20
72.670248
 10
158.065253
 20
72.428180
 10
159.185808
 20
72.196912
 10
160.279960
 20
72.002649
 10
161.211318
 20
71.871596
 10
162.312035
 20
71.744177
 10
162.727942
 20
71.674686
 10
162.502398
 20
71.639214
 10
161.678765
 20
71.613854
 10
160.859669
 20
71.655204
 10
159.725627
 20
71.795757
 10
158.426483
 20
72.013451
 10
157.112082
 20
72.286223
 10
155.807957
 20
72.556369
 10
154.553636
 20
72.762762
 10
153.486527
 20
72.885895
 10
152.744038
 20
72.906264
 10
152.053166
 20
72.851064
 10
151.771261
 20
72.796707
 10
151.772836
 20
72.762297
 10
151.863652
 20
72.719039
 10
152.295670
 20
72.593908
 10
156.335573
 20
71.415650
 10
158.806187
 20
70.714575
 10
160.767723
 20
70.251101
 10
161.622798
 20
70.095297
 10
162.428855
 20
69.983092
 10
163.998253
 20
69.868413
 10
164.592937
 20
69.832144
 10
165.079932
 20
69.770371
 10
165.408983
 20
69.691744
 10
165.498575
 20
69.648814
 10
165.529835
 20
69.604914
 10
165.490068
 20
69.517550
 10
165.375742
 20
69.439815
 10
164.953264
 20
69.313988
 10
164.322102
 20
69.228941
 10
163.541958
 20
69.186185
 10
162.672531
 20
69.187229
 10
161.773523
 20
69.233584
 10
160.904635
 20
69.326757
 10
160.125568
 20
69.468260
 10
158.736599
 20
69.752150
 10
158.289290
 20
69.813729
 10
158.095575
 20
69.806915
 10
158.104784
 20
69.765588
 10
158.194866
 20
69.710856
 10
158.584511
 20
69.568810
 10
159.969793
 20
69.207824
 10
161.721278
 20
68.846102
 10
163.308823
 20
68.605790
 10
163.954839
 20
68.518996
 10
164.483870
 20
68.411229
 10
164.841324
 20
68.296209
 10
164.938649
 20
68.240267
 10
164.972607
 20
68.187657
 10
164.923142
 20
68.103038
 10
164.788460
 20
68.053182
 10
164.589132
 20
68.041857
 10
164.345725
 20
68.072830
 10
162.383885
 20
68.375553
 10
161.608141
 20
68.515038
 10
160.482808
 20
68.766698
 10
157.786754
 20
69.463724
 10
153.688740
 20
70.566536
 10
152.852898
 20
70.754499
 10
153.549433
 20
70.191812
 10
153.907822
 20
69.949674
 10
154.368732
 20
69.706344
 10
154.872741
 20
69.490122
 10
155.360424
 20
69.329310
 10
159.121713
 20
68.183759
 10
160.363103
 20
67.835767
 10
161.685747
 20
67.552980
 10
163.051304
 20
67.338408
 10
164.421433
 20
67.195061
 10
165.757794
 20
67.125949
 10
167.022047
 20
67.134081
 10
168.175850
 20
67.222467
 10
169.180862
 20
67.394118
 10
170.560072
 20
67.782826
 10
171.884744
 20
68.290516
 10
173.149133
 20
68.913296
 10
174.347495
 20
69.647272
 10
175.474084
 20
70.488554
 10
176.523155
 20
71.433247
 10
177.488965
 20
72.477460
 10
178.365767
 20
73.617301
 10
178.738782
 20
74.120157
 10
179.033104
 20
74.457386
 10
179.244042
 20
74.632680
 10
179.316775
 20
74.660756
 10
179.366904
 20
74.649734
 10
179.396999
 20
74.512241
 10
179.329637
 20
74.223896
 10
179.160126
 20
73.788391
 10
178.883774
 20
73.209422
 10
178.555274
 20
72.628462
 10
178.170772
 20
72.060929
 10
177.733350
 20
71.508800
 10
177.246089
 20
70.974054
 10
176.712072
 20
70.458666
 10
176.134381
 20
69.964615
 10
175.516096
 20
69.493878
 10
174.860300
 20
69.048431
 10
174.170074
 20
68.630252
 10
173.448501
 20
68.241319
 10
172.698661
 20
67.883609
 10
171.923637
 20
67.559098
 10
171.126510
 20
67.269765
 10
170.310362
 20
67.017587
 10
169.478275
 20
66.804540
 10
168.633331
 20
66.632602
 10
167.429269
 20
66.461533
 10
166.217905
 20
66.375067
 10
164.992828
 20
66.373855
 10
163.747626
 20
66.458550
 10
162.475888
 20
66.629803
 10
161.171203
 20
66.888267
 10
159.827159
 20
67.234592
 10
158.437344
 20
67.669432
 10
156.753609
 20
68.187859
 10
156.302591
 20
68.284386
 10
156.206776
 20
68.283684
 10
156.209605
 20
68.247179
 10
156.585542
 20
68.020486
 10
157.301722
 20
67.705187
 10
159.327214
 20
66.955279
 10
161.430880
 20
66.290462
 10
162.244777
 20
66.081528
 10
162.757518
 20
66.003744
 10
163.076692
 20
65.980763
 10
163.338068
 20
65.918192
 10
163.514674
 20
65.825587
 10
163.579537
 20
65.712505
 10
163.545409
 20
65.634744
 10
163.446469
 20
65.583512
 10
163.074794
 20
65.555823
 10
162.505809
 20
65.619819
 10
161.780808
 20
65.765878
 10
160.941088
 20
65.984378
 10
160.027943
 20
66.265699
 10
159.082670
 20
66.600218
 10
158.146564
 20
66.978315
 10
157.510239
 20
67.247972
 10
157.234960
 20
67.329308
 10
157.214950
 20
67.296951
 10
157.263888
 20
67.214629
 10
157.540187
 20
66.896243
 10
157.795157
 20
66.662862
 10
158.113794
 20
66.444175
 10
158.455435
 20
66.264703
 10
158.779418
 20
66.148966
 10
159.124395
 20
66.046039
 10
159.285548
 20
65.946772
 10
159.301159
 20
65.892927
 10
159.275577
 20
65.833295
 10
159.107181
 20
65.687735
 10
158.939219
 20
65.561101
 10
158.906717
 20
65.501083
 10
159.267387
 20
65.566262
 10
159.608248
 20
65.588658
 10
160.164946
 20
65.549595
 10
161.622484
 20
65.340420
 10
163.033259
 20
65.045391
 10
163.531505
 20
64.899012
 10
163.790532
 20
64.771164
 10
163.780933
 20
64.737964
 10
163.683746
 20
64.713684
 10
163.270431
 20
64.689673
 10
161.874753
 20
64.724331
 10
160.304587
 20
64.839687
 10
159.673160
 20
64.916548
 10
159.261020
 20
65.000290
 10
159.140458
 20
65.022016
 10
159.224117
 20
64.952017
 10
159.917873
 20
64.590614
 10
160.524315
 20
64.334340
 10
161.278031
 20
64.068565
 10
162.083030
 20
63.824677
 10
162.843320
 20
63.634062
 10
163.642444
 20
63.450232
 10
164.013631
 20
63.333843
 10
164.047134
 20
63.296529
 10
163.983716
 20
63.270785
 10
163.579537
 20
63.246946
 10
163.051171
 20
63.292166
 10
162.333412
 20
63.426330
 10
161.520524
 20
63.628717
 10
160.706768
 20
63.878604
 10
159.938479
 20
64.123403
 10
159.415633
 20
64.252662
 10
159.157569
 20
64.262927
 10
159.133872
 20
64.222357
 10
159.183623
 20
64.150743
 10
159.443715
 20
63.978099
 10
159.875060
 20
63.784849
 10
160.417678
 20
63.594611
 10
161.011589
 20
63.431002
 10
161.575952
 20
63.279741
 10
162.038117
 20
63.123124
 10
162.350391
 20
62.979632
 10
162.465081
 20
62.867749
 10
162.422741
 20
62.803485
 10
162.300014
 20
62.773859
 10
161.839159
 20
62.813987
 10
161.134038
 20
62.979065
 10
160.236169
 20
63.260026
 10
159.855082
 20
63.386096
 10
159.712638
 20
63.406788
 10
159.797132
 20
63.305908
 10
160.096862
 20
63.067260
 10
160.466884
 20
62.852732
 10
161.062448
 20
62.588122
 10
161.801371
 20
62.307035
 10
162.601471
 20
62.043078
 10
163.332302
 20
61.804792
 10
163.882622
 20
61.593601
 10
164.199052
 20
61.432435
 10
164.252879
 20
61.377778
 10
164.228217
 20
61.344227
 10
163.942382
 20
61.356909
 10
163.401146
 20
61.470451
 10
161.862915
 20
61.924011
 10
160.400291
 20
62.390870
 10
159.755003
 20
62.549064
 10
159.726834
 20
62.496161
 10
159.729711
 20
62.425513
 10
159.819270
 20
62.239462
 10
160.005009
 20
62.007878
 10
160.268257
 20
61.747727
 10
160.952598
 20
61.209589
 10
161.336350
 20
60.965534
 10
161.722929
 20
60.760777
 10
162.328429
 20
60.510365
 10
163.059919
 20
60.262493
 10
164.734017
 20
59.812876
 10
166.411526
 20
59.488943
 10
167.147278
 20
59.398175
 10
167.758747
 20
59.367710
 10
168.733896
 20
59.372992
  0
LWPOLYLINE
  8
ENGRAVE_RED
 62
1
 90
8
 70
1
 10
164.693993
 20
73.631522
 10
164.837218
 20
73.818139
 10
165.181567
 20
74.119096
 10
165.529834
 20
74.362172
 10
165.286759
 20
74.013905
 10
165.040588
 20
73.726119
 10
164.853886
 20
73.562685
 10
164.735429
 20
73.529266
  0
LWPOLYLINE
  8
ENGRAVE_RED
 62
1
 90
470
 70
1
 10
221.949169
 20
60.152859
 10
222.152622
 20
60.349630
 10
222.278207
 20
60.409489
 10
222.399975
 20
60.431473
 10
222.493213
 20
60.407295
 10
222.541118
 20
60.341465
 10
222.540762
 20
60.244035
 10
222.489218
 20
60.125061
 10
222.432432
 20
60.000059
 10
222.471465
 20
59.957413
 10
222.612231
 20
59.997024
 10
222.860643
 20
60.118793
 10
223.161147
 20
60.317020
 10
223.489725
 20
60.595721
 10
224.147095
 20
61.293444
 10
224.664732
 20
62.009759
 10
224.818644
 20
62.311702
 10
224.874615
 20
62.542467
 10
224.906033
 20
62.696438
 10
224.991577
 20
62.822526
 10
225.118182
 20
62.907721
 10
225.272784
 20
62.939010
 10
225.396757
 20
62.971078
 10
225.514104
 20
63.063463
 10
225.725414
 20
63.406288
 10
225.899691
 20
63.921690
 10
226.029912
 20
64.563871
 10
226.109054
 20
65.287034
 10
226.130096
 20
66.045382
 10
226.086014
 20
66.793119
 10
225.969786
 20
67.484447
 10
225.798062
 20
68.108793
 10
225.588736
 20
68.702970
 10
225.342917
 20
69.266007
 10
225.061715
 20
69.796928
 10
224.746239
 20
70.294762
 10
224.397599
 20
70.758533
 10
224.016904
 20
71.187270
 10
223.605264
 20
71.579997
 10
223.163789
 20
71.935742
 10
222.693588
 20
72.253532
 10
222.195771
 20
72.532393
 10
221.671447
 20
72.771351
 10
221.121726
 20
72.969432
 10
220.547718
 20
73.125665
 10
219.950531
 20
73.239074
 10
219.331277
 20
73.308687
 10
218.276369
 20
73.451684
 10
217.905491
 20
73.548468
 10
217.709932
 20
73.647296
 10
217.700554
 20
73.691133
 10
217.758557
 20
73.726266
 10
218.052537
 20
73.768986
 10
218.543531
 20
73.772604
 10
219.183199
 20
73.734264
 10
219.884552
 20
73.645684
 10
220.562619
 20
73.504284
 10
221.215260
 20
73.312032
 10
221.840332
 20
73.070900
 10
222.435696
 20
72.782858
 10
222.999210
 20
72.449875
 10
223.528734
 20
72.073923
 10
224.022127
 20
71.656971
 10
224.477249
 20
71.200990
 10
224.891957
 20
70.707949
 10
225.264112
 20
70.179820
 10
225.591572
 20
69.618572
 10
225.872197
 20
69.026175
 10
226.103847
 20
68.404600
 10
226.284379
 20
67.755818
 10
226.411653
 20
67.081797
 10
226.476591
 20
66.349651
 10
226.465178
 20
65.594942
 10
226.381009
 20
64.832089
 10
226.227682
 20
64.075514
 10
226.008792
 20
63.339637
 10
225.727937
 20
62.638879
 10
225.388713
 20
61.987661
 10
224.994716
 20
61.400402
 10
224.645511
 20
60.916009
 10
224.398652
 20
60.519333
 10
224.276842
 20
60.251309
 10
224.269924
 20
60.178333
 10
224.302783
 20
60.152871
 10
224.417675
 20
60.175214
 10
224.538050
 20
60.236049
 10
224.738118
 20
60.436029
 10
224.823168
 20
60.535405
 10
224.925375
 20
60.596663
 10
225.031886
 20
60.614907
 10
225.129846
 20
60.585242
 10
225.199351
 20
60.567644
 10
225.289085
 20
60.585011
 10
225.517930
 20
60.712130
 10
225.793758
 20
60.941581
 10
226.093944
 20
61.248346
 10
226.676898
 20
61.993746
 10
226.914419
 20
62.382346
 10
227.085804
 20
62.748189
 10
227.198124
 20
63.144730
 10
227.284882
 20
63.644623
 10
227.337496
 20
64.183873
 10
227.347381
 20
64.698487
 10
227.312624
 20
65.864457
 10
227.106372
 20
64.460614
 10
227.005794
 20
63.900525
 10
226.873274
 20
63.362184
 10
226.712065
 20
62.853005
 10
226.525419
 20
62.380400
 10
226.316589
 20
61.951780
 10
226.088828
 20
61.574558
 10
225.845388
 20
61.256147
 10
225.589522
 20
61.003958
 10
225.254240
 20
60.773590
 10
225.186232
 20
60.776997
 10
225.184641
 20
60.859451
 10
225.380700
 20
61.261454
 10
225.842396
 20
61.979510
 10
226.129838
 20
62.443765
 10
226.364088
 20
62.915509
 10
226.547150
 20
63.404447
 10
226.681027
 20
63.920284
 10
226.767723
 20
64.472723
 10
226.809242
 20
65.071471
 10
226.807588
 20
65.726231
 10
226.764765
 20
66.446708
 10
226.732919
 20
67.017565
 10
226.741333
 20
67.427216
 10
226.786866
 20
67.639412
 10
226.822570
 20
67.660136
 10
226.866375
 20
67.617903
 10
227.029091
 20
67.255237
 10
227.099261
 20
66.889359
 10
227.137470
 20
66.709842
 10
227.238380
 20
66.493223
 10
227.386639
 20
66.266787
 10
227.566897
 20
66.057818
 10
227.817674
 20
65.832295
 10
227.892409
 20
65.803217
 10
227.937208
 20
65.838622
 10
227.948499
 20
66.128954
 10
227.874548
 20
66.755448
 10
227.773886
 20
67.323224
 10
227.625444
 20
67.893720
 10
227.432117
 20
68.463225
 10
227.196803
 20
69.028027
 10
226.922398
 20
69.584416
 10
226.611799
 20
70.128678
 10
226.267901
 20
70.657104
 10
225.893601
 20
71.165981
 10
225.491796
 20
71.651598
 10
225.065381
 20
72.110244
 10
224.617255
 20
72.538207
 10
224.150312
 20
72.931776
 10
223.667449
 20
73.287239
 10
223.171563
 20
73.600885
 10
222.665550
 20
73.869003
 10
222.152307
 20
74.087880
 10
221.513440
 20
74.290419
 10
220.814339
 20
74.447042
 10
220.075909
 20
74.556718
 10
219.319059
 20
74.618418
 10
218.564695
 20
74.631114
 10
217.833724
 20
74.593776
 10
217.147055
 20
74.505374
 10
216.525593
 20
74.364880
 10
216.084941
 20
74.259308
 10
215.737528
 20
74.224560
 10
215.480933
 20
74.263656
 10
215.312732
 20
74.379613
 10
215.230500
 20
74.575449
 10
215.231815
 20
74.854181
 10
215.314252
 20
75.218828
 10
215.475390
 20
75.672407
 10
215.730055
 20
76.392610
 10
215.921962
 20
77.119031
 10
216.052198
 20
77.847805
 10
216.121854
 20
78.575065
 10
216.132019
 20
79.296945
 10
216.083781
 20
80.009579
 10
215.978229
 20
80.709101
 10
215.816454
 20
81.391645
 10
215.599543
 20
82.053345
 10
215.328586
 20
82.690334
 10
215.004673
 20
83.298746
 10
214.628891
 20
83.874716
 10
214.202332
 20
84.414376
 10
213.726082
 20
84.913862
 10
213.201233
 20
85.369306
 10
212.628872
 20
85.776843
 10
212.070506
 20
86.104249
 10
211.541411
 20
86.347601
 10
211.032414
 20
86.507569
 10
210.534343
 20
86.584819
 10
210.038024
 20
86.580022
 10
209.534284
 20
86.493844
 10
209.013951
 20
86.326954
 10
208.467850
 20
86.080021
 10
207.858682
 20
85.710938
 10
207.357446
 20
85.283271
 10
206.966404
 20
84.802638
 10
206.687821
 20
84.274657
 10
206.523962
 20
83.704944
 10
206.477090
 20
83.099117
 10
206.549469
 20
82.462793
 10
206.743363
 20
81.801590
 10
206.881784
 20
81.513203
 10
207.050434
 20
81.271190
 10
207.231228
 20
81.084889
 10
207.406079
 20
80.963637
 10
207.556901
 20
80.916768
 10
207.665608
 20
80.953621
 10
207.714115
 20
81.083531
 10
207.684335
 20
81.315835
 10
207.668610
 20
81.579987
 10
207.723194
 20
81.926759
 10
207.837674
 20
82.311125
 10
208.001639
 20
82.688058
 10
208.272924
 20
83.138487
 10
208.410562
 20
83.290679
 10
208.563348
 20
83.402024
 10
208.741645
 20
83.478397
 10
208.955816
 20
83.525675
 10
209.533235
 20
83.556446
 10
209.900397
 20
83.530495
 10
210.244499
 20
83.453606
 10
210.564855
 20
83.327221
 10
210.860777
 20
83.152783
 10
211.131579
 20
82.931737
 10
211.376573
 20
82.665524
 10
211.595072
 20
82.355588
 10
211.786389
 20
82.003372
 10
211.949838
 20
81.610321
 10
212.084732
 20
81.177875
 10
212.190383
 20
80.707480
 10
212.266104
 20
80.200578
 10
212.325009
 20
79.083026
 10
212.255953
 20
77.836765
 10
212.147613
 20
77.088776
 10
211.979650
 20
76.362189
 10
211.752821
 20
75.657803
 10
211.467881
 20
74.976419
 10
211.125587
 20
74.318836
 10
210.726695
 20
73.685854
 10
210.271962
 20
73.078274
 10
209.762144
 20
72.496894
 10
209.197996
 20
71.942514
 10
208.580277
 20
71.415935
 10
207.909741
 20
70.917957
 10
207.187145
 20
70.449378
 10
206.413246
 20
70.011000
 10
205.588800
 20
69.603621
 10
204.714563
 20
69.228042
 10
203.791291
 20
68.885063
 10
202.702132
 20
68.569287
 10
201.519846
 20
68.332107
 10
200.283265
 20
68.174639
 10
199.031218
 20
68.097999
 10
197.802537
 20
68.103304
 10
196.636053
 20
68.191670
 10
195.570596
 20
68.364215
 10
194.644997
 20
68.622054
 10
193.707303
 20
68.980943
 10
192.649614
 20
69.427984
 10
190.305270
 20
70.522112
 10
187.873998
 20
71.775627
 10
185.617831
 20
73.059716
 10
183.698586
 20
74.176355
 10
183.060622
 20
74.516041
 10
182.762038
 20
74.640798
 10
182.669148
 20
74.580341
 10
182.591242
 20
74.415730
 10
182.536489
 20
74.172106
 10
182.513058
 20
73.874610
 10
182.474850
 20
73.489176
 10
182.379868
 20
73.006118
 10
182.242423
 20
72.487145
 10
182.076827
 20
71.993965
 10
181.514532
 20
70.450058
 10
181.516723
 20
70.321983
 10
181.605505
 20
70.173728
 10
181.788593
 20
70.000271
 10
182.073701
 20
69.796590
 10
182.980839
 20
69.278469
 10
184.388638
 20
68.579188
 10
186.462684
 20
67.614817
 10
188.287227
 20
66.835421
 10
189.928605
 20
66.223490
 10
191.453151
 20
65.761513
 10
192.927204
 20
65.431982
 10
194.417097
 20
65.217385
 10
195.989168
 20
65.100214
 10
197.709751
 20
65.062957
 10
199.038750
 20
65.067767
 10
200.166057
 20
65.107531
 10
201.240457
 20
65.212613
 10
202.410735
 20
65.413376
 10
203.825677
 20
65.740185
 10
205.634065
 20
66.223403
 10
211.026325
 20
67.780521
 10
213.124965
 20
68.355366
 10
214.912023
 20
68.754527
 10
216.413611
 20
68.976965
 10
217.065514
 20
69.021590
 10
217.655841
 20
69.021645
 10
218.187856
 20
68.977001
 10
218.664824
 20
68.887528
 10
219.090008
 20
68.753097
 10
219.466672
 20
68.573578
 10
219.798081
 20
68.348841
 10
220.087498
 20
68.078756
 10
220.338188
 20
67.763195
 10
220.553414
 20
67.402026
 10
220.731452
 20
67.001459
 10
220.852206
 20
66.603046
 10
220.917383
 20
66.209395
 10
220.928693
 20
65.823116
 10
220.887841
 20
65.446818
 10
220.796537
 20
65.083109
 10
220.656486
 20
64.734600
 10
220.469397
 20
64.403898
 10
220.236977
 20
64.093613
 10
219.960935
 20
63.806354
 10
219.642976
 20
63.544731
 10
219.284810
 20
63.311351
 10
218.888143
 20
63.108824
 10
218.454683
 20
62.939760
 10
217.986137
 20
62.806767
 10
217.484214
 20
62.712454
 10
217.049539
 20
62.633884
 10
216.693998
 20
62.536957
 10
216.423705
 20
62.427210
 10
216.244774
 20
62.310179
 10
216.163320
 20
62.191402
 10
216.185455
 20
62.076416
 10
216.317295
 20
61.970756
 10
216.564953
 20
61.879961
 10
216.733957
 20
61.841974
 10
216.789739
 20
61.852116
 10
216.560977
 20
62.044120
 10
216.490152
 20
62.109892
 10
216.474104
 20
62.170150
 10
216.514009
 20
62.225345
 10
216.611044
 20
62.275931
 10
216.981215
 20
62.365083
 10
217.594031
 20
62.441226
 10
218.284254
 20
62.548524
 10
218.911027
 20
62.734638
 10
219.490034
 20
63.005514
 10
220.036962
 20
63.367095
 10
220.528824
 20
63.725239
 10
220.815840
 20
63.885763
 10
220.890565
 20
63.894603
 10
220.923720
 20
63.857260
 10
220.878171
 20
63.648327
 10
220.793583
 20
63.399855
 10
220.795801
 20
63.296108
 10
220.896398
 20
63.329125
 10
221.106947
 20
63.490945
 10
221.271901
 20
63.605903
 10
221.406792
 20
63.658069
 10
221.497836
 20
63.645053
 10
221.531248
 20
63.564467
 10
221.498242
 20
63.389048
 10
221.410149
 20
63.219823
 10
221.283351
 20
63.067945
 10
221.134233
 20
62.944569
 10
220.979180
 20
62.860852
 10
220.834574
 20
62.827947
 10
220.716800
 20
62.857010
 10
220.642243
 20
62.959195
 10
220.602026
 20
63.025703
 10
220.535155
 20
63.063744
 10
220.321176
 20
63.054361
 10
219.999756
 20
62.930909
 10
219.570345
 20
62.693253
 10
219.129878
 20
62.464524
 10
218.643607
 20
62.276418
 10
218.170609
 20
62.148402
 10
217.769959
 20
62.099944
 10
217.420395
 20
62.083284
 10
217.228902
 20
62.037910
 10
217.191695
 20
62.004065
 10
217.193119
 20
61.962571
 10
217.310681
 20
61.856012
 10
217.530685
 20
61.780411
 10
217.844033
 20
61.756253
 10
218.219744
 20
61.777618
 10
218.626834
 20
61.838587
 10
219.034322
 20
61.933241
 10
219.411226
 20
62.055661
 10
219.726562
 20
62.199928
 10
219.949350
 20
62.360123
 10
220.271586
 20
62.602290
 10
220.402969
 20
62.649893
 10
220.502972
 20
62.651452
 10
220.562930
 20
62.609172
 10
220.574176
 20
62.525259
 10
220.528044
 20
62.401920
 10
220.415869
 20
62.241361
 10
220.212152
 20
62.056836
 10
219.914560
 20
61.864180
 10
219.563067
 20
61.686218
 10
219.197643
 20
61.545772
 10
218.327187
 20
61.269213
 10
219.302336
 20
61.402803
 10
219.709303
 20
61.440374
 10
219.917576
 20
61.420158
 10
219.953463
 20
61.391955
 10
219.947187
 20
61.353593
 10
219.818170
 20
61.252114
 10
219.164379
 20
60.990162
 10
218.116467
 20
60.725797
 10
216.934117
 20
60.492539
 10
217.990017
 20
60.462010
 10
218.453943
 20
60.486388
 10
218.955750
 20
60.579923
 10
219.478633
 20
60.735108
 10
220.005785
 20
60.944436
 10
220.520400
 20
61.200402
 10
221.005671
 20
61.495499
 10
221.444793
 20
61.822220
 10
221.820960
 20
62.173060
 10
222.308160
 20
62.792770
 10
222.690969
 20
63.493950
 10
222.966711
 20
64.256718
 10
223.132707
 20
65.061190
 10
223.186282
 20
65.887484
 10
223.124758
 20
66.715717
 10
222.945457
 20
67.526005
 10
222.645704
 20
68.298467
 10
222.247896
 20
69.207095
 10
222.148963
 20
69.511387
 10
222.116636
 20
69.709481
 10
222.150883
 20
69.796740
 10
222.251673
 20
69.768526
 10
222.418974
 20
69.620203
 10
222.652756
 20
69.347132
 10
222.902618
 20
68.977579
 10
223.129035
 20
68.537020
 10
223.330932
 20
68.038542
 10
223.507236
 20
67.495233
 10
223.778769
 20
66.326470
 10
223.935041
 20
65.135429
 10
223.967463
 20
64.026810
 10
223.934545
 20
63.536128
 10
223.867443
 20
63.105313
 10
223.765083
 20
62.747452
 10
223.626391
 20
62.475635
 10
223.450293
 20
62.302946
 10
223.235715
 20
62.242475
 10
223.060445
 20
62.157341
 10
222.730615
 20
61.925539
 10
221.796209
 20
61.163540
 10
221.099142
 20
60.493412
 10
221.026214
 20
60.361053
 10
221.164655
 20
60.397351
 10
221.698407
 20
60.633848
 10
221.988684
 20
60.688148
 10
222.030655
 20
60.649565
 10
221.997520
 20
60.568541
 10
221.686949
 20
60.283317
 10
221.501845
 20
60.124486
 10
221.397645
 20
59.994418
 10
221.381746
 20
59.906534
 10
221.461545
 20
59.874257
 10
221.597604
 20
59.896241
 10
221.734893
 20
59.956099
 10
221.857412
 20
60.044690
 10
221.949160
 20
60.152871
  0
LWPOLYLINE
  8
ENGRAVE_RED
 62
1
 90
18
 70
1
 10
222.924318
 20
60.988701
 10
223.284014
 20
61.685236
 10
222.635850
 20
61.128008
 10
221.987684
 20
60.570780
 10
222.449228
 20
61.249983
 10
222.649430
 20
61.504336
 10
222.865466
 20
61.711298
 10
223.084228
 20
61.866331
 10
223.292609
 20
61.964898
 10
223.477501
 20
62.002463
 10
223.625795
 20
61.974486
 10
223.724384
 20
61.876432
 10
223.760159
 20
61.703764
 10
223.712992
 20
61.525953
 10
223.584565
 20
61.300607
 10
223.394493
 20
61.056629
 10
223.162390
 20
60.822923
 10
222.564621
 20
60.292166
  0
LWPOLYLINE
  8
ENGRAVE_RED
 62
1
 90
17
 70
1
 10
220.932735
 20
62.451424
 10
221.669956
 20
63.254616
 10
222.216766
 20
63.914148
 10
222.377133
 20
64.103092
 10
222.509791
 20
64.205622
 10
222.600955
 20
64.214856
 10
222.636843
 20
64.123912
 10
222.557611
 20
63.889935
 10
222.338577
 20
63.540067
 10
221.642293
 20
62.674000
 10
220.870385
 20
61.888394
 10
220.556819
 20
61.639101
 10
220.345243
 20
61.545929
 10
220.305741
 20
61.564410
 10
220.303327
 20
61.617378
 10
220.400122
 20
61.811918
 10
220.616351
 20
62.099837
  0
LWPOLYLINE
  8
ENGRAVE_RED
 62
1
 90
13
 70
1
 10
220.992753
 20
64.192762
 10
221.027498
 20
64.406590
 10
221.118107
 20
64.660166
 10
221.392994
 20
65.173261
 10
221.669569
 20
65.505447
 10
221.762288
 20
65.532886
 10
221.799988
 20
65.430121
 10
221.771543
 20
65.218808
 10
221.686799
 20
64.964514
 10
221.558852
 20
64.699236
 10
221.400801
 20
64.454972
 10
221.112199
 20
64.154858
 10
221.024637
 20
64.127256
  0
LWPOLYLINE
  8
ENGRAVE_RED
 62
1
 90
40
 70
1
 10
195.341532
 20
65.606316
 10
193.736668
 20
65.900254
 10
192.302663
 20
66.203821
 10
190.995023
 20
66.527191
 10
189.769252
 20
66.880539
 10
188.838413
 20
67.207348
 10
187.675103
 20
67.671707
 10
185.090689
 20
68.809392
 10
182.895259
 20
69.886235
 10
182.218178
 20
70.274540
 10
182.032879
 20
70.408886
 10
181.968060
 20
70.494874
 10
182.032034
 20
70.506885
 10
182.215385
 20
70.458838
 10
182.888793
 20
70.203725
 10
185.102468
 20
69.205504
 10
186.510971
 20
68.560003
 10
187.891498
 20
67.987226
 10
189.249436
 20
67.485565
 10
190.590170
 20
67.053414
 10
191.919086
 20
66.689166
 10
193.241572
 20
66.391213
 10
194.563014
 20
66.157949
 10
195.888797
 20
65.987767
 10
197.793723
 20
65.860177
 10
199.707993
 20
65.856303
 10
201.421667
 20
65.969801
 10
202.137673
 20
66.068582
 10
202.724803
 20
66.194328
 10
202.982204
 20
66.252160
 10
203.100434
 20
66.242901
 10
203.087226
 20
66.159747
 10
202.950312
 20
65.995894
 10
202.826533
 20
65.931109
 10
202.589248
 20
65.868306
 10
201.831246
 20
65.751567
 10
200.790484
 20
65.651521
 10
199.581142
 20
65.574016
 10
197.113429
 20
65.510009
 10
196.083414
 20
65.535200
  0
LWPOLYLINE
  8
ENGRAVE_RED
 62
1
 90
31
 70
1
 10
205.622203
 20
66.993851
 10
207.567895
 20
67.698104
 10
210.915869
 20
68.814074
 10
213.250606
 20
69.542251
 10
214.989137
 20
69.994084
 10
215.747376
 20
70.140879
 10
216.491624
 20
70.247997
 10
218.118226
 20
70.382418
 10
219.331627
 20
70.431529
 10
220.228063
 20
70.427477
 10
220.783529
 20
70.371260
 10
220.925897
 20
70.323901
 10
220.974020
 20
70.263874
 10
220.948516
 20
70.207106
 10
220.874367
 20
70.160574
 10
220.594302
 20
70.099735
 10
220.162163
 20
70.084389
 10
219.606286
 20
70.117567
 10
218.836866
 20
70.156453
 10
218.006228
 20
70.124877
 10
217.083853
 20
70.016394
 10
216.039222
 20
69.824561
 10
214.841819
 20
69.542933
 10
213.461124
 20
69.165064
 10
210.027787
 20
68.094826
 10
207.150097
 20
67.176117
 10
205.397201
 20
66.671540
 10
204.970396
 20
66.581509
 10
204.874276
 20
66.578276
 10
204.858202
 20
66.603362
 10
205.071759
 20
66.739882
  0
LWPOLYLINE
  8
ENGRAVE_RED
 62
1
 90
59
 70
1
 10
214.983819
 20
79.194744
 10
214.955351
 20
80.375744
 10
214.853435
 20
81.278382
 10
214.653300
 20
82.039060
 10
214.330176
 20
82.794184
 10
214.074558
 20
83.251535
 10
213.779243
 20
83.670760
 10
213.448351
 20
84.050582
 10
213.086001
 20
84.389725
 10
212.696313
 20
84.686914
 10
212.283407
 20
84.940872
 10
211.851403
 20
85.150323
 10
211.404420
 20
85.313990
 10
210.946580
 20
85.430598
 10
210.482001
 20
85.498870
 10
210.014804
 20
85.517530
 10
209.549108
 20
85.485303
 10
209.089034
 20
85.400911
 10
208.638700
 20
85.263079
 10
208.202228
 20
85.070530
 10
207.783737
 20
84.821989
 10
207.269108
 20
84.483638
 10
207.011455
 20
84.353284
 10
206.967304
 20
84.363721
 10
206.973367
 20
84.423294
 10
207.117434
 20
84.686034
 10
207.342708
 20
84.934328
 10
207.702721
 20
85.204697
 10
208.147889
 20
85.464491
 10
208.628625
 20
85.681061
 10
209.075316
 20
85.821924
 10
209.530563
 20
85.908563
 10
209.991093
 20
85.942680
 10
210.453635
 20
85.925977
 10
210.914918
 20
85.860157
 10
211.371670
 20
85.746921
 10
211.820619
 20
85.587974
 10
212.258494
 20
85.385016
 10
212.682022
 20
85.139751
 10
213.087933
 20
84.853880
 10
213.472955
 20
84.529105
 10
213.833815
 20
84.167131
 10
214.167243
 20
83.769658
 10
214.469967
 20
83.338389
 10
214.738715
 20
82.875026
 10
214.970216
 20
82.381272
 10
215.123534
 20
81.855527
 10
215.247584
 20
81.131922
 10
215.339070
 20
80.289326
 10
215.394700
 20
79.406610
 10
215.411180
 20
78.562643
 10
215.385215
 20
77.836294
 10
215.313513
 20
77.306433
 10
215.259481
 20
77.139832
 10
215.192779
 20
77.051929
 10
215.150803
 20
77.072335
 10
215.111644
 20
77.181018
 10
215.045201
 20
77.628057
 10
215.000307
 20
78.322736
  0
LWPOLYLINE
  8
ENGRAVE_RED
 62
1
 90
12
 70
1
 10
217.630652
 20
61.267315
 10
216.976555
 20
61.438925
 10
216.519602
 20
61.496129
 10
216.400865
 20
61.481828
 10
216.374387
 20
61.438925
 10
216.454491
 20
61.367421
 10
216.655503
 20
61.267315
 10
217.212731
 20
61.100610
 10
217.769959
 20
61.036057
 10
218.015912
 20
61.049753
 10
218.078264
 20
61.086910
 10
217.951635
 20
61.156455
  0
LWPOLYLINE
  8
ENGRAVE_RED
 62
1
 90
324
 70
1
 10
128.801771
 20
63.674621
 10
129.141125
 20
63.741309
 10
129.438886
 20
63.839382
 10
129.722929
 20
63.994232
 10
130.021124
 20
64.231250
 10
130.361346
 20
64.575830
 10
130.771465
 20
65.053361
 10
131.912888
 20
66.508848
 10
132.016680
 20
66.679540
 10
132.018642
 20
66.731440
 10
131.984621
 20
66.762082
 10
131.800543
 20
66.762695
 10
131.448276
 20
66.687602
 10
131.132660
 20
66.629127
 10
130.898632
 20
66.630689
 10
130.753128
 20
66.691154
 10
130.703086
 20
66.809391
 10
130.777339
 20
66.929299
 10
130.979514
 20
67.027494
 10
131.278733
 20
67.093841
 10
131.644119
 20
67.118209
 10
132.032373
 20
67.145689
 10
132.393857
 20
67.220512
 10
132.688183
 20
67.331250
 10
132.874963
 20
67.466476
 10
132.935375
 20
67.559152
 10
132.942994
 20
67.633564
 10
132.892563
 20
67.690927
 10
132.778824
 20
67.732455
 10
132.340398
 20
67.772873
 10
131.585662
 20
67.764538
 10
130.006551
 20
67.714332
 10
131.817542
 20
67.987583
 10
133.276098
 20
68.257775
 10
133.634725
 20
68.370479
 10
133.721530
 20
68.420074
 10
133.746722
 20
68.464723
 10
133.612441
 20
68.537857
 10
133.232235
 20
68.587232
 10
131.735458
 20
68.604107
 10
129.449323
 20
68.554624
 10
132.146561
 20
68.881217
 10
134.090976
 20
69.152797
 10
134.713204
 20
69.267260
 10
134.978229
 20
69.347121
 10
134.937105
 20
69.375769
 10
134.767044
 20
69.403781
 10
134.092663
 20
69.455076
 10
131.774768
 20
69.519005
 10
130.320665
 20
69.554520
 10
129.211167
 20
69.628121
 10
128.466592
 20
69.737795
 10
128.237501
 20
69.805532
 10
128.107259
 20
69.881534
 10
128.005391
 20
70.032953
 10
128.025547
 20
70.080225
 10
128.097246
 20
70.109395
 10
128.407730
 20
70.116003
 10
128.961748
 20
70.057917
 10
130.782001
 20
69.830289
 10
131.812525
 20
69.728795
 10
132.201263
 20
69.744492
 10
132.201194
 20
69.793492
 10
132.096156
 20
69.868436
 10
131.814208
 20
69.977478
 10
131.355469
 20
70.095688
 10
130.161535
 20
70.302624
 10
129.030228
 20
70.487583
 10
127.271641
 20
70.821861
 10
122.787427
 20
71.743801
 10
118.538499
 20
72.679308
 10
117.074020
 20
73.030543
 10
116.354465
 20
73.239242
 10
116.126581
 20
73.358975
 10
116.041718
 20
73.448193
 10
116.090416
 20
73.508117
 10
116.263215
 20
73.539970
 10
116.943283
 20
73.524349
 10
118.006246
 20
73.411106
 10
119.376431
 20
73.210017
 10
120.978164
 20
72.930859
 10
122.735771
 20
72.583408
 10
124.573578
 20
72.177438
 10
127.438988
 20
71.579165
 10
130.214085
 20
71.130120
 10
131.511742
 20
70.969242
 10
132.719593
 20
70.854891
 10
133.815227
 20
70.790142
 10
134.776236
 20
70.778068
 10
136.971900
 20
70.815945
 10
134.325067
 20
71.059172
 10
132.282104
 20
71.287568
 10
130.472692
 20
71.558787
 10
129.212387
 20
71.818273
 10
128.886761
 20
71.926569
 10
128.817336
 20
71.972372
 10
128.816744
 20
72.011474
 10
129.099268
 20
72.021455
 10
129.788575
 20
71.968689
 10
131.973246
 20
71.713958
 10
134.535362
 20
71.436367
 10
135.633235
 20
71.358855
 10
136.414672
 20
71.338619
 10
137.807742
 20
71.368941
 10
136.136058
 20
71.627611
 10
134.239391
 20
71.951324
 10
133.325365
 20
72.176544
 10
133.255038
 20
72.215527
 10
133.249220
 20
72.247065
 10
133.433591
 20
72.286779
 10
134.603681
 20
72.265541
 10
136.693286
 20
72.152822
 10
134.882295
 20
72.517133
 10
133.451386
 20
72.827411
 10
132.172136
 20
73.159401
 10
130.996065
 20
73.533907
 10
129.874692
 20
73.971733
 10
128.759538
 20
74.493685
 10
127.602122
 20
75.120566
 10
126.353965
 20
75.873182
 10
124.966586
 20
76.772337
 10
122.712758
 20
78.270694
 10
119.672920
 20
78.441496
 10
117.765922
 20
78.481314
 10
115.851388
 20
78.395947
 10
113.981116
 20
78.196068
 10
112.206908
 20
77.892349
 10
110.580562
 20
77.495463
 10
109.839026
 20
77.265417
 10
109.153880
 20
77.016081
 10
108.531599
 20
76.748789
 10
107.978659
 20
76.464876
 10
107.501535
 20
76.165675
 10
107.106702
 20
75.852519
 10
106.045749
 20
74.887668
 10
107.299512
 20
75.585581
 10
108.043687
 20
75.961889
 10
108.829308
 20
76.284033
 10
109.662229
 20
76.553242
 10
110.548307
 20
76.770747
 10
111.493399
 20
76.937776
 10
112.503361
 20
77.055561
 10
113.584048
 20
77.125330
 10
114.741317
 20
77.148313
 10
115.854419
 20
77.131824
 10
116.765830
 20
77.086930
 10
117.381504
 20
77.020487
 10
117.549051
 20
76.981328
 10
117.607398
 20
76.939352
 10
117.543239
 20
76.897256
 10
117.359765
 20
76.857754
 10
116.686277
 20
76.790050
 10
115.689749
 20
76.743291
 10
114.472992
 20
76.724526
 10
112.979923
 20
76.693390
 10
111.717749
 20
76.604044
 10
110.657565
 20
76.453504
 10
109.770466
 20
76.238786
 10
109.083084
 20
75.994584
 10
108.378191
 20
75.682457
 10
107.679558
 20
75.317709
 10
107.010959
 20
74.915641
 10
106.396165
 20
74.491557
 10
105.858947
 20
74.060759
 10
105.423077
 20
73.638548
 10
105.112328
 20
73.240229
 10
104.678114
 20
72.551182
 10
105.361931
 20
73.159622
 10
105.838939
 20
73.530033
 10
106.417631
 20
73.893085
 10
107.065862
 20
74.235476
 10
107.751484
 20
74.543905
 10
108.442352
 20
74.805068
 10
109.106318
 20
75.005664
 10
109.711235
 20
75.132390
 10
110.224958
 20
75.171944
 10
110.832581
 20
75.153960
 10
110.969928
 20
75.136877
 10
110.990134
 20
75.109069
 10
110.660619
 20
75.005279
 10
109.807037
 20
74.810602
 10
109.084915
 20
74.627309
 10
108.402079
 20
74.407584
 10
107.759994
 20
74.152205
 10
107.160124
 20
73.861950
 10
106.603932
 20
73.537598
 10
106.092883
 20
73.179926
 10
105.628440
 20
72.789713
 10
105.212066
 20
72.367738
 10
104.741315
 20
71.812514
 10
104.689973
 20
71.723230
 10
104.780214
 20
71.784993
 10
105.017874
 20
71.970793
 10
105.212662
 20
72.085174
 10
105.358855
 20
72.132328
 10
105.450731
 20
72.116446
 10
105.482567
 20
72.041718
 10
105.448640
 20
71.912337
 10
105.343230
 20
71.732494
 10
105.160612
 20
71.506379
 10
104.559628
 20
70.784905
 10
104.419697
 20
70.569013
 10
104.385459
 20
70.454328
 10
104.455902
 20
70.444333
 10
104.630015
 20
70.542512
 10
105.285205
 20
71.077325
 10
105.890601
 20
71.557947
 10
106.552276
 20
71.967645
 10
107.268532
 20
72.305925
 10
108.037670
 20
72.572297
 10
108.857989
 20
72.766268
 10
109.727792
 20
72.887346
 10
110.645378
 20
72.935039
 10
111.609049
 20
72.908855
 10
112.422935
 20
72.832881
 10
113.171174
 20
72.720218
 10
113.770761
 20
72.586065
 10
114.138693
 20
72.445622
 10
114.362339
 20
72.285277
 10
114.383727
 20
72.239590
 10
114.339582
 20
72.216043
 10
114.038962
 20
72.232818
 10
113.429019
 20
72.330496
 10
112.795224
 20
72.413959
 10
111.996366
 20
72.478070
 10
110.312504
 20
72.522978
 10
109.483183
 20
72.465751
 10
108.653679
 20
72.324644
 10
107.844097
 20
72.108154
 10
107.074543
 20
71.824781
 10
106.365122
 20
71.483020
 10
105.735938
 20
71.091372
 10
105.207099
 20
70.658334
 10
104.798707
 20
70.192404
 10
104.535343
 20
69.795296
 10
104.358255
 20
69.473189
 10
104.264889
 20
69.234990
 10
104.252690
 20
69.089606
 10
104.319104
 20
69.045943
 10
104.461576
 20
69.112911
 10
104.677553
 20
69.299415
 10
104.964480
 20
69.614364
 10
105.313011
 20
69.984805
 10
105.722549
 20
70.352350
 10
106.142039
 20
70.674523
 10
106.520426
 20
70.908848
 10
106.938320
 20
71.066982
 10
107.495655
 20
71.192504
 10
108.156527
 20
71.283670
 10
108.885034
 20
71.338737
 10
109.645271
 20
71.355962
 10
110.401336
 20
71.333600
 10
111.117325
 20
71.269908
 10
111.757335
 20
71.163144
 10
112.261007
 20
71.022590
 10
112.842611
 20
70.812751
 10
114.047158
 20
70.280167
 10
114.986072
 20
69.755284
 10
115.235633
 20
69.555072
 10
115.284390
 20
69.480908
 10
115.274445
 20
69.427994
 10
115.184201
 20
69.388878
 10
115.056967
 20
69.400858
 10
114.909653
 20
69.459581
 10
114.759166
 20
69.560693
 10
114.484618
 20
69.720419
 10
113.999512
 20
69.938737
 10
112.671619
 20
70.436237
 10
111.872505
 20
70.666955
 10
111.038426
 20
70.838730
 10
110.194895
 20
70.950886
 10
109.367426
 20
71.002748
 10
108.581533
 20
70.993640
 10
107.862729
 20
70.922885
 10
107.236529
 20
70.789807
 10
106.728446
 20
70.593730
 10
106.101082
 20
70.239885
 10
105.967613
 20
70.135771
 10
105.953029
 20
70.081038
 10
106.056384
 20
70.076318
 10
106.276736
 20
70.122244
 10
107.064652
 20
70.368560
 10
107.674515
 20
70.533604
 10
108.309338
 20
70.600528
 10
109.010538
 20
70.558735
 10
109.819532
 20
70.397629
 10
110.777738
 20
70.106614
 10
111.926573
 20
69.675093
 10
113.307454
 20
69.092471
 10
114.961800
 20
68.348150
 10
118.943300
 20
66.520068
 10
120.033812
 20
67.076405
 10
120.863500
 20
67.456910
 10
121.725321
 20
67.774774
 10
122.602840
 20
68.031367
 10
123.479619
 20
68.228060
 10
124.339221
 20
68.366226
 10
125.165209
 20
68.447233
 10
125.941145
 20
68.472454
 10
126.650594
 20
68.443260
 10
127.277116
 20
68.361022
 10
127.804277
 20
68.227109
 10
128.215637
 20
68.042895
 10
128.494761
 20
67.809749
 10
128.579598
 20
67.675255
 10
128.625212
 20
67.529043
 10
128.629547
 20
67.371283
 10
128.590551
 20
67.202147
 10
128.506167
 20
67.021807
 10
128.374342
 20
66.830433
 10
127.960148
 20
66.415271
 10
127.601904
 20
66.085767
 10
127.258940
 20
65.715875
 10
126.937393
 20
65.315075
 10
126.643399
 20
64.892849
 10
126.383096
 20
64.458678
 10
126.162618
 20
64.022041
 10
125.988103
 20
63.592421
 10
125.865688
 20
63.179298
 10
125.693147
 20
62.444447
 10
126.735393
 20
62.977120
 10
127.220889
 20
63.196953
 10
127.772318
 20
63.401738
 10
128.321880
 20
63.568590
  0
LWPOLYLINE
  8
ENGRAVE_RED
 62
1
 90
33
 70
1
 10
106.185056
 20
72.697550
 10
106.653420
 20
73.010040
 10
107.222781
 20
73.289081
 10
107.882957
 20
73.532253
 10
108.623772
 20
73.737134
 10
109.435046
 20
73.901305
 10
110.306600
 20
74.022345
 10
111.228256
 20
74.097835
 10
112.189834
 20
74.125354
 10
113.931487
 20
74.082035
 10
114.498692
 20
74.031466
 10
114.751414
 20
73.968491
 10
114.735582
 20
73.935638
 10
114.626700
 20
73.904989
 10
114.166234
 20
73.852986
 10
112.529653
 20
73.804945
 10
111.600727
 20
73.770137
 10
110.617203
 20
73.673098
 10
109.628191
 20
73.524906
 10
108.682802
 20
73.336635
 10
107.830147
 20
73.119365
 10
107.119336
 20
72.884170
 10
106.599480
 20
72.642127
 10
106.426507
 20
72.522000
 10
106.319690
 20
72.404314
 10
106.228461
 20
72.299559
 10
106.103905
 20
72.214703
 10
105.962404
 20
72.158439
 10
105.820344
 20
72.139457
 10
105.767904
 20
72.151962
 10
105.746465
 20
72.185406
 10
105.790605
 20
72.305948
 10
105.940792
 20
72.482768
  0
LWPOLYLINE
  8
ENGRAVE_RED
 62
1
 90
8
 70
1
 10
223.481546
 20
62.799692
 10
223.440624
 20
62.898077
 10
223.342239
 20
62.938999
 10
223.243853
 20
62.898077
 10
223.202932
 20
62.799692
 10
223.243853
 20
62.701306
 10
223.342239
 20
62.660385
 10
223.440624
 20
62.701306
  0
LWPOLYLINE
  8
ENGRAVE_RED
 62
1
 90
66
 70
1
 10
141.429724
 20
68.988942
 10
143.305892
 20
70.163318
 10
144.252133
 20
70.694352
 10
145.206446
 20
71.188827
 10
146.170809
 20
71.647402
 10
147.147198
 20
72.070735
 10
148.137588
 20
72.459483
 10
149.143956
 20
72.814306
 10
150.168278
 20
73.135861
 10
151.212531
 20
73.424808
 10
152.278690
 20
73.681803
 10
153.368733
 20
73.907505
 10
155.628372
 20
74.267665
 10
158.007257
 20
74.510552
 10
159.929756
 20
74.698093
 10
161.491598
 20
74.946944
 10
162.160808
 20
75.099122
 10
162.768097
 20
75.272341
 10
163.322877
 20
75.468506
 10
163.834564
 20
75.689522
 10
164.378629
 20
75.956920
 10
164.591415
 20
76.115010
 10
164.581608
 20
76.170677
 10
164.498615
 20
76.220153
 10
164.125919
 20
76.328714
 10
163.763272
 20
76.391639
 10
163.275048
 20
76.430318
 10
161.981474
 20
76.440372
 10
160.364410
 20
76.369746
 10
158.543066
 20
76.229305
 10
156.636655
 20
76.029919
 10
154.764388
 20
75.782454
 10
153.045477
 20
75.497779
 10
151.599135
 20
75.186760
 10
150.498475
 20
74.890404
 10
149.426464
 20
74.563558
 10
148.380827
 20
74.204875
 10
147.359289
 20
73.813006
 10
146.359575
 20
73.386602
 10
145.379411
 20
72.924316
 10
144.416521
 20
72.424798
 10
143.468631
 20
71.886701
 10
142.533465
 20
71.308675
 10
141.608750
 20
70.689374
 10
140.692210
 20
70.027448
 10
139.781570
 20
69.321549
 10
138.874555
 20
68.570329
 10
137.968892
 20
67.772439
 10
136.152517
 20
66.031257
 10
134.771141
 20
64.617714
 10
134.358198
 20
64.162488
 10
134.105449
 20
63.837343
 10
133.994166
 20
63.614066
 10
134.005625
 20
63.464446
 10
134.121098
 20
63.360271
 10
134.321858
 20
63.273327
 10
134.534294
 20
63.216293
 10
134.747337
 20
63.219323
 10
134.984770
 20
63.299399
 10
135.270374
 20
63.473501
 10
135.627932
 20
63.758610
 10
136.081226
 20
64.171707
 10
137.370153
 20
65.449787
 10
138.429231
 20
66.477972
 10
139.547655
 20
67.487979
 10
140.592221
 20
68.363678
  0
LWPOLYLINE
  8
ENGRAVE_RED
 62
1
 90
12
 70
1
 10
223.667288
 20
63.681969
 10
223.595168
 20
63.724777
 10
223.536107
 20
63.704026
 10
223.496202
 20
63.625811
 10
223.481546
 20
63.496227
 10
223.496202
 20
63.366642
 10
223.536107
 20
63.288427
 10
223.595168
 20
63.267676
 10
223.667288
 20
63.310484
 10
223.724752
 20
63.397261
 10
223.743907
 20
63.496227
 10
223.724752
 20
63.595193
  0
LWPOLYLINE
  8
ENGRAVE_RED
 62
1
 90
84
 70
1
 10
153.828047
 20
65.028604
 10
153.848344
 20
65.623597
 10
153.903610
 20
66.110845
 10
153.985403
 20
66.440067
 10
154.033610
 20
66.529705
 10
154.085283
 20
66.560981
 10
154.251156
 20
66.505452
 10
154.512630
 20
66.354261
 10
155.178852
 20
65.857254
 10
155.522803
 20
65.595172
 10
155.800675
 20
65.440645
 10
156.010279
 20
65.391450
 10
156.149424
 20
65.445365
 10
156.215919
 20
65.600165
 10
156.207574
 20
65.853629
 10
156.122198
 20
66.203531
 10
155.957601
 20
66.647650
 10
155.752921
 20
67.071213
 10
155.497419
 20
67.488409
 10
155.195043
 20
67.896706
 10
154.849738
 20
68.293572
 10
154.465452
 20
68.676475
 10
154.046133
 20
69.042883
 10
153.118180
 20
69.716088
 10
152.097456
 20
70.292931
 10
151.015537
 20
70.753156
 10
150.461496
 20
70.933206
 10
149.903997
 20
71.076507
 10
149.346988
 20
71.180525
 10
148.794415
 20
71.242729
 10
147.928624
 20
71.269211
 10
147.558166
 20
71.239706
 10
147.200027
 20
71.174831
 10
146.432782
 20
70.918348
 10
145.451047
 20
70.458518
 10
143.969374
 20
69.623043
 10
142.229112
 20
68.528722
 10
140.781047
 20
67.536079
 10
140.338707
 20
67.190550
 10
140.175961
 20
67.005637
 10
140.603012
 20
67.056794
 10
141.629749
 20
67.298330
 10
142.948681
 20
67.564661
 10
143.577303
 20
67.645680
 10
144.078241
 20
67.675437
 10
144.614531
 20
67.627531
 10
145.188069
 20
67.492014
 10
145.775730
 20
67.281183
 10
146.354387
 20
67.007339
 10
146.900915
 20
66.682780
 10
147.392187
 20
66.319806
 10
147.805077
 20
65.930714
 10
148.116460
 20
65.527805
 10
148.377366
 20
65.145623
 10
148.603489
 20
64.892597
 10
148.795303
 20
64.768964
 10
148.953284
 20
64.774962
 10
149.077906
 20
64.910829
 10
149.169643
 20
65.176804
 10
149.228969
 20
65.573124
 10
149.256360
 20
66.100028
 10
149.320630
 20
67.065336
 10
149.376218
 20
67.395021
 10
149.439430
 20
67.558901
 10
149.590779
 20
67.601963
 10
149.836264
 20
67.552024
 10
150.148070
 20
67.425422
 10
150.498385
 20
67.238495
 10
151.203280
 20
66.749019
 10
151.502232
 20
66.479147
 10
151.728435
 20
66.214304
 10
151.922243
 20
65.887839
 10
152.123385
 20
65.463535
 10
152.308099
 20
64.996297
 10
152.452623
 20
64.541029
 10
152.612766
 20
64.058750
 10
152.795424
 20
63.735047
 10
153.013915
 20
63.553134
 10
153.281557
 20
63.496227
 10
153.441895
 20
63.507250
 10
153.568041
 20
63.547702
 10
153.663943
 20
63.628658
 10
153.733553
 20
63.761192
 10
153.809689
 20
64.225294
  0
LWPOLYLINE
  8
ENGRAVE_RED
 62
1
 90
31
 70
1
 10
154.199471
 20
67.828901
 10
153.591155
 20
68.395348
 10
152.944882
 20
68.899441
 10
152.263013
 20
69.340069
 10
151.547907
 20
69.716126
 10
150.801923
 20
70.026501
 10
150.027421
 20
70.270088
 10
149.226761
 20
70.445777
 10
148.402301
 20
70.552460
 10
147.442076
 20
70.693739
 10
147.103893
 20
70.786404
 10
146.924962
 20
70.879448
 10
146.919118
 20
70.919650
 10
146.980647
 20
70.950468
 10
147.281275
 20
70.983170
 10
147.777756
 20
70.975983
 10
148.421003
 20
70.927335
 10
149.406284
 20
70.783990
 10
150.352248
 20
70.555223
 10
151.256639
 20
70.242211
 10
152.117199
 20
69.846132
 10
152.931671
 20
69.368165
 10
153.697798
 20
68.809486
 10
154.413321
 20
68.171275
 10
155.075985
 20
67.454708
 10
155.675517
 20
66.676383
 10
155.750946
 20
66.513587
 10
155.736019
 20
66.487311
 10
155.687309
 20
66.497223
 10
155.492474
 20
66.623932
 10
155.174310
 20
66.890354
  0
LWPOLYLINE
  8
ENGRAVE_RED
 62
1
 90
87
 70
1
 10
134.280272
 20
64.924196
 10
134.882943
 20
65.575796
 10
135.679487
 20
66.360093
 10
137.628532
 20
68.130220
 10
139.676093
 20
69.841446
 10
140.595782
 20
70.552120
 10
141.370858
 20
71.100645
 10
142.483543
 20
71.812390
 10
143.579747
 20
72.467495
 10
144.666142
 20
73.067897
 10
145.749400
 20
73.615531
 10
146.836196
 20
74.112333
 10
147.933200
 20
74.560239
 10
149.047086
 20
74.961185
 10
150.184526
 20
75.317106
 10
151.352193
 20
75.629938
 10
152.556759
 20
75.901618
 10
153.804897
 20
76.134081
 10
155.103279
 20
76.329263
 10
156.458578
 20
76.489099
 10
157.877467
 20
76.615526
 10
160.932704
 20
76.775896
 10
165.947756
 20
76.935988
 10
167.614764
 20
76.065442
 10
169.281770
 20
75.194895
 10
170.679518
 20
76.139919
 10
171.667396
 20
76.788540
 10
172.455556
 20
77.254477
 10
173.065140
 20
77.538405
 10
173.309573
 20
77.612328
 10
173.517291
 20
77.641001
 10
173.690936
 20
77.624510
 10
173.833151
 20
77.562939
 10
173.946579
 20
77.456373
 10
174.033862
 20
77.304895
 10
174.140567
 20
76.867544
 10
174.174409
 20
76.251561
 10
174.181954
 20
75.058708
 10
175.149566
 20
76.099418
 10
175.832940
 20
76.911663
 10
176.040825
 20
77.218864
 10
176.117175
 20
77.403082
 10
176.084478
 20
77.462559
 10
175.990765
 20
77.530913
 10
175.646579
 20
77.684585
 10
175.137183
 20
77.844770
 10
174.515145
 20
77.992139
 10
172.565282
 20
78.424355
 10
170.126974
 20
79.005582
 10
168.682418
 20
79.324093
 10
167.224193
 20
79.571449
 10
165.761270
 20
79.747233
 10
164.302619
 20
79.851028
 10
162.857210
 20
79.882415
 10
161.434014
 20
79.840978
 10
160.041999
 20
79.726298
 10
158.690137
 20
79.537959
 10
156.698619
 20
79.173149
 10
154.793989
 20
78.767319
 10
152.969526
 20
78.317097
 10
151.218511
 20
77.819110
 10
149.534224
 20
77.269985
 10
147.909945
 20
76.666351
 10
146.338954
 20
76.004833
 10
144.814531
 20
75.282061
 10
143.329958
 20
74.494660
 10
141.878512
 20
73.639259
 10
140.453476
 20
72.712484
 10
139.048129
 20
71.710964
 10
137.655751
 20
70.631326
 10
136.269623
 20
69.470196
 10
134.883024
 20
68.224204
 10
133.489234
 20
66.889975
 10
132.097735
 20
65.494306
 10
131.373614
 20
64.675031
 10
131.220579
 20
64.425445
 10
131.184901
 20
64.252642
 10
131.250083
 20
64.134183
 10
131.399629
 20
64.047630
 10
131.825753
 20
63.893305
 10
132.213495
 20
63.808441
 10
132.572612
 20
63.796007
 10
132.912860
 20
63.858972
 10
133.243995
 20
64.000304
 10
133.575772
 20
64.222974
 10
133.917949
 20
64.529948
 10
134.280280
 20
64.924196
  0
LWPOLYLINE
  8
ENGRAVE_RED
 62
1
 90
8
 70
1
 10
158.564485
 20
65.864446
 10
158.523564
 20
65.962831
 10
158.425178
 20
66.003753
 10
158.326792
 20
65.962831
 10
158.285871
 20
65.864446
 10
158.326792
 20
65.766060
 10
158.425178
 20
65.725139
 10
158.523564
 20
65.766060
  0
LWPOLYLINE
  8
ENGRAVE_RED
 62
1
 90
8
 70
1
 10
125.130806
 20
67.536130
 10
125.089884
 20
67.634515
 10
124.991499
 20
67.675437
 10
124.893113
 20
67.634515
 10
124.852192
 20
67.536130
 10
124.893113
 20
67.437744
 10
124.991499
 20
67.396823
 10
125.089884
 20
67.437744
  0
LWPOLYLINE
  8
ENGRAVE_RED
 62
1
 90
51
 70
1
 10
202.814093
 20
69.258701
 10
202.935472
 20
69.321491
 10
202.953759
 20
69.374757
 10
202.865847
 20
69.418884
 10
202.668626
 20
69.454252
 10
201.933825
 20
69.500246
 10
200.724488
 20
69.515798
 10
199.033130
 20
69.568052
 10
198.256492
 20
69.636405
 10
197.516947
 20
69.736718
 10
196.807793
 20
69.871849
 10
196.122329
 20
70.044653
 10
195.453854
 20
70.257988
 10
194.795668
 20
70.514710
 10
194.141069
 20
70.817677
 10
193.483356
 20
71.169745
 10
192.815828
 20
71.573771
 10
192.131785
 20
72.032612
 10
190.687345
 20
73.126167
 10
189.096428
 20
74.473264
 10
188.062367
 20
75.350524
 10
186.976786
 20
76.213272
 10
185.893212
 20
77.025080
 10
184.865171
 20
77.749520
 10
183.946189
 20
78.350164
 10
183.189790
 20
78.790584
 10
182.649501
 20
79.034353
 10
182.477125
 20
79.071109
 10
182.378848
 20
79.045041
 10
182.351479
 20
78.877061
 10
182.354111
 20
78.496839
 10
182.441193
 20
77.325375
 10
182.510241
 20
76.709140
 10
182.616931
 20
76.219478
 10
182.704879
 20
76.004437
 10
182.826822
 20
75.799830
 10
183.205470
 20
75.393638
 10
183.818433
 20
74.944346
 10
184.731267
 20
74.395394
 10
187.718781
 20
72.772282
 10
190.223322
 20
71.469021
 10
192.366943
 20
70.437658
 10
194.161506
 20
69.672781
 10
195.618875
 20
69.168982
 10
196.278311
 20
69.040580
 10
197.170045
 20
68.954110
 10
198.212211
 20
68.908552
 10
199.322938
 20
68.902884
 10
200.420359
 20
68.936086
 10
201.422604
 20
69.007137
 10
202.247805
 20
69.115016
  0
LWPOLYLINE
  8
ENGRAVE_RED
 62
1
 90
12
 70
1
 10
133.396354
 20
69.811477
 10
133.309578
 20
69.868941
 10
133.210612
 20
69.888096
 10
133.111645
 20
69.868941
 10
133.024869
 20
69.811477
 10
132.982061
 20
69.739357
 10
133.002812
 20
69.680297
 10
133.081027
 20
69.640391
 10
133.210612
 20
69.625735
 10
133.340196
 20
69.640391
 10
133.418411
 20
69.680297
 10
133.439162
 20
69.739357
  0
LWPOLYLINE
  8
ENGRAVE_RED
 62
1
 90
11
 70
1
 10
160.996553
 20
69.794064
 10
160.902339
 20
69.847877
 10
160.770252
 20
69.869962
 10
160.462543
 20
69.816063
 10
160.349436
 20
69.754119
 10
160.341646
 20
69.703558
 10
160.436387
 20
69.667167
 10
160.630872
 20
69.647734
 10
160.958570
 20
69.681644
 10
161.019775
 20
69.730443
 10
160.996553
 20
69.794067
  0
LWPOLYLINE
  8
ENGRAVE_RED
 62
1
 90
8
 70
1
 10
203.978566
 20
69.765042
 10
203.937645
 20
69.863427
 10
203.839259
 20
69.904349
 10
203.740873
 20
69.863427
 10
203.699952
 20
69.765042
 10
203.740873
 20
69.666656
 10
203.839259
 20
69.625735
 10
203.937645
 20
69.666656
  0
LWPOLYLINE
  8
ENGRAVE_RED
 62
1
 90
12
 70
1
 10
159.586070
 20
70.090091
 10
159.499293
 20
70.147555
 10
159.400327
 20
70.166710
 10
159.301361
 20
70.147555
 10
159.214584
 20
70.090091
 10
159.171776
 20
70.017971
 10
159.192527
 20
69.958911
 10
159.270742
 20
69.919005
 10
159.400327
 20
69.904349
 10
159.529911
 20
69.919005
 10
159.608127
 20
69.958911
 10
159.628877
 20
70.017971
  0
LWPOLYLINE
  8
ENGRAVE_RED
 62
1
 90
12
 70
1
 10
158.471614
 20
70.368705
 10
158.384837
 20
70.426169
 10
158.285871
 20
70.445324
 10
158.186905
 20
70.426169
 10
158.100128
 20
70.368705
 10
158.057320
 20
70.296585
 10
158.078071
 20
70.237525
 10
158.156286
 20
70.197619
 10
158.285871
 20
70.182963
 10
158.415455
 20
70.197619
 10
158.493671
 20
70.237525
 10
158.514421
 20
70.296585
  0
LWPOLYLINE
  8
ENGRAVE_RED
 62
1
 90
1211
 70
1
 10
204.793564
 20
70.749585
 10
206.393653
 20
71.194345
 10
207.061178
 20
71.433808
 10
207.651349
 20
71.689932
 10
208.172412
 20
71.966671
 10
208.632612
 20
72.267977
 10
209.040192
 20
72.597805
 10
209.403398
 20
72.960109
 10
209.617227
 20
73.219396
 10
209.710329
 20
73.395056
 10
209.684592
 20
73.494797
 10
209.541901
 20
73.526331
 10
209.470101
 20
73.539462
 10
209.431037
 20
73.578194
 10
209.449460
 20
73.728481
 10
209.593858
 20
73.969241
 10
209.860920
 20
74.292519
 10
210.632167
 20
75.188045
 10
210.938025
 20
75.635234
 10
210.940030
 20
75.671664
 10
210.911785
 20
75.676530
 10
210.763618
 20
75.588734
 10
210.094068
 20
75.003194
 10
209.491779
 20
74.493981
 10
208.768353
 20
73.972389
 10
208.014752
 20
73.499652
 10
207.321934
 20
73.137005
 10
205.996615
 20
72.607351
 10
204.735324
 20
72.218653
 10
204.208104
 20
72.097720
 10
203.792189
 20
72.036696
 10
203.519345
 20
72.043805
 10
203.446502
 20
72.075478
 10
203.421338
 20
72.127268
 10
203.503779
 20
72.223605
 10
203.728249
 20
72.328167
 10
204.060463
 20
72.428344
 10
204.466140
 20
72.511528
 10
204.984316
 20
72.635936
 10
205.620675
 20
72.849853
 10
207.068722
 20
73.462031
 10
208.451827
 20
74.179692
 10
209.007010
 20
74.525462
 10
209.411539
 20
74.834464
 10
210.223040
 20
75.652904
 10
210.885981
 20
76.485317
 10
211.140074
 20
76.875866
 10
211.331024
 20
77.232830
 10
211.450165
 20
77.543852
 10
211.488830
 20
77.796572
 10
211.459529
 20
78.052765
 10
211.424471
 20
78.096005
 10
211.372253
 20
78.080006
 10
211.205672
 20
77.862288
 10
210.938457
 20
77.383605
 10
210.619520
 20
76.949396
 10
210.087731
 20
76.397175
 10
209.417090
 20
75.785872
 10
208.681597
 20
75.174418
 10
207.955253
 20
74.621741
 10
207.312055
 20
74.186772
 10
206.826006
 20
73.928440
 10
206.665037
 20
73.883929
 10
206.571104
 20
73.905675
 10
206.579500
 20
73.954536
 10
206.653252
 20
74.044884
 10
206.971513
 20
74.329326
 10
208.113883
 20
75.168206
 10
208.670472
 20
75.568480
 10
209.195238
 20
75.988482
 10
210.097044
 20
76.832573
 10
210.447953
 20
77.229117
 10
210.714777
 20
77.590297
 10
210.884454
 20
77.902341
 10
210.943916
 20
78.151474
 10
210.925434
 20
78.178209
 10
210.872467
 20
78.169169
 10
210.677926
 20
78.054272
 10
210.038420
 20
77.510792
 10
209.509785
 20
77.045669
 10
208.893570
 20
76.567118
 10
208.214303
 20
76.090178
 10
207.496513
 20
75.629892
 10
206.764729
 20
75.201300
 10
206.043478
 20
74.819442
 10
205.357289
 20
74.499359
 10
204.730690
 20
74.256093
 10
203.822765
 20
73.954351
 10
203.350214
 20
73.835310
 10
203.232788
 20
73.839476
 10
203.170909
 20
73.883526
 10
203.142724
 20
74.083559
 10
203.185658
 20
74.191739
 10
203.302558
 20
74.280330
 10
203.475571
 20
74.340188
 10
203.686843
 20
74.362173
 10
204.003447
 20
74.386966
 10
204.355575
 20
74.465291
 10
204.755528
 20
74.603068
 10
205.215610
 20
74.806217
 10
206.365369
 20
75.432305
 10
207.903274
 20
76.390909
 10
208.674820
 20
76.924818
 10
209.372153
 20
77.478071
 10
209.986359
 20
78.040192
 10
210.508525
 20
78.600703
 10
210.929738
 20
79.149127
 10
211.241085
 20
79.674986
 10
211.433653
 20
80.167804
 10
211.498529
 20
80.617103
 10
211.485355
 20
80.730044
 10
211.447024
 20
80.780610
 10
211.383364
 20
80.768622
 10
211.294201
 20
80.693899
 10
211.038677
 20
80.355524
 10
210.679070
 20
79.764042
 10
210.291048
 20
79.136272
 10
209.879526
 20
78.572495
 10
209.431837
 20
78.061835
 10
208.935312
 20
77.593413
 10
208.377281
 20
77.156353
 10
207.745078
 20
76.739775
 10
207.026033
 20
76.332804
 10
206.207478
 20
75.924561
 10
205.160011
 20
75.467116
 10
204.709261
 20
75.316273
 10
204.259311
 20
75.208106
 10
203.774267
 20
75.135682
 10
203.218238
 20
75.092069
 10
201.749654
 20
75.063548
 10
200.304966
 20
75.086643
 10
199.275331
 20
75.192091
 10
198.837810
 20
75.289671
 10
198.410034
 20
75.424607
 10
197.458363
 20
75.828904
 10
196.336922
 20
76.412813
 10
196.026870
 20
76.621535
 10
195.956167
 20
76.692079
 10
195.949926
 20
76.735122
 10
196.130703
 20
76.743910
 10
196.522366
 20
76.667288
 10
197.707653
 20
76.313193
 10
198.250014
 20
76.146174
 10
198.814054
 20
76.009713
 10
199.991296
 20
75.827067
 10
201.207635
 20
75.762457
 10
202.431326
 20
75.813082
 10
203.630623
 20
75.976143
 10
204.773782
 20
76.248840
 10
205.829058
 20
76.628374
 10
206.313820
 20
76.857330
 10
206.764706
 20
77.111945
 10
207.575331
 20
77.662827
 10
208.369233
 20
78.287857
 10
209.043167
 20
78.900015
 10
209.493890
 20
79.412280
 10
209.667894
 20
79.686797
 10
209.693057
 20
79.769595
 10
209.671656
 20
79.820210
 10
209.473151
 20
79.837264
 10
209.040355
 20
79.762701
 10
208.679753
 20
79.723185
 10
208.300022
 20
79.736010
 10
207.946330
 20
79.796649
 10
207.663843
 20
79.900578
 10
207.372715
 20
80.026030
 10
207.139812
 20
80.045038
 10
206.934042
 20
79.952381
 10
206.724307
 20
79.742839
 10
206.415986
 20
79.414914
 10
206.026987
 20
79.071364
 10
205.120506
 20
78.410939
 10
204.659802
 20
78.130840
 10
204.231973
 20
77.908668
 10
203.865408
 20
77.762812
 10
203.588495
 20
77.711658
 10
203.385891
 20
77.744375
 10
203.366448
 20
77.783972
 10
203.402580
 20
77.840070
 10
203.644571
 20
78.004792
 10
204.117873
 20
78.244589
 10
204.678645
 20
78.531757
 10
205.197655
 20
78.839686
 10
205.660959
 20
79.156273
 10
206.054616
 20
79.469419
 10
206.364681
 20
79.767023
 10
206.577212
 20
80.036982
 10
206.678266
 20
80.267197
 10
206.682631
 20
80.363619
 10
206.653899
 20
80.445567
 10
206.510344
 20
80.569381
 10
206.260669
 20
80.660873
 10
205.916988
 20
80.719789
 10
205.491411
 20
80.745879
 10
204.443016
 20
80.698577
 10
203.212377
 20
80.516956
 10
202.752610
 20
80.444298
 10
202.376100
 20
80.415800
 10
202.121702
 20
80.432206
 10
202.052436
 20
80.457480
 10
202.028268
 20
80.494261
 10
202.093398
 20
80.595281
 10
202.276758
 20
80.694343
 10
202.925988
 20
80.872400
 10
203.831600
 20
81.000049
 10
204.849235
 20
81.048906
 10
205.361817
 20
81.071800
 10
205.694729
 20
81.148056
 10
205.802194
 20
81.209745
 10
205.874802
 20
81.289035
 10
205.928864
 20
81.506099
 10
205.911780
 20
81.639638
 10
205.848647
 20
81.741451
 10
205.721645
 20
81.813789
 10
205.512951
 20
81.858899
 10
204.779206
 20
81.876438
 10
203.504844
 20
81.812064
 10
202.485956
 20
81.763462
 10
201.816464
 20
81.766095
 10
201.502562
 20
81.819607
 10
201.480893
 20
81.865333
 10
201.550445
 20
81.923646
 10
201.875944
 20
82.030277
 10
202.415045
 20
82.126327
 10
203.092809
 20
82.201265
 10
203.834296
 20
82.244563
 10
204.825773
 20
82.292723
 10
205.145872
 20
82.332022
 10
205.370859
 20
82.389761
 10
205.517219
 20
82.472162
 10
205.601437
 20
82.585446
 10
205.639998
 20
82.735835
 10
205.649388
 20
82.929550
 10
205.616899
 20
83.223067
 10
205.510147
 20
83.417908
 10
205.316511
 20
83.526820
 10
205.023368
 20
83.562549
 10
204.752729
 20
83.588018
 10
204.442639
 20
83.656374
 10
203.735517
 20
83.902501
 10
202.964824
 20
84.262437
 10
202.193384
 20
84.697688
 10
201.484017
 20
85.169763
 10
200.899547
 20
85.640167
 10
200.502795
 20
86.070409
 10
200.394446
 20
86.258439
 10
200.356584
 20
86.421994
 10
200.375065
 20
86.466427
 10
200.428033
 20
86.473975
 10
200.622573
 20
86.387452
 10
200.910493
 20
86.180500
 10
201.262079
 20
85.871191
 10
202.025860
 20
85.230155
 10
202.843950
 20
84.701590
 10
203.702678
 20
84.293135
 10
204.588374
 20
84.012430
 10
204.977414
 20
83.942595
 10
205.252726
 20
83.938820
 10
205.414977
 20
83.989126
 10
205.464837
 20
84.081534
 10
205.402974
 20
84.204064
 10
205.230058
 20
84.344736
 10
204.946758
 20
84.491573
 10
204.553741
 20
84.632593
 10
204.083471
 20
84.801819
 10
203.600120
 20
85.023769
 10
203.160526
 20
85.269636
 10
202.821526
 20
85.510607
 10
202.538164
 20
85.772808
 10
202.507608
 20
85.831953
 10
202.558931
 20
85.841889
 10
202.930602
 20
85.710415
 10
203.699952
 20
85.370949
 10
204.884497
 20
84.879575
 10
205.324457
 20
84.729476
 10
205.580596
 20
84.673610
 10
205.778238
 20
84.692232
 10
205.892620
 20
84.748205
 10
205.927189
 20
84.836044
 10
205.885387
 20
84.950261
 10
205.770660
 20
85.085370
 10
205.586451
 20
85.235885
 10
205.023368
 20
85.561184
 10
204.559999
 20
85.825899
 10
204.011733
 20
86.202893
 10
202.841352
 20
87.137333
 10
201.873897
 20
88.051725
 10
201.579289
 20
88.403659
 10
201.471040
 20
88.633289
 10
201.498579
 20
88.666399
 10
201.577506
 20
88.647492
 10
201.867388
 20
88.469524
 10
202.296414
 20
88.131183
 10
202.820310
 20
87.664264
 10
203.889653
 20
86.751808
 10
204.890207
 20
86.056260
 10
205.331774
 20
85.809826
 10
205.716648
 20
85.641620
 10
206.031662
 20
85.559641
 10
206.263651
 20
85.571890
 10
206.295542
 20
85.609939
 10
206.271607
 20
85.680541
 10
206.073709
 20
85.903187
 10
205.704860
 20
86.207383
 10
205.199960
 20
86.560683
 10
204.700272
 20
86.906431
 10
204.345610
 20
87.190060
 10
204.168711
 20
87.382268
 10
204.157151
 20
87.434932
 10
204.202307
 20
87.453751
 10
204.424475
 20
87.399819
 10
204.761009
 20
87.250624
 10
205.594457
 20
86.757735
 10
206.001486
 20
86.508551
 10
206.348983
 20
86.347022
 10
206.600086
 20
86.286802
 10
206.677970
 20
86.298952
 10
206.717931
 20
86.341550
 10
206.774679
 20
86.439049
 10
206.859431
 20
86.495234
 10
206.960729
 20
86.505983
 10
207.067115
 20
86.467173
 10
207.170271
 20
86.416785
 10
207.238144
 20
86.414511
 10
207.271224
 20
86.459404
 10
207.270003
 20
86.550522
 10
207.166619
 20
86.867655
 10
206.931922
 20
87.358358
 10
206.084297
 20
88.830262
 10
204.758552
 20
90.905817
 10
204.030972
 20
92.097637
 10
203.836977
 20
92.487531
 10
203.798195
 20
92.663195
 10
203.886458
 20
92.662882
 10
204.035814
 20
92.539566
 10
204.534974
 20
91.899435
 10
205.330019
 20
90.693823
 10
206.455293
 20
88.873751
 10
206.942554
 20
88.105659
 10
207.335583
 20
87.553735
 10
207.627253
 20
87.218499
 10
207.810439
 20
87.100473
 10
207.859123
 20
87.123075
 10
207.878014
 20
87.200176
 10
207.822853
 20
87.518129
 10
207.637829
 20
88.054854
 10
207.315816
 20
88.810871
 10
206.956382
 20
89.618236
 10
206.802129
 20
90.045747
 10
206.793758
 20
90.154711
 10
206.826857
 20
90.213894
 10
207.004363
 20
90.243168
 10
207.141531
 20
90.108622
 10
207.337845
 20
89.742282
 10
207.567098
 20
89.200099
 10
207.803083
 20
88.538024
 10
208.031798
 20
87.895077
 10
208.241258
 20
87.404977
 10
208.408279
 20
87.115719
 10
208.468630
 20
87.061405
 10
208.509677
 20
87.075300
 10
208.564400
 20
87.317570
 10
208.559147
 20
87.725300
 10
208.403908
 20
88.850855
 10
208.114357
 20
90.079393
 10
207.941212
 20
90.615851
 10
207.760887
 20
91.038341
 10
207.469273
 20
91.631671
 10
207.347151
 20
91.982874
 10
207.346674
 20
92.086004
 10
207.384999
 20
92.150592
 10
207.573293
 20
92.193466
 10
207.701662
 20
92.131232
 10
207.844671
 20
91.948997
 10
207.999825
 20
91.653461
 10
208.164628
 20
91.251325
 10
208.513199
 20
90.154055
 10
208.870418
 20
88.710790
 10
209.241581
 20
87.039106
 10
209.179372
 20
89.037323
 10
209.172330
 20
89.802619
 10
209.199137
 20
90.409197
 10
209.254720
 20
90.795888
 10
209.291717
 20
90.887661
 10
209.334006
 20
90.901524
 10
209.418200
 20
90.718880
 10
209.487149
 20
90.320649
 10
209.533736
 20
89.765542
 10
209.550846
 20
89.112268
 10
209.571003
 20
88.337435
 10
209.636720
 20
87.825802
 10
209.755859
 20
87.543592
 10
209.837921
 20
87.477965
 10
209.936288
 20
87.457027
 10
210.096324
 20
87.511317
 10
210.247139
 20
87.659134
 10
210.371769
 20
87.877902
 10
210.453250
 20
88.145047
 10
210.485831
 20
88.484583
 10
210.482034
 20
88.933854
 10
210.383114
 20
90.025625
 10
210.192096
 20
91.148399
 10
210.073178
 20
91.636423
 10
209.944588
 20
92.030213
 10
209.872549
 20
92.249829
 10
209.863370
 20
92.381792
 10
209.916836
 20
92.425247
 10
210.032732
 20
92.379339
 10
210.199563
 20
92.178618
 10
210.368278
 20
91.806706
 10
210.529412
 20
91.307254
 10
210.673503
 20
90.723911
 10
210.791087
 20
90.100327
 10
210.872699
 20
89.480151
 10
210.908876
 20
88.907034
 10
210.890155
 20
88.424625
 10
210.850150
 20
87.950342
 10
210.855943
 20
87.642042
 10
210.900320
 20
87.493331
 10
210.934724
 20
87.476822
 10
210.976069
 20
87.497812
 10
211.075978
 20
87.649091
 10
211.192833
 20
87.940770
 10
211.448532
 20
88.919751
 10
211.752906
 20
90.382475
 10
211.618083
 20
88.725066
 10
211.568338
 20
87.653265
 10
211.597019
 20
87.395606
 10
211.625593
 20
87.336549
 10
211.663977
 20
87.324086
 10
211.771142
 20
87.439188
 10
211.920447
 20
87.741396
 10
212.353195
 20
88.909062
 10
212.561715
 20
89.472097
 10
212.723890
 20
89.808615
 10
212.784900
 20
89.887598
 10
212.831087
 20
89.904753
 10
212.874676
 20
89.746646
 10
212.848994
 20
89.420150
 10
212.764633
 20
89.001203
 10
212.634784
 20
88.543775
 10
212.472636
 20
88.101836
 10
212.196432
 20
87.377040
 10
212.124368
 20
87.051310
 10
212.956429
 20
86.535311
 10
213.396755
 20
86.279086
 10
213.550164
 20
86.223722
 10
213.677013
 20
86.220456
 10
213.790757
 20
86.271988
 10
213.904854
 20
86.381017
 10
214.187929
 20
86.782367
 10
214.474619
 20
87.144409
 10
214.882469
 20
87.562804
 10
215.879494
 20
88.425316
 10
216.377590
 20
88.797766
 10
216.814689
 20
89.083232
 10
217.145252
 20
89.245882
 10
217.256352
 20
89.269952
 10
217.323741
 20
89.249880
 10
217.343230
 20
89.162722
 10
217.275828
 20
89.045876
 10
217.134396
 20
88.914621
 10
216.931795
 20
88.784237
 10
216.525138
 20
88.516100
 10
216.059357
 20
88.136401
 10
215.101910
 20
87.204921
 10
214.685993
 20
86.734443
 10
214.362443
 20
86.315009
 10
214.169134
 20
85.987269
 10
214.133155
 20
85.870489
 10
214.143940
 20
85.791876
 10
214.206830
 20
85.747452
 10
214.309772
 20
85.748521
 10
214.623805
 20
85.880345
 10
215.062021
 20
86.173772
 10
215.600400
 20
86.615224
 10
216.217979
 20
87.137115
 10
216.683878
 20
87.489224
 10
216.991818
 20
87.676790
 10
217.135521
 20
87.705052
 10
217.143821
 20
87.661082
 10
217.108708
 20
87.579250
 10
216.905098
 20
87.304625
 10
216.518414
 20
86.886415
 10
215.942376
 20
86.329860
 10
215.338038
 20
85.748736
 10
214.998800
 20
85.379090
 10
214.900909
 20
85.209242
 10
214.935044
 20
85.195593
 10
215.020607
 20
85.227514
 10
215.334141
 20
85.422227
 10
215.817754
 20
85.781702
 10
217.200196
 20
86.948226
 10
217.895693
 20
87.552756
 10
218.298843
 20
87.860190
 10
218.391753
 20
87.903092
 10
218.412734
 20
87.872435
 10
218.240451
 20
87.591401
 10
217.902408
 20
87.188387
 10
217.439499
 20
86.712602
 10
216.912676
 20
86.223468
 10
216.382890
 20
85.780410
 10
215.504981
 20
85.029186
 10
215.235507
 20
84.749291
 10
215.133672
 20
84.585484
 10
215.148556
 20
84.540099
 10
215.197070
 20
84.522496
 10
215.384471
 20
84.564219
 10
216.047127
 20
84.910450
 10
216.953337
 20
85.521485
 10
217.934797
 20
86.294629
 10
218.357605
 20
86.633313
 10
218.703849
 20
86.870051
 10
218.937798
 20
86.983291
 10
219.001496
 20
86.986864
 10
219.023722
 20
86.951479
 10
218.913800
 20
86.762677
 10
218.614507
 20
86.448469
 10
218.171555
 20
86.052584
 10
217.630652
 20
85.618753
 10
216.646796
 20
84.842249
 10
216.237582
 20
84.467174
 10
216.259225
 20
84.432944
 10
216.321425
 20
84.431541
 10
216.551106
 20
84.516559
 10
217.316881
 20
84.963251
 10
218.272710
 20
85.636663
 10
219.156394
 20
86.366204
 10
220.058671
 20
87.136598
 10
220.384897
 20
87.370954
 10
220.566169
 20
87.457027
 10
220.627930
 20
87.439880
 10
220.643876
 20
87.390321
 10
220.550563
 20
87.205269
 10
220.310707
 20
86.924471
 10
219.948784
 20
86.570525
 10
218.956645
 20
85.733592
 10
217.769959
 20
84.875265
 10
216.982208
 20
84.336462
 10
216.601009
 20
84.026375
 10
216.553167
 20
83.946430
 10
216.595324
 20
83.910860
 10
216.934117
 20
83.955775
 10
217.379573
 20
84.108214
 10
217.974566
 20
84.382899
 10
218.641389
 20
84.740868
 10
219.302336
 20
85.143161
 10
220.087204
 20
85.644355
 10
220.457296
 20
85.844372
 10
220.502669
 20
85.836260
 10
220.463390
 20
85.758639
 10
220.156267
 20
85.402580
 10
219.781490
 20
85.060105
 10
219.262587
 20
84.673232
 10
218.668122
 20
84.289422
 10
218.066662
 20
83.956138
 10
217.452731
 20
83.635072
 10
217.159585
 20
83.446126
 10
217.129844
 20
83.397994
 10
217.176147
 20
83.379048
 10
217.491345
 20
83.423588
 10
218.343576
 20
83.665367
 10
219.143853
 20
84.020836
 10
219.891331
 20
84.489185
 10
220.585161
 20
85.069608
 10
221.224498
 20
85.761297
 10
221.808494
 20
86.563442
 10
222.336303
 20
87.475238
 10
222.807079
 20
88.495874
 10
223.117619
 20
89.212701
 10
223.323058
 20
89.586907
 10
223.390763
 20
89.651365
 10
223.437470
 20
89.637171
 10
223.474931
 20
89.382173
 10
223.412485
 20
88.943404
 10
223.234256
 20
88.363854
 10
222.963608
 20
87.690057
 10
222.623905
 20
86.968546
 10
222.238510
 20
86.245856
 10
221.830786
 20
85.568521
 10
221.424098
 20
84.983073
 10
221.041807
 20
84.536047
 10
220.664192
 20
84.191142
 10
220.244167
 20
83.866864
 10
219.789146
 20
83.567058
 10
219.306543
 20
83.295567
 10
218.803774
 20
83.056235
 10
218.288253
 20
82.852907
 10
217.767395
 20
82.689424
 10
217.248614
 20
82.569633
 10
216.799518
 20
82.464907
 10
216.523621
 20
82.350902
 10
216.418102
 20
82.225847
 10
216.428352
 20
82.158623
 10
216.480138
 20
82.087973
 10
216.676478
 20
81.965208
 10
216.939580
 20
81.913268
 10
217.260398
 20
81.926853
 10
217.629886
 20
82.000662
 10
218.039000
 20
82.129397
 10
218.478692
 20
82.307756
 10
219.413634
 20
82.792148
 10
220.362346
 20
83.411439
 10
221.252464
 20
84.123228
 10
221.652937
 20
84.500559
 10
222.011625
 20
84.885115
 10
222.319482
 20
85.271595
 10
222.567462
 20
85.654700
 10
222.810860
 20
86.051081
 10
223.010596
 20
86.312901
 10
223.146027
 20
86.417588
 10
223.183177
 20
86.403953
 10
223.196512
 20
86.342571
 10
223.154397
 20
86.081082
 10
223.031943
 20
85.763243
 10
222.839486
 20
85.403721
 10
222.587365
 20
85.017185
 10
221.945488
 20
84.221745
 10
221.576407
 20
83.842178
 10
221.189017
 20
83.494272
 10
220.858254
 20
83.199095
 10
220.631496
 20
82.956244
 10
220.529019
 20
82.790860
 10
220.530722
 20
82.745074
 10
220.571097
 20
82.728083
 10
220.758330
 20
82.800727
 10
221.051075
 20
83.004057
 10
221.409246
 20
83.306902
 10
221.792756
 20
83.678090
 10
222.295958
 20
84.170262
 10
222.633015
 20
84.403500
 10
222.764449
 20
84.433319
 10
222.884599
 20
84.410765
 10
223.131380
 20
84.225015
 10
223.322903
 20
83.970279
 10
223.354689
 20
83.837409
 10
223.340124
 20
83.684958
 10
223.160832
 20
83.273569
 10
222.762817
 20
82.640633
 10
222.462979
 20
82.147475
 10
222.222552
 20
81.672436
 10
222.065986
 20
81.269580
 10
222.017728
 20
80.992971
 10
221.991148
 20
80.867702
 10
221.900705
 20
80.707261
 10
221.555368
 20
80.301742
 10
221.035994
 20
79.818183
 10
220.396856
 20
79.298356
 10
219.692229
 20
78.784029
 10
218.976389
 20
78.316972
 10
218.303610
 20
77.938954
 10
217.728167
 20
77.691746
 10
217.350864
 20
77.543667
 10
217.069383
 20
77.387809
 10
216.886730
 20
77.236734
 10
216.805906
 20
77.103003
 10
216.829918
 20
76.999177
 10
216.961767
 20
76.937817
 10
217.204459
 20
76.931484
 10
217.560998
 20
76.992739
 10
218.026735
 20
77.155656
 10
218.590646
 20
77.434759
 10
219.219998
 20
77.807013
 10
219.882057
 20
78.249381
 10
220.544092
 20
78.738829
 10
221.173368
 20
79.252320
 10
221.737154
 20
79.766820
 10
222.202716
 20
80.259293
 10
222.909290
 20
81.013728
 10
223.171555
 20
81.243230
 10
223.324079
 20
81.327520
 10
223.372815
 20
81.306948
 10
223.375932
 20
81.247519
 10
223.258205
 20
81.025809
 10
222.617213
 20
80.266990
 10
221.607501
 20
79.270535
 10
220.435465
 20
78.255916
 10
219.729684
 20
77.737105
 10
218.971466
 20
77.258241
 10
218.251822
 20
76.872566
 10
217.661766
 20
76.633321
 10
216.857800
 20
76.336036
 10
216.647010
 20
76.211820
 10
216.604517
 20
76.163101
 10
216.609711
 20
76.126081
 10
216.723550
 20
76.073921
 10
216.905408
 20
76.068444
 10
217.438032
 20
76.180760
 10
218.137290
 20
76.429460
 10
218.932888
 20
76.780977
 10
219.754533
 20
77.201744
 10
220.531930
 20
77.658192
 10
221.194786
 20
78.116756
 10
221.672807
 20
78.543867
 10
221.891810
 20
78.758348
 10
222.116986
 20
78.932246
 10
222.321852
 20
79.047741
 10
222.479925
 20
79.087010
 10
222.518938
 20
79.065013
 10
222.512279
 20
79.006474
 10
222.374844
 20
78.795774
 10
222.093415
 20
78.486904
 10
221.693787
 20
78.111861
 10
221.297031
 20
77.737732
 10
221.023421
 20
77.431353
 10
220.897558
 20
77.224340
 10
220.897719
 20
77.167976
 10
220.944042
 20
77.148310
 10
221.063044
 20
77.126325
 10
221.134629
 20
77.066467
 10
221.153241
 20
76.977876
 10
221.113327
 20
76.869696
 10
220.909873
 20
76.672924
 10
220.784288
 20
76.613066
 10
220.662520
 20
76.591082
 10
220.567927
 20
76.613066
 10
220.516331
 20
76.672924
 10
220.511224
 20
76.761515
 10
220.556099
 20
76.869696
 10
220.624866
 20
77.000616
 10
220.638566
 20
77.086205
 10
220.592400
 20
77.125388
 10
220.481568
 20
77.117092
 10
220.046701
 20
76.953764
 10
219.295565
 20
76.587628
 10
218.787665
 20
76.353061
 10
218.217208
 20
76.128864
 10
217.654010
 20
75.940448
 10
217.167882
 20
75.813223
 10
216.760519
 20
75.706363
 10
216.411771
 20
75.573400
 10
216.158703
 20
75.431275
 10
216.038376
 20
75.296928
 10
216.041517
 20
75.226981
 10
216.101546
 20
75.180435
 10
216.367249
 20
75.151402
 10
216.785456
 20
75.197541
 10
217.306140
 20
75.306566
 10
217.879270
 20
75.466188
 10
218.454819
 20
75.664121
 10
218.982758
 20
75.888078
 10
219.413059
 20
76.125770
 10
220.000148
 20
76.445012
 10
220.210519
 20
76.510351
 10
220.325519
 20
76.496611
 10
220.331754
 20
76.417095
 10
220.245981
 20
76.303340
 10
219.859564
 20
76.033854
 10
219.636535
 20
75.896280
 10
219.476479
 20
75.761034
 10
219.394313
 20
75.643673
 10
219.404953
 20
75.559751
 10
219.492496
 20
75.541323
 10
219.646160
 20
75.585598
 10
220.120033
 20
75.837620
 10
220.762949
 20
76.266547
 10
221.511285
 20
76.823104
 10
222.301418
 20
77.458018
 10
223.069726
 20
78.122017
 10
223.752585
 20
78.765828
 10
224.286371
 20
79.340178
 10
224.703465
 20
79.868315
 10
225.091957
 20
80.420873
 10
225.449120
 20
80.992570
 10
225.772225
 20
81.578127
 10
226.058545
 20
82.172264
 10
226.305353
 20
82.769701
 10
226.509920
 20
83.365158
 10
226.669519
 20
83.953355
 10
226.755786
 20
84.371344
 10
226.753489
 20
84.568126
 10
226.714540
 20
84.592056
 10
226.647941
 20
84.570875
 10
226.424455
 20
84.406767
 10
226.202280
 20
84.241329
 10
226.146008
 20
84.226525
 10
226.126083
 20
84.264133
 10
226.194690
 20
84.517988
 10
226.406926
 20
85.045699
 10
226.702083
 20
85.870318
 10
226.803179
 20
86.380518
 10
226.780475
 20
86.476069
 10
226.708681
 20
86.443046
 10
226.587605
 20
86.264792
 10
226.417054
 20
85.924650
 10
226.126073
 20
85.397344
 10
226.051033
 20
85.351258
 10
226.023351
 20
85.435586
 10
226.111242
 20
85.951583
 10
226.392095
 20
86.857543
 10
226.538546
 20
87.337803
 10
226.612269
 20
87.731246
 10
226.610732
 20
88.014145
 10
226.580950
 20
88.106728
 10
226.531402
 20
88.162777
 10
226.429010
 20
88.191785
 10
226.345160
 20
88.150286
 10
226.288505
 20
88.047188
 10
226.267697
 20
87.891392
 10
226.246856
 20
87.722737
 10
226.190111
 20
87.584622
 10
226.106129
 20
87.491302
 10
226.003577
 20
87.457027
 10
225.914476
 20
87.514975
 10
225.888828
 20
87.680156
 10
225.926271
 20
87.939580
 10
226.026446
 20
88.280256
 10
226.128548
 20
88.639368
 10
226.194406
 20
89.008591
 10
226.218479
 20
89.344501
 10
226.195231
 20
89.603674
 10
226.163017
 20
89.689544
 10
226.121284
 20
89.718355
 10
226.012864
 20
89.611044
 10
225.877163
 20
89.294241
 10
225.721376
 20
88.780444
 10
225.566056
 20
88.266586
 10
225.406073
 20
87.845781
 10
225.260259
 20
87.561453
 10
225.147445
 20
87.457027
 10
225.111572
 20
87.483521
 10
225.093519
 20
87.559451
 10
225.108045
 20
87.838328
 10
225.185366
 20
88.251065
 10
225.319826
 20
88.755070
 10
225.586233
 20
89.883875
 10
225.659886
 20
90.392297
 10
225.678161
 20
90.775025
 10
225.625410
 20
91.239946
 10
225.579278
 20
91.182438
 10
225.511811
 20
90.939703
 10
225.400670
 20
90.550260
 10
225.288493
 20
90.280848
 10
225.182365
 20
90.129573
 10
225.089371
 20
90.094544
 10
225.016598
 20
90.173866
 10
224.971130
 20
90.365647
 10
224.960053
 20
90.667992
 10
224.990452
 20
91.079010
 10
225.046240
 20
91.800795
 10
225.027294
 20
91.892977
 10
224.977682
 20
91.775545
 10
224.861129
 20
91.413662
 10
224.750839
 20
91.164754
 10
224.651499
 20
91.027159
 10
224.567796
 20
90.999217
 10
224.504417
 20
91.079268
 10
224.466049
 20
91.265651
 10
224.483093
 20
91.950770
 10
224.526728
 20
92.494686
 10
224.519715
 20
92.776486
 10
224.496250
 20
92.823596
 10
224.458964
 20
92.810582
 10
224.341380
 20
92.611387
 10
224.195715
 20
92.321027
 10
224.114293
 20
92.238666
 10
224.075666
 20
92.373715
 10
224.058390
 20
92.735588
 10
224.018700
 20
93.044055
 10
223.969536
 20
93.091434
 10
223.892765
 20
93.061470
 10
223.632221
 20
92.751182
 10
223.188702
 20
92.076538
 10
222.845224
 20
91.569450
 10
222.538443
 20
91.179692
 10
222.301821
 20
90.945680
 10
222.220278
 20
90.899082
 10
222.168824
 20
90.905825
 10
222.139411
 20
91.012083
 10
222.184827
 20
91.175897
 10
222.295462
 20
91.374923
 10
222.461705
 20
91.586816
 10
222.786248
 20
92.023264
 10
222.883262
 20
92.214711
 10
222.916859
 20
92.354711
 10
222.898396
 20
92.386369
 10
222.848390
 20
92.377429
 10
222.667503
 20
92.249539
 10
222.078512
 20
91.636238
 10
221.724947
 20
91.243974
 10
221.496161
 20
91.043639
 10
221.428505
 20
91.015411
 10
221.391978
 20
91.035124
 10
221.412218
 20
91.218317
 10
221.485483
 20
91.495099
 10
221.483283
 20
91.605323
 10
221.393936
 20
91.556871
 10
221.205760
 20
91.357624
 10
220.981902
 20
91.191604
 10
220.646650
 20
91.048510
 10
220.245364
 20
90.943614
 10
219.823402
 20
90.892188
 10
219.288196
 20
90.826859
 10
218.687951
 20
90.685744
 10
218.052309
 20
90.481688
 10
217.410912
 20
90.227537
 10
216.793403
 20
89.936135
 10
216.229423
 20
89.620329
 10
215.748615
 20
89.292964
 10
215.380620
 20
88.966886
 10
214.844323
 20
88.456388
 10
214.667265
 20
88.355974
 10
214.544336
 20
88.362960
 10
214.470587
 20
88.480480
 10
214.441069
 20
88.711665
 10
214.494935
 20
89.527566
 10
214.528451
 20
90.166162
 10
214.470500
 20
90.755161
 10
214.312764
 20
91.339829
 10
214.046924
 20
91.965438
 10
213.792420
 20
92.399049
 10
213.455885
 20
92.843948
 10
213.061534
 20
93.278982
 10
212.633579
 20
93.683000
 10
212.196236
 20
94.034851
 10
211.773716
 20
94.313383
 10
211.390234
 20
94.497445
 10
211.070003
 20
94.565885
 10
210.908561
 20
94.595441
 10
210.712304
 20
94.672797
 10
210.314504
 20
94.923927
 10
209.943394
 20
95.152758
 10
209.776026
 20
95.205970
 10
209.649861
 20
95.206038
 10
209.497848
 20
95.217944
 10
209.260102
 20
95.303393
 10
208.657638
 20
95.638197
 10
208.343467
 20
95.820605
 10
208.045384
 20
95.944762
 10
207.797040
 20
95.999645
 10
207.632086
 20
95.974226
 10
207.512815
 20
95.931390
 10
207.388852
 20
95.938848
 10
207.274852
 20
95.992818
 10
207.185471
 20
96.089517
 10
207.092437
 20
96.199463
 10
206.968494
 20
96.289499
 10
206.829815
 20
96.350333
 10
206.692574
 20
96.372676
 10
206.564677
 20
96.354302
 10
206.524621
 20
96.295817
 10
206.572655
 20
96.192177
 10
206.709030
 20
96.038339
 10
206.945155
 20
95.718092
 10
207.016985
 20
95.555205
 10
207.043366
 20
95.417631
 10
207.025893
 20
95.381304
 10
206.975813
 20
95.388393
 10
206.791879
 20
95.520479
 10
206.187241
 20
96.169889
 10
205.579385
 20
96.834354
 10
205.338667
 20
97.041824
 10
205.148004
 20
97.162434
 10
205.013330
 20
97.193415
 10
204.940580
 20
97.132005
 10
204.935690
 20
96.975436
 10
205.004594
 20
96.720944
 10
205.018751
 20
96.645746
 10
204.992280
 20
96.619565
 10
204.831123
 20
96.703966
 10
204.548454
 20
96.953575
 10
204.171605
 20
97.347825
 10
203.553767
 20
97.969958
 10
203.349530
 20
98.103497
 10
203.206709
 20
98.114984
 10
203.119027
 20
98.001646
 10
203.080203
 20
97.760708
 10
203.124019
 20
96.884934
 10
203.118621
 20
96.690964
 10
203.070338
 20
96.505014
 10
202.987263
 20
96.348192
 10
202.877489
 20
96.241608
 10
202.764131
 20
96.127582
 10
202.671301
 20
95.950494
 10
202.608579
 20
95.734547
 10
202.585542
 20
95.503949
 10
202.565622
 20
95.299899
 10
202.511383
 20
95.156240
 10
202.431109
 20
95.086135
 10
202.333083
 20
95.102748
 10
202.246552
 20
95.207277
 10
202.197570
 20
95.376547
 10
202.189642
 20
95.587161
 10
202.226273
 20
95.815727
 10
202.259213
 20
96.034078
 10
202.239273
 20
96.210937
 10
202.171467
 20
96.329429
 10
202.060811
 20
96.372676
 10
201.994907
 20
96.349049
 10
201.935005
 20
96.280473
 10
201.836638
 20
96.022321
 10
201.772580
 20
95.625906
 10
201.749700
 20
95.118913
 10
201.730765
 20
94.632100
 10
201.679207
 20
94.233443
 10
201.602901
 20
93.964080
 10
201.557928
 20
93.890740
 10
201.509721
 20
93.865150
 10
201.427673
 20
93.923379
 10
201.381676
 20
94.081922
 10
201.374973
 20
94.316565
 10
201.410810
 20
94.603094
 10
201.455053
 20
94.921627
 10
201.440932
 20
95.115541
 10
201.367264
 20
95.188429
 10
201.232869
 20
95.143881
 10
201.106812
 20
94.986183
 10
200.999410
 20
94.702556
 10
200.922042
 20
94.333212
 10
200.886087
 20
93.918362
 10
200.864878
 20
93.407316
 10
200.829027
 20
93.193909
 10
200.801775
 20
93.193080
 10
200.766259
 20
93.259772
 10
200.664299
 20
93.586536
 10
200.555633
 20
93.937018
 10
200.469922
 20
94.077462
 10
200.428391
 20
94.072394
 10
200.383861
 20
94.018986
 10
200.274149
 20
93.772711
 10
200.194875
 20
93.482911
 10
200.124017
 20
93.071129
 10
200.038479
 20
92.101027
 10
199.998896
 20
90.939706
 10
199.799356
 20
92.054162
 10
199.599816
 20
93.168618
 10
199.523601
 20
91.636241
 10
199.477253
 20
90.838480
 10
199.430179
 20
90.504794
 10
199.400876
 20
90.500211
 10
199.364801
 20
90.597525
 10
199.263546
 20
91.079013
 10
199.158267
 20
91.586546
 10
199.074534
 20
91.798071
 10
199.032296
 20
91.800189
 10
198.985302
 20
91.737134
 10
198.863526
 20
91.427281
 10
198.793544
 20
91.139905
 10
198.762803
 20
90.820860
 10
198.772594
 20
90.508997
 10
198.824207
 20
90.243171
 10
198.872166
 20
90.021249
 10
198.865961
 20
89.844686
 10
198.808746
 20
89.728058
 10
198.703675
 20
89.685943
 10
198.586221
 20
89.713424
 10
198.486263
 20
89.788247
 10
198.414381
 20
89.898985
 10
198.381159
 20
90.034211
 10
198.349591
 20
90.093422
 10
198.282208
 20
89.997189
 10
198.079585
 20
89.419124
 10
197.965514
 20
88.888588
 10
197.918864
 20
88.333501
 10
197.938489
 20
87.759668
 10
198.023240
 20
87.172892
 10
198.171970
 20
86.578976
 10
198.383531
 20
85.983724
 10
198.656776
 20
85.392939
 10
198.990557
 20
84.812426
 10
199.475935
 20
84.087796
 10
199.666698
 20
83.860931
 10
199.845123
 20
83.709696
 10
200.027924
 20
83.623088
 10
200.231811
 20
83.590102
 10
200.769687
 20
83.640988
 10
201.542737
 20
83.703695
 10
202.213162
 20
83.646627
 10
202.480044
 20
83.578814
 10
202.685455
 20
83.487823
 10
202.817457
 20
83.375908
 10
202.864110
 20
83.245324
 10
202.796736
 20
83.149762
 10
202.613292
 20
83.071504
 10
202.341796
 20
83.018627
 10
202.010265
 20
82.999206
 10
201.581034
 20
82.953398
 10
201.043983
 20
82.829403
 10
200.449985
 20
82.647371
 10
199.849911
 20
82.427449
 10
199.294632
 20
82.189786
 10
198.835021
 20
81.954529
 10
198.521948
 20
81.741827
 10
198.436261
 20
81.650229
 10
198.406286
 20
81.571826
 10
198.373309
 20
81.476968
 10
198.283522
 20
81.399287
 10
198.150636
 20
81.346799
 10
197.988365
 20
81.327522
 10
197.826094
 20
81.305538
 10
197.693208
 20
81.245680
 10
197.603421
 20
81.157089
 10
197.570444
 20
81.048908
 10
197.524123
 20
80.940728
 10
197.398002
 20
80.852137
 10
197.211343
 20
80.792279
 10
196.983407
 20
80.770294
 10
196.724881
 20
80.745841
 10
196.572216
 20
80.668829
 10
196.520125
 20
80.533783
 10
196.563321
 20
80.335227
 10
196.609097
 20
80.143745
 10
196.572602
 20
80.017213
 10
196.451853
 20
79.953229
 10
196.244863
 20
79.949390
 10
195.738356
 20
79.969539
 10
195.202225
 20
79.948810
 10
194.924177
 20
79.914185
 10
194.845077
 20
79.863577
 10
194.972077
 20
79.776415
 10
195.312330
 20
79.632127
 10
195.613258
 20
79.495804
 10
195.793036
 20
79.381392
 10
195.860732
 20
79.293286
 10
195.825416
 20
79.235878
 10
195.696156
 20
79.213561
 10
195.482022
 20
79.230730
 10
194.835404
 20
79.401092
 10
194.377323
 20
79.541930
 10
194.022592
 20
79.613282
 10
193.775720
 20
79.619937
 10
193.641216
 20
79.566686
 10
193.623588
 20
79.458318
 10
193.727346
 20
79.299624
 10
193.956998
 20
79.095394
 10
194.317054
 20
78.850418
 10
194.993748
 20
78.399694
 10
195.297098
 20
78.120647
 10
195.306085
 20
78.049947
 10
195.218515
 20
78.027499
 10
194.749414
 20
78.134470
 10
194.500543
 20
78.198179
 10
194.351145
 20
78.199468
 10
194.300512
 20
78.138124
 10
194.347937
 20
78.013937
 10
194.416034
 20
77.872651
 10
194.421625
 20
77.776927
 10
194.371344
 20
77.725964
 10
194.271828
 20
77.718960
 10
193.951636
 20
77.833631
 10
193.514138
 20
78.114534
 10
193.067320
 20
78.413709
 10
192.785155
 20
78.513524
 10
192.707512
 20
78.488675
 10
192.673066
 20
78.413990
 10
192.736480
 20
78.115115
 10
192.857853
 20
77.916462
 10
193.067386
 20
77.690734
 10
193.335653
 20
77.465692
 10
193.633231
 20
77.269095
 10
194.366383
 20
76.849406
 10
193.672034
 20
77.039078
 10
193.321864
 20
77.123356
 10
193.161354
 20
77.120650
 10
193.146259
 20
77.082486
 10
193.171425
 20
77.017544
 10
193.333004
 20
76.800620
 10
193.536192
 20
76.607366
 10
193.826763
 20
76.397672
 10
194.165936
 20
76.196821
 10
194.514928
 20
76.030095
 10
194.835882
 20
75.876587
 10
195.098717
 20
75.711726
 10
195.276308
 20
75.555300
 10
195.341532
 20
75.427093
 10
195.292672
 20
75.360125
 10
195.159636
 20
75.370440
 10
194.962743
 20
75.452358
 10
194.722310
 20
75.600200
 10
194.222357
 20
75.911763
 10
194.043534
 20
75.988707
 10
193.912101
 20
76.013091
 10
193.828024
 20
75.984915
 10
193.791271
 20
75.904178
 10
193.801806
 20
75.770881
 10
193.859596
 20
75.585021
 10
193.994641
 20
75.381048
 10
194.234996
 20
75.157522
 10
194.546666
 20
74.941511
 10
194.895654
 20
74.760083
 10
195.244467
 20
74.593629
 10
195.417242
 20
74.474236
 10
195.437856
 20
74.431915
 10
195.414750
 20
74.401032
 10
195.237763
 20
74.373146
 10
194.987876
 20
74.350984
 10
194.880722
 20
74.285082
 10
194.908377
 20
74.156005
 10
195.062918
 20
73.944318
 10
195.227876
 20
73.782047
 10
195.420620
 20
73.649162
 10
195.617176
 20
73.559374
 10
195.793569
 20
73.526397
 10
195.942594
 20
73.503115
 10
196.064632
 20
73.439724
 10
196.147090
 20
73.345904
 10
196.177374
 20
73.231339
 10
196.149894
 20
73.131254
 10
196.075071
 20
73.076861
 10
195.964332
 20
73.071819
 10
195.829107
 20
73.119789
 10
195.791345
 20
73.124809
 10
195.818358
 20
73.067937
 10
196.046542
 20
72.791102
 10
197.058369
 20
71.743163
 10
198.635896
 20
70.183029
 10
200.541044
 20
70.185061
 10
201.465998
 20
70.230257
 10
202.576094
 20
70.351770
 10
203.731794
 20
70.531095
 10
204.793564
 20
70.749730
  0
LWPOLYLINE
  8
ENGRAVE_RED
 62
1
 90
22
 70
1
 10
205.650250
 20
71.874094
 10
205.688723
 20
71.974989
 10
205.793475
 20
72.058116
 10
205.948508
 20
72.114863
 10
206.137824
 20
72.136616
 10
206.422818
 20
72.192571
 10
206.838360
 20
72.342568
 10
207.328665
 20
72.563723
 10
207.837947
 20
72.833151
 10
208.638922
 20
73.278112
 10
209.081952
 20
73.482572
 10
209.187794
 20
73.500531
 10
209.226418
 20
73.465467
 10
209.131700
 20
73.245734
 10
208.866235
 20
72.979050
 10
208.417463
 20
72.686459
 10
207.852793
 20
72.394518
 10
207.239632
 20
72.129786
 10
206.645390
 20
71.918819
 10
206.137473
 20
71.788177
 10
205.783290
 20
71.764416
 10
205.684914
 20
71.800915
  0
LWPOLYLINE
  8
ENGRAVE_RED
 62
1
 90
23
 70
1
 10
204.535794
 20
77.122381
 10
204.582193
 20
77.240777
 10
204.708527
 20
77.365770
 10
204.895501
 20
77.482476
 10
205.123820
 20
77.576008
 10
205.437648
 20
77.725725
 10
205.857439
 20
77.995405
 10
206.328342
 20
78.346799
 10
206.795504
 20
78.741660
 10
207.560838
 20
79.357038
 10
207.793655
 20
79.485050
 10
207.857044
 20
79.493799
 10
207.879162
 20
79.461772
 10
207.816591
 20
79.279333
 10
207.642868
 20
79.035252
 10
207.045888
 20
78.436163
 10
206.256078
 20
77.812504
 10
205.841315
 20
77.537709
 10
205.441289
 20
77.312271
 10
205.089702
 20
77.155940
 10
204.801783
 20
77.068028
 10
204.607243
 20
77.054765
 10
204.554275
 20
77.078074
  0
LWPOLYLINE
  8
ENGRAVE_RED
 62
1
 90
13
 70
1
 10
202.724803
 20
78.973104
 10
204.076952
 20
79.434300
 10
205.371636
 20
79.950270
 10
206.625399
 20
80.505243
 10
205.972142
 20
79.944869
 10
205.695040
 20
79.737965
 10
205.362066
 20
79.544110
 10
204.535702
 20
79.198001
 10
203.507448
 20
78.911455
 10
202.291703
 20
78.689382
 10
201.934878
 20
78.650501
 10
201.871226
 20
78.657521
 10
201.884889
 20
78.682711
  0
LWPOLYLINE
  8
ENGRAVE_RED
 62
1
 90
12
 70
1
 10
205.510943
 20
87.735644
 10
204.790352
 20
88.556427
 10
204.602992
 20
88.837959
 10
204.572002
 20
88.979180
 10
204.711173
 20
88.946140
 10
204.987123
 20
88.753199
 10
205.789557
 20
88.014258
 10
206.510148
 20
87.193475
 10
206.697507
 20
86.911944
 10
206.728498
 20
86.770723
 10
206.589327
 20
86.803763
 10
206.313377
 20
86.996704
  0
LWPOLYLINE
  8
ENGRAVE_RED
 62
1
 90
12
 70
1
 10
207.786291
 20
95.165352
 10
207.655110
 20
95.381103
 10
207.600548
 20
95.638995
 10
207.623948
 20
95.734231
 10
207.690423
 20
95.758538
 10
207.794384
 20
95.712626
 10
207.930241
 20
95.597203
 10
208.120801
 20
95.322072
 10
208.145862
 20
95.205468
 10
208.115984
 20
95.123560
 10
208.045434
 20
95.082323
 10
207.959757
 20
95.076456
  0
LWPOLYLINE
  8
ENGRAVE_RED
 62
1
 90
12
 70
1
 10
155.685474
 20
70.647319
 10
155.598697
 20
70.704783
 10
155.499731
 20
70.723938
 10
155.400765
 20
70.704783
 10
155.313988
 20
70.647319
 10
155.271180
 20
70.575199
 10
155.291931
 20
70.516139
 10
155.370146
 20
70.476233
 10
155.499731
 20
70.461577
 10
155.629316
 20
70.476233
 10
155.707531
 20
70.516139
 10
155.728282
 20
70.575199
  0
LWPOLYLINE
  8
ENGRAVE_RED
 62
1
 90
12
 70
1
 10
156.019854
 20
71.149565
 10
154.439085
 20
71.653076
 10
153.233714
 20
71.955781
 10
153.056357
 20
71.954696
 10
153.266885
 20
71.833681
 10
154.663889
 20
71.315854
 10
156.459208
 20
70.749179
 10
157.100891
 20
70.575289
 10
157.450029
 20
70.509638
 10
157.496261
 20
70.521508
 10
157.466474
 20
70.558092
 10
157.202308
 20
70.694898
  0
LWPOLYLINE
  8
ENGRAVE_RED
 62
1
 90
14
 70
1
 10
153.270819
 20
71.287798
 10
151.920627
 20
71.640308
 10
150.445381
 20
71.928872
 10
149.407706
 20
72.059609
 10
149.228777
 20
72.036457
 10
149.255057
 20
71.997616
 10
149.370223
 20
71.938643
 10
150.332442
 20
71.652623
 10
151.910911
 20
71.270038
 10
153.472798
 20
70.935417
 10
154.385275
 20
70.793287
 10
154.437950
 20
70.803854
 10
154.426632
 20
70.833116
 10
154.230296
 20
70.939618
  0
LWPOLYLINE
  8
ENGRAVE_RED
 62
1
 90
8
 70
1
 10
137.111207
 20
71.993954
 10
137.070286
 20
72.092339
 10
136.971900
 20
72.133261
 10
136.873515
 20
72.092339
 10
136.832593
 20
71.993954
 10
136.873515
 20
71.895568
 10
136.971900
 20
71.854647
 10
137.070286
 20
71.895568
  0
LWPOLYLINE
  8
ENGRAVE_RED
 62
1
 90
663
 70
1
 10
134.469059
 20
73.689984
 10
132.394114
 20
74.490819
 10
130.359233
 20
75.393303
 10
128.810890
 20
76.186191
 10
128.358694
 20
76.475523
 10
128.237506
 20
76.581859
 10
128.195560
 20
76.658239
 10
128.215690
 20
76.818458
 10
128.283725
 20
76.834049
 10
128.428516
 20
76.791830
 10
129.062692
 20
76.489571
 10
130.346872
 20
75.822894
 10
131.607095
 20
75.184802
 10
132.202865
 20
74.919401
 10
132.280099
 20
74.932416
 10
132.324389
 20
74.971764
 10
132.312674
 20
75.131271
 10
132.164793
 20
75.401548
 10
131.877823
 20
75.786221
 10
130.874910
 20
76.913256
 10
129.280532
 20
78.541382
 10
127.841547
 20
80.034409
 10
126.309861
 20
81.726785
 10
124.779356
 20
83.501881
 10
123.343910
 20
85.243069
 10
122.097404
 20
86.833719
 10
121.133717
 20
88.157203
 10
120.546730
 20
89.096892
 10
120.423837
 20
89.386366
 10
120.410174
 20
89.479633
 10
120.430324
 20
89.536156
 10
120.607296
 20
89.403165
 10
121.002289
 20
88.954199
 10
122.212434
 20
87.390024
 10
123.084003
 20
86.275985
 10
124.199218
 20
84.959687
 10
125.492392
 20
83.510537
 10
126.897839
 20
81.997937
 10
128.349874
 20
80.491293
 10
129.782809
 20
79.060010
 10
131.130959
 20
77.773491
 10
132.328639
 20
76.701143
 10
133.105153
 20
76.079982
 10
133.943766
 20
75.488510
 10
134.825215
 20
74.936750
 10
135.730237
 20
74.434728
 10
136.639571
 20
73.992470
 10
137.533953
 20
73.620000
 10
138.394121
 20
73.327343
 10
139.200812
 20
73.124526
 10
139.665323
 20
73.035198
 10
139.835125
 20
73.023143
 10
139.722597
 20
73.103022
 10
139.340119
 20
73.289494
 10
137.529626
 20
74.168242
 10
136.304829
 20
74.814097
 10
135.427184
 20
75.362567
 10
134.658148
 20
75.949161
 10
133.852520
 20
76.684805
 10
133.639738
 20
76.940883
 10
133.596046
 20
77.024849
 10
133.599940
 20
77.073284
 10
133.748602
 20
77.047827
 10
134.048957
 20
76.874095
 10
134.930153
 20
76.196837
 10
135.484487
 20
75.756462
 10
136.095556
 20
75.331445
 10
136.744501
 20
74.931470
 10
137.412465
 20
74.566221
 10
138.080590
 20
74.245382
 10
138.730017
 20
73.978637
 10
139.341889
 20
73.775668
 10
139.897347
 20
73.646161
 10
140.355042
 20
73.590516
 10
140.433136
 20
73.614087
 10
140.402243
 20
73.680673
 10
139.988035
 20
73.969159
 10
139.061505
 20
74.508500
 10
137.855601
 20
75.199833
 10
137.256666
 20
75.578117
 10
137.130317
 20
75.690767
 10
137.090317
 20
75.774238
 10
137.114869
 20
75.844889
 10
137.182176
 20
75.919082
 10
137.314602
 20
75.931826
 10
137.554051
 20
75.845408
 10
137.866532
 20
75.675605
 10
138.218057
 20
75.438197
 10
138.625987
 20
75.163503
 10
138.932604
 20
75.021138
 10
139.150214
 20
75.007437
 10
139.229488
 20
75.047691
 10
139.291124
 20
75.118737
 10
139.357648
 20
75.194046
 10
139.449042
 20
75.241124
 10
139.719340
 20
75.248611
 10
140.127830
 20
75.137249
 10
140.700322
 20
74.903087
 10
141.505940
 20
74.549250
 10
141.931349
 20
74.398730
 10
142.039344
 20
74.391850
 10
142.097729
 20
74.426363
 10
142.126259
 20
74.606984
 10
142.059601
 20
74.729652
 10
141.878107
 20
74.882672
 10
141.609495
 20
75.046531
 10
141.281484
 20
75.201715
 10
140.725480
 20
75.489464
 10
140.587953
 20
75.608609
 10
140.574986
 20
75.689910
 10
140.708194
 20
75.705868
 10
140.968669
 20
75.647098
 10
141.721004
 20
75.349987
 10
142.467349
 20
75.046886
 10
142.721340
 20
74.981632
 10
142.846630
 20
74.989672
 10
142.857096
 20
75.106222
 10
142.798445
 20
75.336414
 10
142.517050
 20
76.004527
 10
142.354048
 20
76.393872
 10
142.241009
 20
76.790903
 10
142.188153
 20
77.149110
 10
142.205693
 20
77.421981
 10
142.245681
 20
77.658237
 10
142.210102
 20
77.794252
 10
142.092336
 20
77.837777
 10
141.885763
 20
77.796563
 10
141.818706
 20
77.791125
 10
141.803610
 20
77.832195
 10
141.917046
 20
78.037066
 10
142.201562
 20
78.377589
 10
142.632652
 20
78.820176
 10
143.456230
 20
79.670263
 10
143.686541
 20
79.947633
 10
143.747108
 20
80.071798
 10
143.668820
 20
80.114080
 10
143.560241
 20
80.127692
 10
143.268146
 20
80.077918
 10
142.902704
 20
79.940504
 10
142.495795
 20
79.733479
 10
142.079301
 20
79.474870
 10
141.685100
 20
79.182708
 10
141.345074
 20
78.875019
 10
141.091104
 20
78.569833
 10
140.843952
 20
78.236151
 10
140.641556
 20
78.027440
 10
140.504802
 20
77.960666
 10
140.467567
 20
77.985807
 10
140.454575
 20
78.052795
 10
140.520245
 20
78.309938
 10
140.697995
 20
78.631785
 10
140.958931
 20
78.987826
 10
141.274163
 20
79.347551
 10
141.614800
 20
79.680448
 10
141.951948
 20
79.956006
 10
142.256717
 20
80.143716
 10
142.500214
 20
80.213066
 10
142.680375
 20
80.235051
 10
142.853778
 20
80.294909
 10
143.000698
 20
80.383500
 10
143.101408
 20
80.491680
 10
143.113506
 20
80.602317
 10
143.012554
 20
80.690635
 10
142.813868
 20
80.749129
 10
142.532763
 20
80.770294
 10
142.154972
 20
80.706979
 10
141.737922
 20
80.522513
 10
141.296260
 20
80.225116
 10
140.844635
 20
79.823007
 10
140.511265
 20
79.513312
 10
140.240745
 20
79.306176
 10
140.041065
 20
79.198128
 10
139.920214
 20
79.185695
 10
139.886185
 20
79.265409
 10
139.946966
 20
79.433796
 10
140.110548
 20
79.687386
 10
140.384922
 20
80.022709
 10
140.648232
 20
80.327206
 10
140.721401
 20
80.453367
 10
140.593100
 20
80.420328
 10
140.252000
 20
80.247223
 10
139.981195
 20
80.080274
 10
139.743233
 20
79.881656
 10
139.539120
 20
79.653163
 10
139.369862
 20
79.396589
 10
139.236465
 20
79.113725
 10
139.139936
 20
78.806366
 10
139.081281
 20
78.476306
 10
139.061505
 20
78.125336
 10
139.040291
 20
77.848437
 10
138.981715
 20
77.652783
 10
138.893381
 20
77.553630
 10
138.782891
 20
77.566234
 10
138.579105
 20
77.768384
 10
138.472131
 20
78.050888
 10
138.457600
 20
78.398113
 10
138.531145
 20
78.794425
 10
138.688399
 20
79.224193
 10
138.924993
 20
79.671783
 10
139.236561
 20
80.121562
 10
139.618733
 20
80.557898
 10
140.282984
 20
81.296120
 10
140.485587
 20
81.599581
 10
140.610215
 20
81.886524
 10
140.663148
 20
82.177383
 10
140.650666
 20
82.492595
 10
140.579048
 20
82.852596
 10
140.454575
 20
83.277820
 10
140.329239
 20
83.647762
 10
140.259214
 20
83.749398
 10
140.224159
 20
83.567116
 10
140.203733
 20
83.085304
 10
140.170088
 20
82.725969
 10
140.098999
 20
82.404801
 10
140.000888
 20
82.156847
 10
139.886180
 20
82.017156
 10
139.773600
 20
81.986487
 10
139.708550
 20
82.058514
 10
139.692899
 20
82.227644
 10
139.728519
 20
82.488286
 10
139.886785
 20
83.355471
 10
139.993594
 20
84.134844
 10
140.049493
 20
84.812389
 10
140.055028
 20
85.374087
 10
140.010747
 20
85.805924
 10
139.917195
 20
86.093881
 10
139.852113
 20
86.179524
 10
139.774919
 20
86.223942
 10
139.685681
 20
86.225381
 10
139.584467
 20
86.182090
 10
139.496477
 20
86.104420
 10
139.444251
 20
86.008729
 10
139.431774
 20
85.907165
 10
139.463029
 20
85.811876
 10
139.495122
 20
85.664878
 10
139.484925
 20
85.422519
 10
139.352216
 20
84.786327
 10
139.229852
 20
84.458273
 10
139.186052
 20
84.428362
 10
139.151993
 20
84.495149
 10
139.107553
 20
84.940671
 10
139.085452
 20
85.838556
 10
139.054930
 20
86.602782
 10
138.991292
 20
87.194727
 10
138.903774
 20
87.604217
 10
138.801614
 20
87.821080
 10
138.747931
 20
87.854098
 10
138.694051
 20
87.835145
 10
138.590323
 20
87.636238
 10
138.499667
 20
87.214188
 10
138.431321
 20
86.558822
 10
138.372945
 20
85.780553
 10
138.336041
 20
85.565748
 10
138.277201
 20
86.953012
 10
138.212369
 20
88.010348
 10
138.099312
 20
88.675136
 10
138.030176
 20
88.867748
 10
137.955557
 20
88.971130
 10
137.877647
 20
88.988252
 10
137.798634
 20
88.922082
 10
137.646071
 20
88.551744
 10
137.515396
 20
87.883869
 10
137.424136
 20
86.942210
 10
137.389821
 20
85.750520
 10
137.368851
 20
85.114959
 10
137.311753
 20
84.594489
 10
137.227247
 20
84.242821
 10
137.177442
 20
84.147071
 10
137.124056
 20
84.113662
 10
137.081416
 20
84.140984
 10
137.046117
 20
84.220089
 10
136.997030
 20
84.516489
 10
136.981307
 20
85.541940
 10
137.068688
 20
86.915468
 10
137.250973
 20
88.362526
 10
137.279791
 20
88.660023
 10
137.265913
 20
88.903647
 10
137.213426
 20
89.068258
 10
137.126418
 20
89.128715
 10
137.072338
 20
89.091673
 10
137.014217
 20
88.985511
 10
136.893137
 20
88.595598
 10
136.777740
 20
88.018527
 10
136.682589
 20
87.313849
 10
136.585383
 20
86.595734
 10
136.464388
 20
85.982079
 10
136.335021
 20
85.538020
 10
136.212701
 20
85.328695
 10
136.108774
 20
85.317009
 10
136.055530
 20
85.435525
 10
136.054262
 20
85.675728
 10
136.106264
 20
86.029105
 10
136.411735
 20
87.624058
 10
136.517736
 20
88.374926
 10
136.497310
 20
88.505969
 10
136.428667
 20
88.512559
 10
136.148927
 20
88.267809
 10
135.939162
 20
87.969920
 10
135.791528
 20
87.528315
 10
135.701336
 20
86.922339
 10
135.663898
 20
86.131338
 10
135.634329
 20
85.444511
 10
135.571569
 20
84.826317
 10
135.484825
 20
84.344498
 10
135.383304
 20
84.066797
 10
135.326856
 20
84.013962
 10
135.280591
 20
84.032341
 10
135.219228
 20
84.276963
 10
135.200440
 20
84.789099
 10
135.225452
 20
85.557185
 10
135.246369
 20
86.269175
 10
135.230320
 20
86.831719
 10
135.181284
 20
87.188221
 10
135.145638
 20
87.271518
 10
135.103236
 20
87.282081
 10
135.014849
 20
87.136924
 10
134.937514
 20
86.842639
 10
134.879565
 20
86.442021
 10
134.849332
 20
85.977863
 10
134.826164
 20
85.356885
 10
134.791103
 20
85.111144
 10
134.763638
 20
85.121227
 10
134.726628
 20
85.215807
 10
134.615215
 20
85.646039
 10
134.414064
 20
86.481881
 10
134.127472
 20
85.785346
 10
134.015400
 20
85.353197
 10
133.922106
 20
84.691455
 10
133.857328
 20
83.890216
 10
133.830800
 20
83.039576
 10
133.806366
 20
82.223376
 10
133.747288
 20
81.515911
 10
133.662431
 20
80.992955
 10
133.560658
 20
80.730281
 10
133.503685
 20
80.711021
 10
133.453783
 20
80.771862
 10
133.376768
 20
81.121077
 10
133.332766
 20
81.752376
 10
133.324930
 20
82.640209
 10
133.313355
 20
83.827118
 10
133.278195
 20
84.269108
 10
133.215828
 20
84.644452
 10
133.120534
 20
84.978897
 10
132.986596
 20
85.298190
 10
132.579908
 20
85.994307
 10
132.037581
 20
86.781848
 10
131.725348
 20
87.126047
 10
131.658116
 20
87.130278
 10
131.651527
 20
87.021735
 10
131.824437
 20
86.463742
 10
132.009995
 20
85.821108
 10
132.074563
 20
85.279633
 10
132.060716
 20
85.211635
 10
132.029412
 20
85.199041
 10
131.922432
 20
85.326629
 10
131.769624
 20
85.635517
 10
131.586988
 20
86.098825
 10
131.216215
 20
86.993700
 10
130.832720
 20
87.686564
 10
130.645125
 20
87.943696
 10
130.465056
 20
88.134071
 10
130.296084
 20
88.252269
 10
130.141777
 20
88.292872
 10
130.109456
 20
88.271767
 10
130.100105
 20
88.211279
 10
130.145178
 20
87.989118
 10
130.454507
 20
87.258814
 10
130.657470
 20
86.812490
 10
130.820375
 20
86.361666
 10
130.926645
 20
85.958908
 10
130.959704
 20
85.656783
 10
130.908353
 20
85.328172
 10
130.859801
 20
85.354462
 10
130.794808
 20
85.506732
 10
130.351415
 20
86.569441
 10
129.770881
 20
87.668757
 10
129.182370
 20
88.582284
 10
128.925488
 20
88.899878
 10
128.715050
 20
89.087625
 10
128.437827
 20
89.237040
 10
128.375172
 20
89.237234
 10
128.364818
 20
89.178451
 10
128.506009
 20
88.856050
 10
128.871387
 20
88.214033
 10
129.374129
 20
87.234094
 10
129.524099
 20
86.846049
 10
129.575657
 20
86.596711
 10
129.559654
 20
86.543266
 10
129.518829
 20
86.542874
 10
129.373696
 20
86.687135
 10
129.162218
 20
87.001263
 10
128.906356
 20
87.457030
 10
128.651529
 20
87.893937
 10
128.336021
 20
88.361499
 10
127.639662
 20
89.252654
 10
127.050683
 20
89.858634
 10
126.869401
 20
89.969724
 10
126.819825
 20
89.962427
 10
126.802490
 20
89.907572
 10
127.088940
 20
89.323028
 10
127.777639
 20
88.134056
 10
128.155452
 20
87.471007
 10
128.463289
 20
86.862781
 10
128.669494
 20
86.376767
 10
128.742409
 20
86.080352
 10
128.725202
 20
86.023305
 10
128.679921
 20
86.028460
 10
128.517463
 20
86.208230
 10
128.279681
 20
86.585366
 10
127.991219
 20
87.125570
 10
127.629691
 20
87.781159
 10
127.192965
 20
88.472462
 10
126.736073
 20
89.117201
 10
126.314047
 20
89.633096
 10
125.377687
 20
90.661092
 10
126.123937
 20
89.325089
 10
126.401563
 20
88.794214
 10
126.605823
 20
88.336382
 10
126.717272
 20
88.000473
 10
126.716470
 20
87.835368
 10
126.674342
 20
87.826364
 10
126.613294
 20
87.860252
 10
126.446005
 20
88.041643
 10
126.237731
 20
88.349416
 10
126.011600
 20
88.753447
 10
125.751617
 20
89.197267
 10
125.424825
 20
89.663685
 10
124.680540
 20
90.548119
 10
124.317912
 20
90.908039
 10
123.998202
 20
91.174363
 10
123.748844
 20
91.318043
 10
123.659118
 20
91.334814
 10
123.597268
 20
91.310031
 10
123.597632
 20
91.150960
 10
123.706757
 20
90.825982
 10
124.175409
 20
89.867620
 10
124.704503
 20
88.838360
 10
124.765908
 20
88.636468
 10
124.749078
 20
88.611162
 10
124.701799
 20
88.635314
 10
124.519611
 20
88.829085
 10
124.226781
 20
89.211963
 10
123.338935
 20
90.521785
 10
122.824648
 20
91.279049
 10
122.357009
 20
91.899183
 10
121.987567
 20
92.318192
 10
121.855780
 20
92.432277
 10
121.767874
 20
92.472083
 10
121.729329
 20
92.429063
 10
121.739013
 20
92.305768
 10
121.889161
 20
91.852929
 10
122.190512
 20
91.182727
 10
122.615264
 20
90.364325
 10
123.406753
 20
88.799467
 10
123.627680
 20
88.264091
 10
123.685249
 20
87.996987
 10
123.634762
 20
88.007258
 10
123.523780
 20
88.137493
 10
123.148318
 20
88.711945
 10
121.979316
 20
90.795399
 10
120.750224
 20
93.007999
 10
120.309717
 20
93.722249
 10
120.068822
 20
94.033465
 10
119.946395
 20
94.068185
 10
119.897693
 20
93.980182
 10
119.919621
 20
93.778471
 10
120.009082
 20
93.472066
 10
120.378220
 20
92.581227
 10
120.980337
 20
91.379777
 10
121.481652
 20
90.337346
 10
121.605547
 20
89.995895
 10
121.645213
 20
89.790077
 10
121.633526
 20
89.741732
 10
121.600861
 20
89.731737
 10
121.472701
 20
89.832718
 10
121.260943
 20
90.104863
 10
120.965796
 20
90.560016
 10
120.586139
 20
91.264124
 10
120.199742
 20
92.128839
 10
119.823728
 20
93.100391
 10
119.475222
 20
94.125012
 10
119.171346
 20
95.148932
 10
118.929225
 20
96.118382
 10
118.765980
 20
96.979592
 10
118.698738
 20
97.678792
 10
118.674794
 20
98.740898
 10
118.425792
 20
97.905790
 10
118.336111
 20
97.394631
 10
118.320393
 20
96.749612
 10
118.372266
 20
96.007635
 10
118.485354
 20
95.205606
 10
118.653286
 20
94.380429
 10
118.869688
 20
93.569009
 10
119.128185
 20
92.808248
 10
119.422405
 20
92.135053
 10
119.664618
 20
91.616833
 10
119.828557
 20
91.192454
 10
119.899743
 20
90.905712
 10
119.896028
 20
90.827640
 10
119.863695
 20
90.800399
 10
119.712261
 20
90.937801
 10
119.469273
 20
91.311917
 10
119.168235
 20
91.865608
 10
118.842650
 20
92.541737
 10
118.506683
 20
93.422878
 10
118.252427
 20
94.384518
 10
118.081643
 20
95.385700
 10
117.996092
 20
96.385467
 10
117.997533
 20
97.342861
 10
118.087726
 20
98.216927
 10
118.268432
 20
98.966707
 10
118.393277
 20
99.282190
 10
118.541411
 20
99.551244
 10
118.750117
 20
99.896615
 10
118.842248
 20
100.119324
 10
118.818788
 20
100.224055
 10
118.680718
 20
100.215494
 10
118.433027
 20
100.082769
 10
118.212466
 20
99.860738
 10
118.019511
 20
99.558028
 10
117.854636
 20
99.183269
 10
117.718318
 20
98.745089
 10
117.611031
 20
98.252115
 10
117.485453
 20
97.136302
 10
117.481706
 20
95.904855
 10
117.603592
 20
94.626801
 10
117.712837
 20
93.991868
 10
117.854916
 20
93.371167
 10
118.030305
 20
92.773328
 10
118.239480
 20
92.206979
 10
118.737140
 20
90.874136
 10
118.834547
 20
90.501268
 10
118.836234
 20
90.331778
 10
118.802408
 20
90.325100
 10
118.746122
 20
90.371426
 10
118.568132
 20
90.625970
 10
117.964207
 20
91.802777
 10
117.558078
 20
92.764704
 10
117.423202
 20
93.200213
 10
117.325895
 20
93.651564
 10
117.220318
 20
94.740231
 10
117.194010
 20
96.307579
 10
117.178084
 20
97.729598
 10
117.124496
 20
98.530707
 10
117.078713
 20
98.731389
 10
117.017674
 20
98.816407
 10
116.939434
 20
98.798948
 10
116.842045
 20
98.692201
 10
116.668974
 20
98.314116
 10
116.555982
 20
97.765228
 10
116.501414
 20
97.088987
 10
116.503612
 20
96.328843
 10
116.560920
 20
95.528246
 10
116.671682
 20
94.730646
 10
116.834241
 20
93.979494
 10
117.046940
 20
93.318240
 10
117.393883
 20
92.327100
 10
117.465393
 20
92.025591
 10
117.451240
 20
91.914855
 10
117.380591
 20
91.942688
 10
117.299431
 20
92.022391
 10
117.113743
 20
92.314646
 10
116.910501
 20
92.746089
 10
116.706033
 20
93.271188
 10
116.358724
 20
94.420232
 10
116.248535
 20
94.953115
 10
116.202426
 20
95.397530
 10
116.179694
 20
95.962701
 10
116.132052
 20
96.217357
 10
116.093178
 20
96.237689
 10
116.041222
 20
96.191730
 10
115.888926
 20
95.916054
 10
115.813214
 20
95.663643
 10
115.789398
 20
95.338390
 10
115.813564
 20
94.950263
 10
115.881799
 20
94.509232
 10
116.134828
 20
93.508326
 10
116.517185
 20
92.415423
 10
116.997567
 20
91.310269
 10
117.544674
 20
90.272612
 10
118.127205
 20
89.382202
 10
118.421973
 20
89.017136
 10
118.713858
 20
88.718786
 10
118.936017
 20
88.495152
 10
119.104245
 20
88.282955
 10
119.215997
 20
88.096191
 10
119.268726
 20
87.948857
 10
119.259886
 20
87.854951
 10
119.186930
 20
87.828471
 10
119.047311
 20
87.883412
 10
118.838483
 20
88.033773
 10
118.548567
 20
88.316211
 10
118.217981
 20
88.708957
 10
117.494269
 20
89.733399
 10
116.786291
 20
90.923145
 10
116.212990
 20
92.094242
 10
115.970867
 20
92.637524
 10
115.821900
 20
92.904304
 10
115.782161
 20
92.934243
 10
115.765484
 20
92.895340
 10
115.801017
 20
92.611390
 10
115.919896
 20
92.170056
 10
116.124305
 20
91.586284
 10
116.675004
 20
90.295403
 10
117.139653
 20
89.211394
 10
117.250917
 20
88.851551
 10
117.256054
 20
88.683663
 10
117.214595
 20
88.687281
 10
117.146873
 20
88.748751
 10
116.946881
 20
89.023250
 10
116.388348
 20
90.024500
 10
115.996074
 20
90.791216
 10
115.796933
 20
91.107109
 10
115.757799
 20
91.106572
 10
115.752563
 20
91.006019
 10
115.824603
 20
90.521785
 10
115.973938
 20
89.953588
 10
116.234038
 20
89.257558
 10
116.583191
 20
88.474756
 10
116.999684
 20
87.646246
 10
117.461808
 20
86.813089
 10
117.947849
 20
86.016347
 10
118.436095
 20
85.297081
 10
118.904836
 20
84.696355
 10
119.261844
 20
84.253745
 10
119.512602
 20
83.891286
 10
119.634182
 20
83.646381
 10
119.639364
 20
83.579700
 10
119.603653
 20
83.556434
 10
119.433534
 20
83.630793
 10
119.187624
 20
83.841229
 10
118.528396
 20
84.594501
 10
117.745893
 20
85.664582
 10
116.960041
 20
86.899802
 10
116.390908
 20
87.788572
 10
116.269451
 20
87.906846
 10
116.254738
 20
87.817675
 10
116.539554
 20
87.046883
 10
117.233376
 20
85.535966
 10
117.729923
 20
84.596992
 10
118.302239
 20
83.703767
 10
118.971304
 20
82.834844
 10
119.758096
 20
81.968773
 10
120.683592
 20
81.084106
 10
121.768770
 20
80.159392
 10
123.034609
 20
79.173184
 10
124.502087
 20
78.104031
 10
125.783008
 20
77.212428
 10
126.930952
 20
76.454191
 10
127.981034
 20
75.811026
 10
128.968370
 20
75.264641
 10
129.928074
 20
74.796745
 10
130.895262
 20
74.389043
 10
131.905047
 20
74.023244
 10
132.992547
 20
73.681054
 10
134.834689
 20
73.186974
 10
135.434592
 20
73.064297
 10
135.795270
 20
73.024377
 10
135.880015
 20
73.035415
 10
135.897890
 20
73.067101
 10
135.723619
 20
73.192354
 10
135.253621
 20
73.400022
 10
134.469064
 20
73.689993
  0
LWPOLYLINE
  8
ENGRAVE_RED
 62
1
 90
15
 70
1
 10
131.268382
 20
75.744359
 10
131.121204
 20
75.856962
 10
131.023450
 20
75.971945
 10
130.983592
 20
76.075828
 10
131.010107
 20
76.155135
 10
131.111326
 20
76.181940
 10
131.274871
 20
76.142871
 10
131.478150
 20
76.046283
 10
131.698573
 20
75.900531
 10
131.875841
 20
75.749088
 10
131.972082
 20
75.629887
 10
131.994803
 20
75.545652
 10
131.951513
 20
75.499108
 10
131.849718
 20
75.492982
 10
131.696927
 20
75.529998
  0
LWPOLYLINE
  8
ENGRAVE_RED
 62
1
 90
19
 70
1
 10
167.493968
 20
74.230020
 10
168.060824
 20
74.575349
 10
168.211325
 20
74.724457
 10
168.274017
 20
74.863646
 10
168.249507
 20
74.997254
 10
168.138404
 20
75.129620
 10
167.941313
 20
75.265082
 10
167.658843
 20
75.407979
 10
167.294219
 20
75.544364
 10
167.164543
 20
75.552005
 10
167.058865
 20
75.511661
 10
166.968869
 20
75.417619
 10
166.886233
 20
75.264165
 10
166.709771
 20
74.756168
 10
166.535744
 20
74.133942
 10
166.519395
 20
73.960164
 10
166.561812
 20
73.870122
 10
166.671736
 20
73.857952
 10
166.857909
 20
73.917788
  0
LWPOLYLINE
  8
ENGRAVE_RED
 62
1
 90
11
 70
1
 10
141.011803
 20
74.336944
 10
140.512039
 20
74.558164
 10
139.897347
 20
74.758013
 10
139.200812
 20
74.942645
 10
139.897347
 20
74.522973
 10
140.512039
 20
74.226170
 10
140.794571
 20
74.135562
 10
141.011803
 20
74.101904
 10
141.220764
 20
74.108584
 10
141.290417
 20
74.140175
 10
141.220764
 20
74.211391
  0
LWPOLYLINE
  8
ENGRAVE_RED
 62
1
 90
15
 70
1
 10
173.057999
 20
74.786827
 10
173.218077
 20
75.004963
 10
173.300227
 20
75.171019
 10
173.313009
 20
75.282271
 10
173.264986
 20
75.335993
 10
173.164716
 20
75.329463
 10
173.020761
 20
75.259955
 10
172.841682
 20
75.124746
 10
172.636039
 20
74.921110
 10
172.462333
 20
74.704085
 10
172.363301
 20
74.526360
 10
172.346101
 20
74.406276
 10
172.417890
 20
74.362173
 10
172.557399
 20
74.395680
 10
172.724590
 20
74.486915
  0
LWPOLYLINE
  8
ENGRAVE_RED
 62
1
 90
12
 70
1
 10
133.117740
 20
74.826529
 10
133.030964
 20
74.883993
 10
132.931998
 20
74.903148
 10
132.833032
 20
74.883993
 10
132.746255
 20
74.826529
 10
132.703447
 20
74.754409
 10
132.724198
 20
74.695348
 10
132.802413
 20
74.655443
 10
132.931998
 20
74.640787
 10
133.061582
 20
74.655443
 10
133.139797
 20
74.695348
 10
133.160548
 20
74.754409
  0
LWPOLYLINE
  8
ENGRAVE_RED
 62
1
 90
11
 70
1
 10
144.279713
 20
75.923572
 10
144.185500
 20
75.977385
 10
144.053412
 20
75.999470
 10
143.745703
 20
75.945571
 10
143.632597
 20
75.883627
 10
143.624807
 20
75.833066
 10
143.719548
 20
75.796675
 10
143.914032
 20
75.777241
 10
144.241730
 20
75.811152
 10
144.302936
 20
75.859951
 10
144.279713
 20
75.923575
  0
LWPOLYLINE
  8
ENGRAVE_RED
 62
1
 90
16
 70
1
 10
146.723390
 20
77.029968
 10
147.543560
 20
77.463376
 10
147.665671
 20
77.556950
 10
147.559232
 20
77.545869
 10
146.674633
 20
77.339493
 10
145.330320
 20
77.078386
 10
144.092382
 20
76.805115
 10
143.693407
 20
76.675906
 10
143.452138
 20
76.559162
 10
143.376859
 20
76.460521
 10
143.475853
 20
76.385618
 10
143.757404
 20
76.340089
 10
144.229795
 20
76.329570
 10
144.767030
 20
76.390126
 10
145.416255
 20
76.542365
 10
146.095649
 20
76.763306
  0
LWPOLYLINE
  8
ENGRAVE_RED
 62
1
 90
898
 70
1
 10
146.920333
 20
77.817143
 10
148.556382
 20
78.267500
 10
150.143220
 20
78.776460
 10
151.683988
 20
79.345427
 10
153.181827
 20
79.975808
 10
154.639876
 20
80.669009
 10
156.061277
 20
81.426437
 10
157.449170
 20
82.249499
 10
158.806696
 20
83.139599
 10
159.892409
 20
83.816975
 10
160.254714
 20
83.991007
 10
160.425815
 20
84.016888
 10
160.430690
 20
83.973347
 10
160.390258
 20
83.902961
 10
160.189878
 20
83.696330
 10
159.425893
 20
83.122360
 10
158.706441
 20
82.616082
 10
158.342989
 20
82.292332
 10
158.300525
 20
82.206127
 10
158.353973
 20
82.174219
 10
158.757826
 20
82.284852
 10
158.989082
 20
82.361335
 10
159.044994
 20
82.363356
 10
159.060670
 20
82.337413
 10
158.970040
 20
82.190181
 10
158.714643
 20
81.896740
 10
158.281744
 20
81.509456
 10
158.093070
 20
81.395429
 10
157.942240
 20
81.338611
 10
157.843749
 20
81.342104
 10
157.812091
 20
81.409007
 10
157.861762
 20
81.542420
 10
158.007257
 20
81.745443
 10
158.223650
 20
82.072282
 10
158.205223
 20
82.133723
 10
158.101407
 20
82.126905
 10
157.634677
 20
81.907676
 10
156.817610
 20
81.412958
 10
156.199391
 20
81.051343
 10
155.387357
 20
80.621473
 10
153.603679
 20
79.772302
 10
152.131655
 20
79.111354
 10
151.547007
 20
78.790739
 10
151.535701
 20
78.759709
 10
151.577324
 20
78.747248
 10
151.817333
 20
78.775871
 10
152.910229
 20
79.032167
 10
153.647564
 20
79.264792
 10
154.473078
 20
79.597112
 10
155.285878
 20
79.984787
 10
155.985071
 20
80.383477
 10
156.985669
 20
81.001680
 10
157.530323
 20
81.275877
 10
157.644381
 20
81.288076
 10
157.659706
 20
81.219195
 10
157.414491
 20
80.844757
 10
157.237518
 20
80.604575
 10
157.212767
 20
80.546113
 10
157.235224
 20
80.529120
 10
157.435929
 20
80.620695
 10
157.867950
 20
80.881598
 10
158.655558
 20
81.392695
 10
159.406152
 20
81.924289
 10
160.120953
 20
82.477972
 10
160.801185
 20
83.055338
 10
161.448068
 20
83.657977
 10
162.062824
 20
84.287484
 10
162.646675
 20
84.945451
 10
163.200843
 20
85.633469
 10
163.726548
 20
86.353132
 10
164.225014
 20
87.106033
 10
164.697461
 20
87.893763
 10
165.145111
 20
88.717916
 10
165.569186
 20
89.580083
 10
165.970907
 20
90.481858
 10
166.712177
 20
92.410599
 10
167.346287
 20
94.068427
 10
167.651072
 20
94.746260
 10
167.943015
 20
95.314975
 10
168.218616
 20
95.768272
 10
168.474379
 20
96.099855
 10
168.706805
 20
96.303423
 10
168.912397
 20
96.372679
 10
168.956839
 20
96.357707
 10
168.975532
 20
96.314795
 10
168.940549
 20
96.157192
 10
168.817198
 20
95.923938
 10
168.615232
 20
95.639106
 10
168.336685
 20
95.181758
 10
168.004823
 20
94.478786
 10
167.661244
 20
93.625999
 10
167.347542
 20
92.719205
 10
166.705661
 20
90.898849
 10
165.963136
 20
89.175941
 10
165.126292
 20
87.559892
 10
164.201452
 20
86.060109
 10
163.708009
 20
85.356758
 10
163.194938
 20
84.686003
 10
162.663030
 20
84.049019
 10
162.113075
 20
83.446982
 10
161.545864
 20
82.881070
 10
160.962186
 20
82.352458
 10
160.362833
 20
81.862322
 10
159.748594
 20
81.411838
 10
158.830484
 20
80.761120
 10
158.383736
 20
80.399366
 10
158.326898
 20
80.316325
 10
158.375630
 20
80.292895
 10
158.773445
 20
80.408024
 10
159.522930
 20
80.768751
 10
160.438975
 20
81.347095
 10
161.462432
 20
82.093229
 10
162.534149
 20
82.957329
 10
163.594977
 20
83.889571
 10
164.585765
 20
84.840128
 10
165.447363
 20
85.759176
 10
166.120621
 20
86.596891
 10
166.827298
 20
87.497862
 10
167.051251
 20
87.721405
 10
167.178191
 20
87.794041
 10
167.202760
 20
87.773859
 10
167.200049
 20
87.716058
 10
167.108758
 20
87.487748
 10
166.554458
 20
86.581306
 10
166.310422
 20
86.189471
 10
166.124293
 20
85.827446
 10
166.014305
 20
85.535505
 10
165.998696
 20
85.353921
 10
166.004043
 20
85.261348
 10
165.971070
 20
85.137924
 10
165.800653
 20
84.810570
 10
165.508425
 20
84.395955
 10
165.115366
 20
83.918175
 10
164.110671
 20
82.869508
 10
163.540994
 20
82.346813
 10
162.954402
 20
81.857339
 10
162.178037
 20
81.191292
 10
161.954840
 20
80.958833
 10
161.847311
 20
80.806283
 10
161.859710
 20
80.743292
 10
161.996296
 20
80.779509
 10
162.659063
 20
81.188169
 10
162.919973
 20
81.339409
 10
163.189355
 20
81.442305
 10
163.435463
 20
81.487722
 10
163.626553
 20
81.466528
 10
163.728861
 20
81.459833
 10
163.878047
 20
81.494821
 10
164.288624
 20
81.674987
 10
164.801418
 20
81.977310
 10
165.359567
 20
82.372078
 10
165.985171
 20
82.915441
 10
166.597050
 20
83.570940
 10
167.188020
 20
84.326935
 10
167.750895
 20
85.171783
 10
168.278493
 20
86.093844
 10
168.763626
 20
87.081477
 10
169.199112
 20
88.123039
 10
169.577765
 20
89.206890
 10
170.019839
 20
90.655942
 10
170.222698
 20
91.486764
 10
170.240428
 20
91.707982
 10
170.205563
 20
91.819815
 10
170.120506
 20
91.837322
 10
169.987659
 20
91.775560
 10
169.848101
 20
91.711514
 10
169.758348
 20
91.715419
 10
169.715921
 20
91.774888
 10
169.718342
 20
91.877531
 10
169.847822
 20
92.162792
 10
170.126966
 20
92.472095
 10
170.422122
 20
92.801559
 10
170.511910
 20
92.967550
 10
170.544887
 20
93.106621
 10
170.497614
 20
93.176441
 10
170.368900
 20
93.153885
 10
170.178405
 20
93.046927
 10
169.945785
 20
92.863544
 10
169.674700
 20
92.643199
 10
169.615058
 20
92.619214
 10
169.607253
 20
92.657416
 10
169.750859
 20
92.934567
 10
170.112933
 20
93.503024
 10
170.434427
 20
94.035287
 10
170.645137
 20
94.466636
 10
170.750125
 20
94.783395
 10
170.754449
 20
94.971888
 10
170.720443
 20
95.013761
 10
170.663169
 20
95.018439
 10
170.481345
 20
94.909372
 10
170.214036
 20
94.631010
 10
169.866302
 20
94.169678
 10
169.264678
 20
93.395732
 10
169.051655
 20
93.190302
 10
168.937780
 20
93.150491
 10
168.963383
 20
93.306914
 10
169.130124
 20
93.635791
 10
169.776890
 20
94.618258
 10
170.692945
 20
95.953730
 10
170.959925
 20
96.405205
 10
171.095172
 20
96.698977
 10
171.095410
 20
96.824897
 10
170.957364
 20
96.772819
 10
170.677757
 20
96.532595
 10
170.253314
 20
96.094077
 10
169.792979
 20
95.615204
 10
169.498793
 20
95.356987
 10
169.417014
 20
95.312731
 10
169.380382
 20
95.326167
 10
169.447371
 20
95.529489
 10
169.689310
 20
95.910044
 10
170.090836
 20
96.436750
 10
171.149270
 20
97.650261
 10
172.503215
 20
99.081855
 10
171.564591
 20
99.007381
 10
171.113112
 20
98.934065
 10
170.577705
 20
98.789500
 10
170.025355
 20
98.594591
 10
169.523052
 20
98.370243
 10
169.042788
 20
98.088266
 10
168.528388
 20
97.722831
 10
168.006305
 20
97.299259
 10
167.502991
 20
96.842869
 10
167.044899
 20
96.378983
 10
166.658480
 20
95.932921
 10
166.370188
 20
95.530004
 10
166.206475
 20
95.195552
 10
166.124462
 20
95.003530
 10
166.017190
 20
94.846279
 10
165.898572
 20
94.740029
 10
165.782517
 20
94.701007
 10
165.708596
 20
94.718759
 10
165.667907
 20
94.770019
 10
165.678411
 20
94.961065
 10
165.798401
 20
95.250160
 10
166.012245
 20
95.613317
 10
166.658981
 20
96.465871
 10
167.060612
 20
96.907298
 10
167.493579
 20
97.326842
 10
168.036478
 20
97.776450
 10
168.654220
 20
98.223268
 10
169.270791
 20
98.615615
 10
169.810179
 20
98.901815
 10
170.257987
 20
99.122574
 10
170.510768
 20
99.287763
 10
170.562018
 20
99.347744
 10
170.562105
 20
99.391702
 10
170.405580
 20
99.428712
 10
170.046616
 20
99.364014
 10
169.560566
 20
99.184203
 10
168.993351
 20
98.915995
 10
168.390891
 20
98.586102
 10
167.799106
 20
98.221239
 10
167.263917
 20
97.848121
 10
166.831242
 20
97.493461
 10
166.547002
 20
97.183974
 10
166.365999
 20
96.965873
 10
166.180253
 20
96.810456
 10
166.011590
 20
96.732119
 10
165.881835
 20
96.745256
 10
165.803467
 20
96.767931
 10
165.714907
 20
96.747909
 10
165.513161
 20
96.591220
 10
165.288503
 20
96.298075
 10
165.052843
 20
95.891361
 10
164.818089
 20
95.393964
 10
164.596148
 20
94.828772
 10
164.398929
 20
94.218672
 10
164.238340
 20
93.586551
 10
163.904851
 20
92.054174
 10
163.887611
 20
93.447244
 10
163.914922
 20
94.108357
 10
164.013057
 20
94.753481
 10
164.181501
 20
95.381489
 10
164.419743
 20
95.991254
 10
164.727269
 20
96.581646
 10
165.103568
 20
97.151539
 10
165.548125
 20
97.699804
 10
166.060429
 20
98.225314
 10
166.720832
 20
98.899639
 10
167.134604
 20
99.421324
 10
167.228090
 20
99.592861
 10
167.234824
 20
99.687759
 10
167.146439
 20
99.693190
 10
166.954571
 20
99.596330
 10
166.842267
 20
99.576661
 10
166.735980
 20
99.654934
 10
166.637603
 20
99.824441
 10
166.549031
 20
100.078472
 10
166.408880
 20
100.813272
 10
166.330685
 20
101.805663
 10
166.299067
 20
102.333810
 10
166.276982
 20
102.438179
 10
166.247566
 20
102.429938
 10
166.157300
 20
102.057209
 10
166.009388
 20
101.178782
 10
165.762588
 20
99.948775
 10
165.648629
 20
99.574456
 10
165.560598
 20
99.436806
 10
165.498314
 20
99.639990
 10
165.454452
 20
100.193612
 10
165.438081
 20
102.013985
 10
165.485643
 20
104.591803
 10
165.093235
 20
103.198733
 10
164.700828
 20
101.805663
 10
164.826497
 20
103.338040
 10
164.958307
 20
104.624889
 10
165.098732
 20
105.566952
 10
165.121811
 20
105.738474
 10
165.076303
 20
105.690587
 10
164.816563
 20
105.009724
 10
164.648171
 20
104.369021
 10
164.506611
 20
103.551354
 10
164.406752
 20
102.661857
 10
164.363461
 20
101.805663
 10
164.338611
 20
101.003564
 10
164.288620
 20
100.499286
 10
164.214734
 20
100.299929
 10
164.169220
 20
100.316815
 10
164.118199
 20
100.412593
 10
164.007786
 20
100.766658
 10
163.933686
 20
101.175482
 10
163.895701
 20
101.632521
 10
163.893628
 20
102.131232
 10
163.996424
 20
103.227493
 10
164.240473
 20
104.411912
 10
164.374371
 20
104.988969
 10
164.435324
 20
105.394868
 10
164.421435
 20
105.604769
 10
164.385831
 20
105.628458
 10
164.330805
 20
105.593833
 10
164.178590
 20
105.331529
 10
163.979999
 20
104.833188
 10
163.546614
 20
103.414442
 10
163.316546
 20
102.582598
 10
163.161518
 20
102.151180
 10
163.109158
 20
102.079754
 10
163.071975
 20
102.101384
 10
163.038361
 20
102.414409
 10
163.055497
 20
102.820840
 10
163.114014
 20
103.271500
 10
163.204724
 20
103.711534
 10
163.318441
 20
104.086093
 10
163.446805
 20
104.451954
 10
163.483640
 20
104.639283
 10
163.467317
 20
104.670567
 10
163.427612
 20
104.662700
 10
163.277392
 20
104.536824
 10
163.131547
 20
104.268735
 10
162.983704
 20
103.785395
 10
162.851133
 20
103.155368
 10
162.751101
 20
102.447219
 10
162.639244
 20
101.508962
 10
162.540190
 20
101.070204
 10
162.483844
 20
101.014431
 10
162.416754
 20
101.055085
 10
162.231750
 20
101.387742
 10
162.062942
 20
101.697636
 10
162.011154
 20
101.734662
 10
161.979071
 20
101.684466
 10
161.967898
 20
101.296588
 10
162.017186
 20
100.482363
 10
162.044387
 20
99.886997
 10
162.031087
 20
99.454387
 10
161.981478
 20
99.185473
 10
161.899752
 20
99.081198
 10
161.790102
 20
99.142503
 10
161.656720
 20
99.370328
 10
161.503799
 20
99.765616
 10
161.335530
 20
100.329308
 10
161.215428
 20
100.901002
 10
161.168875
 20
101.455056
 10
161.195751
 20
101.998159
 10
161.295935
 20
102.537002
 10
161.407016
 20
103.073484
 10
161.423976
 20
103.479961
 10
161.342587
 20
103.804402
 10
161.158622
 20
104.094776
 10
160.923321
 20
104.343488
 10
160.892069
 20
104.339532
 10
160.928487
 20
104.243524
 10
160.973701
 20
104.108299
 10
160.966403
 20
103.997560
 10
160.910486
 20
103.922737
 10
160.809841
 20
103.895257
 10
160.695276
 20
103.948921
 10
160.601457
 20
104.095035
 10
160.538065
 20
104.311283
 10
160.514783
 20
104.575351
 10
160.489063
 20
104.855314
 10
160.419032
 20
105.114842
 10
160.315387
 20
105.325012
 10
160.188822
 20
105.456897
 10
160.056563
 20
105.516904
 10
159.987703
 20
105.493982
 10
159.982064
 20
105.387824
 10
160.039467
 20
105.198120
 10
160.198058
 20
104.483329
 10
160.331348
 20
103.411075
 10
160.375998
 20
102.618455
 10
160.360973
 20
102.489746
 10
160.321480
 20
102.575973
 10
160.254348
 20
102.755435
 10
160.164074
 20
102.880582
 10
160.062475
 20
102.940047
 10
159.961366
 20
102.922459
 10
159.875479
 20
102.909569
 10
159.776152
 20
102.983992
 10
159.655279
 20
103.163574
 10
159.504757
 20
103.466160
 10
159.082344
 20
104.511731
 10
158.444074
 20
106.263476
 10
158.288165
 20
106.658494
 10
158.157539
 20
106.910196
 10
158.065886
 20
106.997692
 10
158.026893
 20
106.900094
 10
158.053828
 20
106.612776
 10
158.141674
 20
106.183708
 10
158.445200
 20
105.132338
 10
158.739545
 20
104.104733
 10
158.771743
 20
103.840255
 10
158.736145
 20
103.743614
 10
158.639390
 20
103.816026
 10
158.488117
 20
104.058705
 10
158.048576
 20
105.059730
 10
157.804582
 20
105.650279
 10
157.623122
 20
105.992210
 10
157.557150
 20
106.068048
 10
157.508383
 20
106.079455
 10
157.464552
 20
105.905947
 10
157.515355
 20
105.547568
 10
157.664409
 20
105.042039
 10
157.888722
 20
104.456551
 10
158.165301
 20
103.858291
 10
158.650345
 20
102.801414
 10
158.746713
 20
102.505445
 10
158.750792
 20
102.371021
 10
158.666443
 20
102.403066
 10
158.497528
 20
102.606505
 10
157.921438
 20
103.547259
 10
157.399321
 20
104.373542
 10
157.238941
 20
104.540701
 10
157.194591
 20
104.549078
 10
157.178197
 20
104.502098
 10
157.231508
 20
104.263643
 10
157.381655
 20
103.886649
 10
157.880316
 20
102.924151
 10
158.104700
 20
102.510272
 10
158.255485
 20
102.161662
 10
158.333018
 20
101.880245
 10
158.337642
 20
101.667948
 10
158.269702
 20
101.526697
 10
158.129544
 20
101.458417
 10
157.917512
 20
101.465034
 10
157.633952
 20
101.548474
 10
157.461179
 20
101.664860
 10
157.285130
 20
101.872015
 10
157.113914
 20
102.150831
 10
156.955642
 20
102.482200
 10
156.710369
 20
103.226165
 10
156.639588
 20
103.600546
 10
156.614193
 20
103.951049
 10
156.553275
 20
104.191584
 10
156.369405
 20
104.426260
 10
156.060903
 20
104.655827
 10
155.626092
 20
104.881038
 10
155.063293
 20
105.102644
 10
154.370830
 20
105.321396
 10
152.590197
 20
105.753345
 10
151.947946
 20
105.868840
 10
151.302204
 20
105.947113
 10
150.655028
 20
105.988669
 10
150.008471
 20
105.994010
 10
149.364589
 20
105.963640
 10
148.725438
 20
105.898061
 10
148.093073
 20
105.797778
 10
147.469549
 20
105.663292
 10
146.856921
 20
105.495108
 10
146.257245
 20
105.293729
 10
145.672575
 20
105.059658
 10
145.104968
 20
104.793398
 10
144.556477
 20
104.495453
 10
144.029160
 20
104.166324
 10
143.525070
 20
103.806517
 10
143.046263
 20
103.416534
 10
142.589309
 20
102.988067
 10
142.152895
 20
102.517301
 10
141.738714
 20
102.008403
 10
141.348458
 20
101.465544
 10
140.983823
 20
100.892892
 10
140.646500
 20
100.294615
 10
140.338183
 20
99.674882
 10
140.060565
 20
99.037863
 10
139.815341
 20
98.387726
 10
139.604203
 20
97.728640
 10
139.428845
 20
97.064773
 10
139.290959
 20
96.400295
 10
139.192240
 20
95.739374
 10
139.134381
 20
95.086179
 10
139.119075
 20
94.444879
 10
139.148015
 20
93.819643
 10
139.241005
 20
93.072131
 10
139.392873
 20
92.315062
 10
139.598688
 20
91.561310
 10
139.853522
 20
90.823749
 10
140.152445
 20
90.115252
 10
140.490526
 20
89.448691
 10
140.862836
 20
88.836940
 10
141.264445
 20
88.292872
 10
141.835262
 20
87.596337
 10
141.845710
 20
88.292872
 10
141.929283
 20
88.905271
 10
142.014002
 20
89.185321
 10
142.115533
 20
89.399522
 10
142.254551
 20
89.587111
 10
142.360182
 20
89.630858
 10
142.453431
 20
89.524110
 10
142.555302
 20
89.260215
 10
142.928303
 20
88.215977
 10
143.286402
 20
87.467599
 10
143.483456
 20
87.163957
 10
143.705097
 20
86.885798
 10
144.259885
 20
86.341292
 10
145.003485
 20
85.751884
 10
145.285959
 20
85.572584
 10
145.456529
 20
85.506732
 10
145.780278
 20
85.457103
 10
146.213022
 20
85.337782
 10
146.338109
 20
85.319156
 10
146.301414
 20
85.393337
 10
145.797254
 20
85.764157
 10
145.024906
 20
86.345354
 10
144.294908
 20
87.031170
 10
143.748802
 20
87.674214
 10
143.588940
 20
87.933637
 10
143.528129
 20
88.127094
 10
143.564965
 20
88.188564
 10
143.671776
 20
88.169541
 10
144.029509
 20
87.917524
 10
144.240863
 20
87.751512
 10
144.439190
 20
87.640807
 10
144.602235
 20
87.595046
 10
144.707743
 20
87.623865
 10
144.845888
 20
87.635179
 10
145.097795
 20
87.541754
 10
145.427638
 20
87.360506
 10
145.799590
 20
87.108351
 10
146.614763
 20
86.523057
 10
147.129412
 20
86.197632
 10
147.277953
 20
86.130272
 10
147.356057
 20
86.125361
 10
147.365290
 20
86.182059
 10
147.307217
 20
86.299526
 10
147.211416
 20
86.527234
 10
147.231818
 20
86.585369
 10
147.297902
 20
86.606362
 10
147.567555
 20
86.536932
 10
148.021258
 20
86.318970
 10
148.317508
 20
86.173025
 10
148.388934
 20
86.157951
 10
148.408361
 20
86.188516
 10
148.288618
 20
86.407684
 10
147.953079
 20
86.872771
 10
147.705968
 20
87.231032
 10
147.551681
 20
87.514323
 10
147.491685
 20
87.724452
 10
147.527447
 20
87.863230
 10
147.660437
 20
87.932466
 10
147.892120
 20
87.933967
 10
148.223966
 20
87.869545
 10
148.657441
 20
87.741008
 10
149.071554
 20
87.624369
 10
149.462631
 20
87.549842
 10
149.786635
 20
87.523630
 10
149.999528
 20
87.551936
 10
150.103717
 20
87.610104
 10
150.112762
 20
87.658799
 10
150.029756
 20
87.694492
 10
149.857792
 20
87.713651
 10
149.668476
 20
87.738840
 10
149.513442
 20
87.791159
 10
149.408690
 20
87.862965
 10
149.370217
 20
87.946616
 10
149.463651
 20
88.021934
 10
149.718050
 20
88.071056
 10
150.094559
 20
88.089800
 10
150.554327
 20
88.073989
 10
151.077736
 20
88.079079
 10
151.599991
 20
88.159811
 10
152.099424
 20
88.304928
 10
152.554371
 20
88.503173
 10
152.943165
 20
88.743290
 10
153.244139
 20
89.014023
 10
153.435628
 20
89.304114
 10
153.483545
 20
89.452901
 10
153.495965
 20
89.602307
 10
153.543313
 20
90.103753
 10
153.686560
 20
90.605036
 10
153.709766
 20
90.745443
 10
153.601871
 20
90.729117
 10
153.376844
 20
90.563683
 10
153.048656
 20
90.256768
 10
152.627545
 20
89.886139
 10
152.214651
 20
89.624850
 10
151.809496
 20
89.472660
 10
151.411602
 20
89.429328
 10
150.623980
 20
89.451327
 10
151.459822
 20
89.744301
 10
152.175260
 20
90.062568
 10
152.749735
 20
90.449805
 10
152.968098
 20
90.655887
 10
153.132003
 20
90.863132
 10
153.235043
 20
91.066178
 10
153.270813
 20
91.259665
 10
153.234433
 20
91.396171
 10
153.121558
 20
91.414003
 10
152.926590
 20
91.311624
 10
152.643932
 20
91.087496
 10
152.362219
 20
90.862292
 10
152.120650
 20
90.711237
 10
151.919549
 20
90.634253
 10
151.759240
 20
90.631261
 10
151.640048
 20
90.702181
 10
151.562297
 20
90.846936
 10
151.526310
 20
91.065446
 10
151.532413
 20
91.357633
 10
151.556324
 20
91.721511
 10
151.538113
 20
91.859428
 10
151.462203
 20
91.781273
 10
151.313016
 20
91.496940
 10
151.187365
 20
91.280144
 10
151.149655
 20
91.253227
 10
151.128119
 20
91.283102
 10
151.131858
 20
91.520633
 10
151.195162
 20
92.007555
 10
151.239350
 20
92.521621
 10
151.208458
 20
92.977529
 10
151.101357
 20
93.382335
 10
150.916917
 20
93.743094
 10
150.701535
 20
94.008343
 10
150.407072
 20
94.285110
 10
149.698561
 20
94.800146
 10
149.343341
 20
95.001892
 10
149.026697
 20
95.142109
 10
148.778043
 20
95.202533
 10
148.626794
 20
95.164905
 10
148.619657
 20
95.098417
 10
148.699584
 20
95.016745
 10
149.063339
 20
94.849279
 10
149.387063
 20
94.702892
 10
149.697214
 20
94.481023
 10
149.984180
 20
94.197961
 10
150.238347
 20
93.867995
 10
150.450102
 20
93.505413
 10
150.609833
 20
93.124505
 10
150.707925
 20
92.739558
 10
150.734767
 20
92.364863
 10
150.706238
 20
91.496940
 10
150.491682
 20
92.400720
 10
150.269072
 20
93.096761
 10
150.124934
 20
93.393432
 10
149.956263
 20
93.659534
 10
149.761078
 20
93.897816
 10
149.537396
 20
94.111026
 10
148.996610
 20
94.473219
 10
148.699941
 20
94.621730
 10
148.627542
 20
94.641052
 10
148.606381
 20
94.617557
 10
148.719622
 20
94.423539
 10
149.043351
 20
94.002513
 10
149.256682
 20
93.657911
 10
149.429334
 20
93.236984
 10
149.557482
 20
92.772723
 10
149.637298
 20
92.298118
 10
149.664955
 20
91.846162
 10
149.636627
 20
91.449845
 10
149.548487
 20
91.142158
 10
149.480792
 20
91.031860
 10
149.396709
 20
90.956092
 10
149.347802
 20
90.945183
 10
149.308180
 20
90.976323
 10
149.258357
 20
91.151770
 10
149.250367
 20
91.456471
 10
149.287335
 20
91.864464
 10
149.329661
 20
92.435034
 10
149.260932
 20
92.881729
 10
149.053558
 20
93.289968
 10
148.679951
 20
93.745169
 10
148.161651
 20
94.268846
 10
148.181939
 20
94.183141
 10
148.371404
 20
93.872821
 10
148.581043
 20
93.495569
 10
148.718011
 20
93.129640
 10
148.782036
 20
92.772994
 10
148.772849
 20
92.423589
 10
148.690178
 20
92.079386
 10
148.533755
 20
91.738346
 10
148.303309
 20
91.398426
 10
147.998569
 20
91.057589
 10
147.712751
 20
90.810189
 10
147.401554
 20
90.610735
 10
147.069242
 20
90.458222
 10
146.720078
 20
90.351645
 10
146.358326
 20
90.289998
 10
145.988251
 20
90.272279
 10
145.614116
 20
90.297482
 10
145.240185
 20
90.364601
 10
144.870723
 20
90.472634
 10
144.509994
 20
90.620575
 10
144.162260
 20
90.807419
 10
143.831787
 20
91.032161
 10
143.522839
 20
91.293798
 10
143.239679
 20
91.591324
 10
142.986571
 20
91.923735
 10
142.767780
 20
92.290026
 10
142.602788
 20
92.658640
 10
142.474026
 20
93.060679
 10
142.380825
 20
93.492271
 10
142.322520
 20
93.949543
 10
142.307922
 20
94.925631
 10
142.424893
 20
95.957959
 10
142.668092
 20
97.015540
 10
143.032180
 20
98.067389
 10
143.511816
 20
99.082521
 10
144.101662
 20
100.029949
 10
144.424267
 20
100.437194
 10
144.673090
 20
100.663243
 10
144.843857
 20
100.723163
 10
144.898634
 20
100.695533
 10
144.932295
 20
100.632021
 10
144.934129
 20
100.404886
 10
144.845087
 20
100.056824
 10
144.660896
 20
99.602903
 10
144.377280
 20
99.058190
 10
143.952006
 20
98.272453
 10
143.748169
 20
97.738313
 10
143.720303
 20
97.526186
 10
143.737012
 20
97.329669
 10
143.889779
 20
96.920417
 10
144.065103
 20
96.653653
 10
144.289266
 20
96.435196
 10
144.533426
 20
96.287590
 10
144.768742
 20
96.233378
 10
144.983292
 20
96.270958
 10
145.169216
 20
96.384868
 10
145.327172
 20
96.576858
 10
145.457818
 20
96.848682
 10
145.561812
 20
97.202092
 10
145.639810
 20
97.638839
 10
145.720452
 20
98.769354
 10
145.775924
 20
99.329299
 10
145.912597
 20
99.870136
 10
146.127260
 20
100.387204
 10
146.416700
 20
100.875840
 10
146.777706
 20
101.331383
 10
147.207066
 20
101.749169
 10
147.701568
 20
102.124536
 10
148.257999
 20
102.452823
 10
148.962846
 20
102.775261
 10
149.616000
 20
102.955008
 10
150.356335
 20
103.016062
 10
151.322724
 20
102.982422
 10
152.081179
 20
102.906660
 10
152.784961
 20
102.780163
 10
153.435408
 20
102.601179
 10
154.033858
 20
102.367955
 10
154.581649
 20
102.078741
 10
155.080117
 20
101.731784
 10
155.530601
 20
101.325334
 10
155.934439
 20
100.857637
 10
156.292967
 20
100.326942
 10
156.607524
 20
99.731499
 10
156.879447
 20
99.069554
 10
157.110073
 20
98.339356
 10
157.300741
 20
97.539153
 10
157.452787
 20
96.667194
 10
157.567550
 20
95.721727
 10
157.646368
 20
94.701001
 10
157.680481
 20
93.058704
 10
157.648566
 20
92.280690
 10
157.583418
 20
91.529718
 10
157.484600
 20
90.804505
 10
157.351673
 20
90.103763
 10
157.184197
 20
89.426209
 10
156.981736
 20
88.770557
 10
156.743850
 20
88.135521
 10
156.470100
 20
87.519817
 10
156.160049
 20
86.922159
 10
155.813257
 20
86.341262
 10
155.429287
 20
85.775840
 10
155.007700
 20
85.224609
 10
154.548057
 20
84.686284
 10
154.049920
 20
84.159579
 10
153.404641
 20
83.579091
 10
152.618819
 20
82.984027
 10
151.732429
 20
82.396583
 10
150.785443
 20
81.838958
 10
149.817835
 20
81.333352
 10
148.869580
 20
80.901964
 10
147.980652
 20
80.566991
 10
147.191023
 20
80.350632
 10
146.574266
 20
80.179212
 10
146.415300
 20
80.098412
 10
146.390946
 20
80.034707
 10
146.468303
 20
79.997499
 10
146.597756
 20
79.984713
 10
146.995659
 20
80.027021
 10
147.550081
 20
80.150849
 10
148.226445
 20
80.345413
 10
149.806696
 20
80.903625
 10
151.459811
 20
81.615400
 10
152.275582
 20
82.037376
 10
153.079718
 20
82.519373
 10
153.861948
 20
83.053016
 10
154.612001
 20
83.629929
 10
155.319606
 20
84.241736
 10
155.974494
 20
84.880061
 10
156.566392
 20
85.536528
 10
157.085030
 20
86.202762
 10
157.331235
 20
86.513164
 10
157.559402
 20
86.740810
 10
157.744103
 20
86.864089
 10
157.812209
 20
86.879838
 10
157.859914
 20
86.861391
 10
157.876641
 20
86.769579
 10
157.816486
 20
86.614659
 10
157.495932
 20
86.146185
 10
156.959055
 20
85.517340
 10
156.266658
 20
84.789495
 10
155.479546
 20
84.024023
 10
154.658523
 20
83.282293
 10
153.864391
 20
82.625677
 10
153.157954
 20
82.115547
 10
152.162166
 20
81.440227
 10
151.761959
 20
81.100009
 10
151.756396
 20
81.069723
 10
151.789009
 20
81.061986
 10
151.969527
 20
81.115448
 10
152.797062
 20
81.507104
 10
153.535647
 20
81.912951
 10
154.311670
 20
82.389089
 10
155.115085
 20
82.927987
 10
155.935844
 20
83.522113
 10
157.589198
 20
84.845919
 10
159.191349
 20
86.300254
 10
160.641690
 20
87.647043
 10
161.067909
 20
87.997364
 10
161.284704
 20
88.130135
 10
161.312195
 20
88.114431
 10
161.284481
 20
88.043730
 10
161.059646
 20
87.736524
 10
159.905768
 20
86.453204
 10
159.275205
 20
85.823477
 10
158.544037
 20
85.155294
 10
156.910419
 20
83.805089
 10
155.265982
 20
82.605647
 10
154.521290
 20
82.125916
 10
153.871792
 20
81.760021
 10
153.254645
 20
81.384909
 10
153.098539
 20
81.239166
 10
153.078773
 20
81.148072
 10
153.152285
 20
81.135398
 10
153.294972
 20
81.168102
 10
153.760357
 20
81.354423
 10
155.218555
 20
82.104167
 10
157.013112
 20
83.153765
 10
158.703775
 20
84.259679
 10
159.470697
 20
84.842558
 10
160.323088
 20
85.557515
 10
161.157094
 20
86.313936
 10
161.868859
 20
87.021208
 10
162.957751
 20
88.104177
 10
163.315594
 20
88.407022
 10
163.478609
 20
88.486660
 10
163.487977
 20
88.415534
 10
163.434740
 20
88.291201
 10
163.163312
 20
87.906272
 10
162.710048
 20
87.378591
 10
162.120672
 20
86.754876
 10
160.716475
 20
85.406214
 10
159.993101
 20
84.774703
 10
159.316508
 20
84.234029
 10
158.018957
 20
83.349603
 10
156.445959
 20
82.427676
 10
154.660898
 20
81.496714
 10
152.727158
 20
80.585183
 10
150.708122
 20
79.721547
 10
148.667174
 20
78.934271
 10
146.667697
 20
78.251821
 10
144.773075
 20
77.702661
 10
144.070696
 20
77.503450
 10
143.607260
 20
77.337327
 10
143.421773
 20
77.221254
 10
143.445449
 20
77.187286
 10
143.553239
 20
77.172192
 10
144.044910
 20
77.215703
 10
144.843634
 20
77.351806
 10
146.920315
 20
77.817149
  0
LWPOLYLINE
  8
ENGRAVE_RED
 62
1
 90
14
 70
1
 10
164.273289
 20
82.439073
 10
164.877267
 20
82.986943
 10
165.092434
 20
83.122174
 10
165.208790
 20
83.134508
 10
165.213931
 20
83.016038
 10
165.110017
 20
82.818120
 10
164.686530
 20
82.301362
 10
164.161340
 20
81.819084
 10
163.930297
 20
81.664266
 10
163.757458
 20
81.606136
 10
163.717062
 20
81.623137
 10
163.710862
 20
81.671860
 10
163.792585
 20
81.850811
 10
163.985703
 20
82.115659
  0
LWPOLYLINE
  8
ENGRAVE_RED
 62
1
 90
14
 70
1
 10
146.468026
 20
87.078986
 10
146.357384
 20
87.462748
 10
146.358479
 20
87.566072
 10
146.393113
 20
87.609311
 10
146.458231
 20
87.591682
 10
146.550780
 20
87.512401
 10
146.805953
 20
87.165745
 10
146.918181
 20
86.954304
 10
146.972354
 20
86.781152
 10
146.965555
 20
86.664157
 10
146.894866
 20
86.621188
 10
146.783481
 20
86.657311
 10
146.665876
 20
86.755666
 10
146.556056
 20
86.901232
  0
LWPOLYLINE
  8
ENGRAVE_RED
 62
1
 90
10
 70
1
 10
151.041907
 20
88.830554
 10
151.935213
 20
89.069883
 10
152.713591
 20
89.371475
 10
153.410126
 20
89.717406
 10
152.752379
 20
89.144445
 10
152.403401
 20
88.899716
 10
152.003448
 20
88.726365
 10
151.560039
 20
88.626824
 10
151.080695
 20
88.603527
 10
150.066758
 20
88.635567
  0
LWPOLYLINE
  8
ENGRAVE_RED
 62
1
 90
33
 70
1
 10
158.121442
 20
88.983939
 10
158.347741
 20
89.993993
 10
158.616307
 20
91.647612
 10
158.748315
 20
92.807621
 10
158.768585
 20
93.801203
 10
158.669280
 20
94.828829
 10
158.442559
 20
96.090968
 10
158.225998
 20
97.060296
 10
157.985570
 20
97.976079
 10
157.750557
 20
98.735171
 10
157.550237
 20
99.234428
 10
157.298575
 20
99.852815
 10
157.256961
 20
100.075873
 10
157.283177
 20
100.199294
 10
157.333653
 20
100.212694
 10
157.398874
 20
100.171048
 10
157.566024
 20
99.941278
 10
157.769581
 20
99.547304
 10
157.994498
 20
99.026445
 10
158.448219
 20
97.753345
 10
158.806809
 20
96.420528
 10
158.972809
 20
95.383275
 10
159.061621
 20
94.237586
 10
159.078015
 20
93.048360
 10
159.026764
 20
91.880493
 10
158.912638
 20
90.798884
 10
158.740409
 20
89.868431
 10
158.514847
 20
89.154031
 10
158.383557
 20
88.898132
 10
158.240724
 20
88.720582
 10
158.105047
 20
88.616593
 10
158.041322
 20
88.622774
 10
158.047477
 20
88.743700
  0
LWPOLYLINE
  8
ENGRAVE_RED
 62
1
 90
64
 70
1
 10
139.647297
 20
94.756935
 10
139.650804
 20
95.299604
 10
139.689872
 20
95.856267
 10
139.868318
 20
96.996305
 10
140.169894
 20
98.146513
 10
140.581860
 20
99.276354
 10
141.091475
 20
100.355290
 10
141.685996
 20
101.352786
 10
142.352684
 20
102.238304
 10
142.709109
 20
102.629528
 10
143.078797
 20
102.981307
 10
143.604219
 20
103.404858
 10
144.175884
 20
103.793812
 10
144.788192
 20
104.147115
 10
145.435540
 20
104.463715
 10
146.112326
 20
104.742557
 10
146.812948
 20
104.982588
 10
147.531804
 20
105.182753
 10
148.263292
 20
105.341999
 10
149.001810
 20
105.459272
 10
149.741755
 20
105.533518
 10
150.477527
 20
105.563684
 10
151.203522
 20
105.548715
 10
151.914139
 20
105.487559
 10
152.603776
 20
105.379160
 10
153.266831
 20
105.222466
 10
153.897701
 20
105.016423
 10
154.519739
 20
104.761059
 10
155.029135
 20
104.512240
 10
155.373321
 20
104.298455
 10
155.467033
 20
104.213603
 10
155.499731
 20
104.148192
 10
155.475563
 20
104.107449
 10
155.406297
 20
104.093295
 10
155.151899
 20
104.139174
 10
154.775389
 20
104.274655
 10
154.315622
 20
104.488568
 10
153.621233
 20
104.788398
 10
152.871725
 20
105.011875
 10
152.076982
 20
105.161435
 10
151.246892
 20
105.239512
 10
150.391342
 20
105.248541
 10
149.520217
 20
105.190958
 10
148.643405
 20
105.069196
 10
147.770792
 20
104.885690
 10
146.912265
 20
104.642876
 10
146.077711
 20
104.343187
 10
145.277016
 20
103.989059
 10
144.520066
 20
103.582927
 10
143.816749
 20
103.127224
 10
143.176951
 20
102.624387
 10
142.610558
 20
102.076849
 10
142.127458
 20
101.487045
 10
141.751430
 20
100.927772
 10
141.418043
 20
100.352241
 10
141.122419
 20
99.747199
 10
140.859680
 20
99.099392
 10
140.624948
 20
98.395567
 10
140.413346
 20
97.622471
 10
140.040018
 20
95.815451
 10
139.871848
 20
94.917206
 10
139.753815
 20
94.450746
 10
139.711971
 20
94.375042
 10
139.680704
 20
94.402010
  0
LWPOLYLINE
  8
ENGRAVE_RED
 62
1
 90
14
 70
1
 10
169.151817
 20
97.176370
 10
169.246431
 20
97.340148
 10
169.497360
 20
97.585340
 10
170.270684
 20
98.181876
 10
171.076836
 20
98.689802
 10
171.368799
 20
98.824233
 10
171.520860
 20
98.832945
 10
171.521479
 20
98.788847
 10
171.472755
 20
98.712957
 10
171.245647
 20
98.482383
 10
170.401357
 20
97.822148
 10
169.518869
 20
97.269138
 10
169.250413
 20
97.154629
 10
169.177320
 20
97.147144
  0
LWPOLYLINE
  8
ENGRAVE_RED
 62
1
 90
27
 70
1
 10
113.079533
 20
78.423488
 10
114.378279
 20
78.624542
 10
115.739924
 20
78.746820
 10
117.225293
 20
78.793942
 10
118.895216
 20
78.769527
 10
120.761682
 20
78.717992
 10
121.699787
 20
78.741453
 10
121.889788
 20
78.790192
 10
121.930600
 20
78.868343
 10
121.849858
 20
78.979460
 10
121.675194
 20
79.127099
 10
121.338163
 20
79.335680
 10
120.911955
 20
79.506989
 10
120.406436
 20
79.641719
 10
119.831468
 20
79.740569
 10
119.196915
 20
79.804232
 10
118.512641
 20
79.833406
 10
117.034384
 20
79.791070
 10
115.475606
 20
79.619126
 10
113.915218
 20
79.323142
 10
113.159079
 20
79.130376
 10
112.432128
 20
78.908687
 10
111.744229
 20
78.658772
 10
111.105245
 20
78.381327
 10
110.232867
 20
77.937492
 10
110.078672
 20
77.833192
 10
110.154086
 20
77.831367
  0
LWPOLYLINE
  8
ENGRAVE_RED
 62
1
 90
17
 70
1
 10
146.738772
 20
78.685110
 10
147.900699
 20
79.136891
 10
148.094928
 20
79.240652
 10
147.977153
 20
79.238771
 10
145.260667
 20
78.766476
 10
144.476357
 20
78.622243
 10
143.834076
 20
78.469777
 10
143.400102
 20
78.327246
 10
143.281943
 20
78.265382
 10
143.240715
 20
78.212815
 10
143.258868
 20
78.138431
 10
143.312131
 20
78.079033
 10
143.516802
 20
78.004220
 10
143.840364
 20
77.986438
 10
144.268451
 20
78.023747
 10
144.786700
 20
78.114209
 10
145.380747
 20
78.255882
  0
LWPOLYLINE
  8
ENGRAVE_RED
 62
1
 90
88
 70
1
 10
219.515591
 20
79.099220
 10
220.807081
 20
80.026584
 10
221.287257
 20
80.417527
 10
221.567293
 20
80.690364
 10
221.670783
 20
80.852244
 10
221.661951
 20
80.881762
 10
221.613254
 20
80.877162
 10
221.397830
 20
80.766104
 10
221.027632
 20
80.520056
 10
220.333487
 20
80.106851
 10
220.088619
 20
80.014859
 10
219.958654
 20
80.021104
 10
219.961499
 20
80.117726
 10
220.078236
 20
80.271813
 10
220.288714
 20
80.462154
 10
220.572781
 20
80.667538
 10
220.923465
 20
80.939921
 10
221.307028
 20
81.308396
 10
222.074611
 20
82.205304
 10
222.409539
 20
82.669580
 10
222.679163
 20
83.101632
 10
222.858938
 20
83.469381
 10
222.924318
 20
83.740749
 10
222.895854
 20
83.796368
 10
222.813668
 20
83.801928
 10
222.507358
 20
83.673492
 10
222.043847
 20
83.376688
 10
221.461594
 20
82.932760
 10
220.477864
 20
82.202756
 10
219.461738
 20
81.585705
 10
218.400737
 20
81.074829
 10
217.282384
 20
80.663353
 10
217.064500
 20
80.571052
 10
216.913884
 20
80.459858
 10
216.829470
 20
80.339386
 10
216.810192
 20
80.219254
 10
216.854985
 20
80.109078
 10
216.962784
 20
80.018475
 10
217.132522
 20
79.957061
 10
217.363136
 20
79.934452
 10
217.739977
 20
79.983460
 10
218.192310
 20
80.121783
 10
218.696996
 20
80.336369
 10
219.230898
 20
80.614165
 10
219.770876
 20
80.942122
 10
220.293792
 20
81.307186
 10
220.776510
 20
81.696306
 10
221.195889
 20
82.096430
 10
221.886564
 20
82.739320
 10
222.129395
 20
82.902165
 10
222.257446
 20
82.923107
 10
222.292135
 20
82.813184
 10
222.236497
 20
82.655133
 10
222.100932
 20
82.456575
 10
221.895841
 20
82.225127
 10
221.318681
 20
81.694042
 10
220.588223
 20
81.122833
 10
219.787672
 20
80.572454
 10
219.000231
 20
80.103859
 10
218.309106
 20
79.778003
 10
218.025663
 20
79.687649
 10
217.797501
 20
79.655838
 10
217.634357
 20
79.633901
 10
217.479364
 20
79.574067
 10
217.225061
 20
79.376573
 10
217.141370
 20
79.256845
 10
217.097062
 20
79.135085
 10
217.099947
 20
79.020258
 10
217.157832
 20
78.921331
 10
217.304471
 20
78.913926
 10
217.600088
 20
78.997413
 10
218.466494
 20
79.377224
 10
219.332893
 20
79.757042
 10
219.628502
 20
79.840537
 10
219.775129
 20
79.833144
 10
219.770022
 20
79.787820
 10
219.700950
 20
79.712354
 10
219.395349
 20
79.487096
 10
218.285406
 20
78.851959
 10
217.613457
 20
78.484984
 10
217.216022
 20
78.219441
 10
217.120711
 20
78.125090
 10
217.094586
 20
78.056556
 10
217.137833
 20
78.013994
 10
217.250637
 20
77.997557
 10
217.613475
 20
78.080339
 10
218.161459
 20
78.315642
 10
218.820271
 20
78.667319
  0
LWPOLYLINE
  8
ENGRAVE_RED
 62
1
 90
505
 70
1
 10
176.777403
 20
78.889650
 10
176.878539
 20
79.291565
 10
176.925850
 20
79.591215
 10
176.901803
 20
79.797438
 10
176.788860
 20
79.919075
 10
176.569486
 20
79.964968
 10
176.226145
 20
79.943955
 10
175.097419
 20
79.736576
 10
174.196261
 20
79.577245
 10
173.538866
 20
79.511335
 10
173.128756
 20
79.526541
 10
173.017534
 20
79.560717
 10
172.969454
 20
79.610556
 10
172.984957
 20
79.674521
 10
173.064482
 20
79.751074
 10
173.417364
 20
79.935789
 10
174.031621
 20
80.152394
 10
174.910777
 20
80.388585
 10
177.092316
 20
80.909601
 10
177.241389
 20
82.024057
 10
177.410016
 20
82.913446
 10
177.510610
 20
83.263618
 10
177.606100
 20
83.486781
 10
177.765354
 20
83.670384
 10
177.967765
 20
83.781372
 10
178.209354
 20
83.820650
 10
178.486141
 20
83.789124
 10
178.794145
 20
83.687698
 10
179.129386
 20
83.517276
 10
179.487883
 20
83.278765
 10
179.865657
 20
82.973069
 10
180.847397
 20
82.111089
 10
182.645362
 20
83.837585
 10
183.447000
 20
84.674740
 10
184.194725
 20
85.590403
 10
184.880651
 20
86.570265
 10
185.496888
 20
87.600017
 10
186.035551
 20
88.665349
 10
186.488750
 20
89.751952
 10
186.848599
 20
90.845518
 10
187.107209
 20
91.931737
 10
187.391640
 20
93.254096
 10
187.617056
 20
93.964111
 10
187.702017
 20
94.077914
 10
187.736578
 20
94.072488
 10
187.765484
 20
94.024738
 10
187.805212
 20
93.799954
 10
187.818954
 20
93.398930
 10
187.770793
 20
92.751517
 10
187.635984
 20
91.950658
 10
187.429039
 20
91.045264
 10
187.164471
 20
90.084250
 10
186.856791
 20
89.116528
 10
186.520513
 20
88.191010
 10
186.170147
 20
87.356610
 10
185.820207
 20
86.662240
 10
185.329432
 20
85.906273
 10
184.652900
 20
85.011078
 10
183.879878
 20
84.088593
 10
183.099637
 20
83.250757
 10
182.126818
 20
82.243976
 10
181.817611
 20
81.885287
 10
181.609265
 20
81.595064
 10
181.488825
 20
81.352306
 10
181.443337
 20
81.136012
 10
181.459845
 20
80.925183
 10
181.525395
 20
80.698815
 10
181.693411
 20
80.354971
 10
181.930183
 20
80.116265
 10
182.264817
 20
79.962720
 10
182.726416
 20
79.874356
 10
183.105133
 20
79.849147
 10
183.436127
 20
79.862250
 10
183.683763
 20
79.909923
 10
183.812407
 20
79.988425
 10
183.843033
 20
80.075648
 10
183.823789
 20
80.147077
 10
183.759799
 20
80.195341
 10
183.656188
 20
80.213066
 10
183.541623
 20
80.235824
 10
183.447804
 20
80.297789
 10
183.384412
 20
80.389497
 10
183.361130
 20
80.501484
 10
183.393095
 20
80.613316
 10
183.491279
 20
80.650593
 10
183.659117
 20
80.613316
 10
183.900042
 20
80.501484
 10
184.160202
 20
80.390488
 10
184.470176
 20
80.301480
 10
184.791110
 20
80.243511
 10
185.084152
 20
80.225633
 10
185.408877
 20
80.243186
 10
185.482214
 20
80.263724
 10
185.494030
 20
80.296574
 10
185.326582
 20
80.412619
 10
184.893507
 20
80.618145
 10
184.455230
 20
80.829244
 10
184.371050
 20
80.891260
 10
184.386520
 20
80.927777
 10
184.745438
 20
80.934876
 10
185.590042
 20
80.871675
 10
186.461368
 20
80.805546
 10
186.824626
 20
80.815317
 10
186.836013
 20
80.857528
 10
186.744725
 20
80.929349
 10
186.286577
 20
81.176003
 10
185.450735
 20
81.606749
 10
186.473812
 20
81.458587
 10
186.882174
 20
81.419054
 10
187.237762
 20
81.420940
 10
187.502380
 20
81.461623
 10
187.637835
 20
81.538483
 10
187.637412
 20
81.631597
 10
187.532067
 20
81.716540
 10
187.340109
 20
81.783929
 10
187.079847
 20
81.824384
 10
186.458860
 20
81.936515
 10
185.947336
 20
82.124872
 10
185.875187
 20
82.176473
 10
185.860843
 20
82.217531
 10
185.999863
 20
82.267376
 10
186.352979
 20
82.273119
 10
186.908772
 20
82.233468
 10
187.504708
 20
82.198943
 10
187.981824
 20
82.218411
 10
188.319153
 20
82.289544
 10
188.495731
 20
82.410010
 10
188.523602
 20
82.482982
 10
188.512132
 20
82.547826
 10
188.371830
 20
82.652862
 10
188.076156
 20
82.724579
 10
187.626438
 20
82.762440
 10
186.565191
 20
82.804284
 10
187.818954
 20
82.999206
 10
189.072717
 20
83.194129
 10
188.027915
 20
83.235973
 10
187.622238
 20
83.268868
 10
187.290023
 20
83.327499
 10
187.065554
 20
83.403571
 10
186.983112
 20
83.488789
 10
187.008702
 20
83.529133
 10
187.082042
 20
83.562835
 10
187.351405
 20
83.608493
 10
187.750063
 20
83.622111
 10
188.236875
 20
83.600040
 10
188.791435
 20
83.576465
 10
189.182565
 20
83.607672
 10
189.414291
 20
83.694422
 10
189.471635
 20
83.758863
 10
189.490638
 20
83.837475
 10
189.429891
 20
83.975133
 10
189.251030
 20
84.059918
 10
188.959126
 20
84.090585
 10
188.559252
 20
84.065892
 10
188.160817
 20
84.049573
 10
187.795221
 20
84.090839
 10
187.493838
 20
84.183396
 10
187.288038
 20
84.320948
 10
187.159738
 20
84.517295
 10
187.157107
 20
84.603677
 10
187.199224
 20
84.686928
 10
187.428896
 20
84.858220
 10
187.871154
 20
85.059542
 10
189.212024
 20
85.612371
 10
189.268671
 20
85.645306
 10
189.268736
 20
85.670569
 10
189.114208
 20
85.697426
 10
188.292163
 20
85.651925
 10
187.756756
 20
85.613098
 10
187.389359
 20
85.622381
 10
187.188401
 20
85.675910
 10
187.149847
 20
85.718060
 10
187.152315
 20
85.769823
 10
187.279531
 20
85.900260
 10
187.568481
 20
86.063357
 10
188.017596
 20
86.255253
 10
188.625307
 20
86.472086
 10
189.161373
 20
86.665225
 10
189.609701
 20
86.865398
 10
189.984849
 20
87.086450
 10
190.301373
 20
87.342224
 10
190.573831
 20
87.646563
 10
190.816780
 20
88.013311
 10
191.044775
 20
88.456311
 10
191.272375
 20
88.989407
 10
191.716535
 20
90.103864
 10
191.153848
 20
89.437512
 10
190.719839
 20
89.003515
 10
190.559317
 20
88.899985
 10
190.466522
 20
88.895802
 10
190.487350
 20
89.028176
 10
190.636198
 20
89.296464
 10
191.219165
 20
90.084736
 10
191.562697
 20
90.537354
 10
191.849543
 20
90.982968
 10
192.049709
 20
91.370284
 10
192.133205
 20
91.648007
 10
192.179178
 20
91.882055
 10
192.277163
 20
92.150460
 10
192.412779
 20
92.420086
 10
192.571639
 20
92.657800
 10
192.676059
 20
92.825434
 10
192.664618
 20
92.853512
 10
192.611652
 20
92.844764
 10
192.383869
 20
92.717796
 10
191.998164
 20
92.446541
 10
191.566392
 20
92.085758
 10
191.111635
 20
91.637210
 10
190.687989
 20
91.158031
 10
190.349550
 20
90.705351
 10
189.840642
 20
90.018877
 10
189.659937
 20
89.835942
 10
189.562817
 20
89.799507
 10
189.530110
 20
89.862585
 10
189.526554
 20
89.953786
 10
189.598477
 20
90.208150
 10
189.761753
 20
90.537795
 10
189.999550
 20
90.917915
 10
190.631376
 20
91.730350
 10
190.991741
 20
92.113055
 10
191.359297
 20
92.447008
 10
191.978649
 20
92.987711
 10
192.133131
 20
93.154586
 10
192.184133
 20
93.254071
 10
192.131639
 20
93.287364
 10
191.975638
 20
93.255661
 10
191.353057
 20
93.002053
 10
191.031041
 20
92.786220
 10
190.650520
 20
92.424661
 10
190.259039
 20
91.967781
 10
189.904139
 20
91.465982
 10
189.377498
 20
90.715502
 10
189.182192
 20
90.496683
 10
189.042973
 20
90.387412
 10
188.967900
 20
90.391638
 10
188.965031
 20
90.513312
 10
189.042424
 20
90.756384
 10
189.208138
 20
91.124804
 10
189.376030
 20
91.476034
 10
189.404195
 20
91.588015
 10
188.958294
 20
91.079013
 10
188.695502
 20
90.782110
 10
188.517845
 20
90.642624
 10
188.458163
 20
90.630662
 10
188.416430
 20
90.656555
 10
188.382367
 20
90.819902
 10
188.461586
 20
91.085100
 10
188.681848
 20
91.483816
 10
189.009417
 20
91.962045
 10
189.410560
 20
92.465779
 10
189.971281
 20
93.170550
 10
190.156675
 20
93.471867
 10
190.291326
 20
93.773915
 10
190.384657
 20
94.102773
 10
190.446093
 20
94.484524
 10
190.510978
 20
95.511030
 10
190.577004
 20
97.347828
 10
190.307299
 20
95.833541
 10
190.047871
 20
94.578515
 10
189.956941
 20
94.306265
 10
189.921725
 20
94.258075
 10
189.893553
 20
94.268173
 10
189.858974
 20
94.462224
 10
189.854467
 20
94.886404
 10
189.940730
 20
96.417098
 10
189.994030
 20
97.406976
 10
189.996086
 20
98.259181
 10
189.948972
 20
98.904750
 10
189.854764
 20
99.274719
 10
189.728702
 20
99.417389
 10
189.681611
 20
99.392394
 10
189.644224
 20
99.299580
 10
189.595788
 20
98.899702
 10
189.577850
 20
98.196167
 10
189.524981
 20
97.048240
 10
189.472253
 20
96.662394
 10
189.409370
 20
96.477165
 10
189.258012
 20
96.375622
 10
189.116706
 20
96.377052
 10
188.988575
 20
96.474499
 10
188.876740
 20
96.661007
 10
188.784322
 20
96.929621
 10
188.714445
 20
97.273384
 10
188.654796
 20
98.158537
 10
188.634803
 20
98.750827
 10
188.578454
 20
99.329519
 10
188.491195
 20
99.874462
 10
188.378474
 20
100.365507
 10
188.245737
 20
100.782506
 10
188.098430
 20
101.105309
 10
187.942001
 20
101.313767
 10
187.781896
 20
101.387731
 10
187.697802
 20
101.347947
 10
187.674724
 20
101.236730
 10
187.712045
 20
101.066286
 10
187.809148
 20
100.848819
 10
187.918141
 20
100.566676
 10
188.001698
 20
100.196845
 10
188.051598
 20
99.787319
 10
188.059625
 20
99.386095
 10
188.006047
 20
98.783128
 10
187.964397
 20
98.853072
 10
187.904788
 20
99.158819
 10
187.699871
 20
100.106673
 10
187.447428
 20
100.892155
 10
187.191821
 20
101.402144
 10
187.076696
 20
101.518479
 10
186.977415
 20
101.523520
 10
186.916114
 20
101.390311
 10
186.926180
 20
101.136990
 10
187.002303
 20
100.799916
 10
187.139177
 20
100.415446
 10
187.293738
 20
99.902919
 10
187.413065
 20
99.226246
 10
187.486281
 20
98.466572
 10
187.502507
 20
97.705046
 10
187.464679
 20
95.954758
 10
187.255112
 20
97.943667
 10
187.139555
 20
98.849343
 10
187.006905
 20
99.590056
 10
186.867969
 20
100.145580
 10
186.733549
 20
100.495688
 10
186.671410
 20
100.587390
 10
186.614453
 20
100.620154
 10
186.564027
 20
100.591450
 10
186.521483
 20
100.498751
 10
186.465446
 20
100.111253
 10
186.457147
 20
99.437433
 10
186.462884
 20
98.168526
 10
186.409974
 20
97.523745
 10
186.363015
 20
97.441426
 10
186.303181
 20
97.522367
 10
186.147270
 20
98.183670
 10
185.947730
 20
99.298126
 10
185.871515
 20
97.765749
 10
185.824469
 20
96.947806
 10
185.775915
 20
96.610083
 10
185.744492
 20
96.608275
 10
185.704794
 20
96.710887
 10
185.590042
 20
97.208521
 10
185.384782
 20
98.183670
 10
185.338233
 20
96.929907
 10
185.304492
 20
96.226443
 10
185.245525
 20
95.932163
 10
185.194206
 20
95.922961
 10
185.121730
 20
95.997448
 10
184.893507
 20
96.372679
 10
184.702880
 20
96.681369
 10
184.578590
 20
96.815495
 10
184.537918
 20
96.818845
 10
184.509746
 20
96.780654
 10
184.485460
 20
96.582443
 10
184.558573
 20
96.308269
 10
184.764938
 20
95.921595
 10
185.072883
 20
95.473808
 10
185.450735
 20
95.016299
 10
185.774574
 20
94.631753
 10
186.037730
 20
94.266239
 10
186.236720
 20
93.929694
 10
186.368062
 20
93.632055
 10
186.428271
 20
93.383261
 10
186.413865
 20
93.193247
 10
186.321359
 20
93.071951
 10
186.147270
 20
93.029311
 10
186.039090
 20
93.046630
 10
185.950499
 20
93.093785
 10
185.890641
 20
93.163575
 10
185.868656
 20
93.248798
 10
185.801671
 20
93.410134
 10
185.619284
 20
93.687167
 10
185.019731
 20
94.432907
 10
184.170803
 20
95.397530
 10
184.921195
 20
94.207758
 10
185.408406
 20
93.324728
 10
185.523346
 20
93.022836
 10
185.526045
 20
92.872446
 10
185.485132
 20
92.863003
 10
185.424388
 20
92.892455
 10
185.255184
 20
93.054524
 10
184.808336
 20
93.696661
 10
184.513178
 20
94.110937
 10
184.132495
 20
94.522041
 10
183.715417
 20
94.882461
 10
183.311073
 20
95.144682
 10
182.806936
 20
95.398937
 10
182.578438
 20
95.483662
 10
182.554628
 20
95.462445
 10
182.584216
 20
95.398839
 10
182.782905
 20
95.144450
 10
182.975675
 20
94.889737
 10
183.006870
 20
94.813623
 10
182.989740
 20
94.768110
 10
182.795906
 20
94.758210
 10
182.364984
 20
94.838680
 10
181.912363
 20
94.930101
 10
181.743037
 20
94.937913
 10
181.841890
 20
94.843552
 10
182.193805
 20
94.628454
 10
182.501505
 20
94.408654
 10
182.806222
 20
94.124288
 10
183.096144
 20
93.793070
 10
183.359458
 20
93.432712
 10
183.584352
 20
93.060928
 10
183.759016
 20
92.695433
 10
183.871637
 20
92.353940
 10
183.910403
 20
92.054162
 10
183.872746
 20
91.898678
 10
183.828251
 20
91.899675
 10
183.767633
 20
91.952049
 10
183.600979
 20
92.207578
 10
183.378698
 20
92.658566
 10
183.128001
 20
93.134174
 10
182.835302
 20
93.570431
 10
182.536995
 20
93.919005
 10
182.269477
 20
94.131563
 10
181.946994
 20
94.289270
 10
181.867949
 20
94.298433
 10
181.844393
 20
94.247843
 10
181.965825
 20
93.927523
 10
182.315443
 20
93.248548
 10
182.626782
 20
92.556334
 10
182.818883
 20
91.830958
 10
182.916205
 20
90.935425
 10
182.943209
 20
89.732742
 10
182.926140
 20
88.397264
 10
182.889878
 20
87.953177
 10
182.821865
 20
87.612494
 10
182.712153
 20
87.340941
 10
182.550790
 20
87.104245
 10
182.033317
 20
86.598333
 10
181.603066
 20
86.239661
 10
181.232774
 20
85.984294
 10
180.925390
 20
85.832195
 10
180.683862
 20
85.783323
 10
180.511139
 20
85.837642
 10
180.410168
 20
85.995111
 10
180.383899
 20
86.255692
 10
180.435280
 20
86.619345
 10
180.491375
 20
87.013369
 10
180.472708
 20
87.349340
 10
180.378522
 20
87.631417
 10
180.208056
 20
87.863757
 10
179.985570
 20
88.049087
 10
179.904105
 20
88.071158
 10
179.836556
 20
88.040592
 10
179.725396
 20
87.804831
 10
179.616468
 20
87.308364
 10
179.503542
 20
86.859706
 10
179.354725
 20
86.560797
 10
179.157057
 20
86.394221
 10
178.897577
 20
86.342566
 10
178.628246
 20
86.367869
 10
178.548793
 20
86.406761
 10
178.503746
 20
86.469599
 10
178.509664
 20
86.686480
 10
178.631588
 20
87.057240
 10
178.817027
 20
87.699874
 10
178.881311
 20
88.241349
 10
178.851688
 20
88.373319
 10
178.786785
 20
88.363206
 10
178.693686
 20
88.217977
 10
178.579479
 20
87.944596
 10
178.449897
 20
87.647099
 10
178.303942
 20
87.403475
 10
178.159496
 20
87.238865
 10
178.034443
 20
87.178408
 10
177.950627
 20
87.220982
 10
177.930222
 20
87.339662
 10
177.972249
 20
87.520883
 10
178.075730
 20
87.751081
 10
178.184875
 20
87.999701
 10
178.255486
 20
88.253298
 10
178.281606
 20
88.482161
 10
178.257279
 20
88.656577
 10
178.202995
 20
88.771531
 10
178.146442
 20
88.811067
 10
178.081048
 20
88.759449
 10
178.000241
 20
88.600941
 10
177.766101
 20
87.900304
 10
177.391448
 20
86.583265
 10
177.111907
 20
85.782996
 10
176.726709
 20
85.009567
 10
176.240241
 20
84.267749
 10
175.656887
 20
83.562310
 10
174.981033
 20
82.898022
 10
174.217063
 20
82.279654
 10
173.369363
 20
81.711976
 10
172.442318
 20
81.199758
 10
171.635497
 20
80.816641
 10
170.896693
 20
80.502901
 10
170.307679
 20
80.290915
 10
169.950226
 20
80.213058
 10
169.748399
 20
80.195165
 10
169.583121
 20
80.146447
 10
169.471446
 20
80.074344
 10
169.430431
 20
79.986298
 10
169.500091
 20
79.926262
 10
169.699739
 20
79.842253
 10
170.433006
 20
79.617679
 10
171.518240
 20
79.343303
 10
172.843452
 20
79.049853
 10
176.432938
 20
78.301464
 10
176.514712
 20
78.335907
 10
176.606916
 20
78.458281
 10
176.777403
 20
78.889641
  0
LWPOLYLINE
  8
ENGRAVE_RED
 62
1
 90
10
 70
1
 10
190.666799
 20
90.846208
 10
190.762544
 20
91.006031
 10
190.943295
 20
91.201366
 10
191.456205
 20
91.599679
 10
192.137471
 20
92.028724
 10
191.462024
 20
91.275256
 10
191.006156
 20
90.793065
 10
190.726972
 20
90.563690
 10
190.651147
 20
90.542467
 10
190.616506
 20
90.582836
  0
LWPOLYLINE
  8
ENGRAVE_RED
 62
1
 90
14
 70
1
 10
183.417875
 20
94.156438
 10
183.293412
 20
94.386931
 10
183.243212
 20
94.557966
 10
183.267753
 20
94.664377
 10
183.367512
 20
94.700995
 10
183.493024
 20
94.667070
 10
183.620591
 20
94.574701
 10
183.735296
 20
94.437995
 10
183.822216
 20
94.271059
 10
183.918885
 20
93.890910
 10
183.905838
 20
93.785323
 10
183.858240
 20
93.737867
 10
183.780867
 20
93.749896
 10
183.678498
 20
93.822765
  0
LWPOLYLINE
  8
ENGRAVE_RED
 62
1
 90
14
 70
1
 10
193.530541
 20
78.950666
 10
192.858385
 20
79.434541
 10
192.590219
 20
79.581737
 10
192.416085
 20
79.635799
 10
192.377177
 20
79.621815
 10
192.373858
 20
79.581737
 10
192.464843
 20
79.434541
 10
192.973313
 20
78.950666
 10
193.645469
 20
78.466794
 10
193.913635
 20
78.319598
 10
194.087769
 20
78.265537
 10
194.126677
 20
78.279521
 10
194.129997
 20
78.319598
 10
194.039012
 20
78.466794
  0
LWPOLYLINE
  8
ENGRAVE_RED
 62
1
 90
16
 70
1
 10
148.226257
 20
79.813702
 10
148.238845
 20
79.844591
 10
148.209365
 20
79.866931
 10
148.038574
 20
79.885860
 10
147.350272
 20
79.820000
 10
145.340095
 20
79.505747
 10
144.615692
 20
79.330801
 10
144.362168
 20
79.223931
 10
144.229676
 20
79.120963
 10
144.245402
 20
79.083398
 10
144.344610
 20
79.065675
 10
144.748667
 20
79.081990
 10
146.065694
 20
79.267299
 10
147.463857
 20
79.552626
 10
147.969334
 20
79.693964
 10
148.226257
 20
79.813708
  0
LWPOLYLINE
  8
ENGRAVE_RED
 62
1
 90
8
 70
1
 10
149.091609
 20
79.516531
 10
149.050688
 20
79.614917
 10
148.952302
 20
79.655838
 10
148.853917
 20
79.614917
 10
148.812995
 20
79.516531
 10
148.853917
 20
79.418146
 10
148.952302
 20
79.377224
 10
149.050688
 20
79.418146
  0
LWPOLYLINE
  8
ENGRAVE_RED
 62
1
 90
12
 70
1
 10
148.998738
 20
80.120195
 10
148.911961
 20
80.177659
 10
148.812995
 20
80.196814
 10
148.714029
 20
80.177659
 10
148.627253
 20
80.120195
 10
148.584445
 20
80.048075
 10
148.605196
 20
79.989014
 10
148.683411
 20
79.949109
 10
148.812995
 20
79.934452
 10
148.942580
 20
79.949109
 10
149.020795
 20
79.989014
 10
149.041546
 20
80.048075
  0
LWPOLYLINE
  8
ENGRAVE_RED
 62
1
 90
8
 70
1
 10
149.927451
 20
80.352373
 10
149.886530
 20
80.450759
 10
149.788144
 20
80.491680
 10
149.689759
 20
80.450759
 10
149.648837
 20
80.352373
 10
149.689759
 20
80.253988
 10
149.788144
 20
80.213066
 10
149.886530
 20
80.253988
  0
LWPOLYLINE
  8
ENGRAVE_RED
 62
1
 90
8
 70
1
 10
151.320521
 20
80.352373
 10
151.279600
 20
80.450759
 10
151.181214
 20
80.491680
 10
151.082829
 20
80.450759
 10
151.041907
 20
80.352373
 10
151.082829
 20
80.253988
 10
151.181214
 20
80.213066
 10
151.279600
 20
80.253988
  0
LWPOLYLINE
  8
ENGRAVE_RED
 62
1
 90
8
 70
1
 10
156.892801
 20
80.352373
 10
156.851880
 20
80.450759
 10
156.753494
 20
80.491680
 10
156.655108
 20
80.450759
 10
156.614187
 20
80.352373
 10
156.655108
 20
80.253988
 10
156.753494
 20
80.213066
 10
156.851880
 20
80.253988
  0
LWPOLYLINE
  8
ENGRAVE_RED
 62
1
 90
166
 70
1
 10
168.433463
 20
80.603915
 10
168.890584
 20
80.840251
 10
169.443719
 20
81.194814
 10
170.023123
 20
81.619609
 10
170.559050
 20
82.066639
 10
171.045124
 20
82.484076
 10
171.358023
 20
82.706476
 10
171.447398
 20
82.743359
 10
171.490917
 20
82.730070
 10
171.436974
 20
82.551088
 10
171.257979
 20
82.285156
 10
171.001428
 20
81.995326
 10
170.701587
 20
81.716611
 10
170.392720
 20
81.484025
 10
170.007785
 20
81.210359
 10
169.804150
 20
81.017466
 10
169.770009
 20
80.904917
 10
169.893554
 20
80.872286
 10
170.162978
 20
80.919146
 10
170.566473
 20
81.045067
 10
171.728451
 20
81.532388
 10
172.556292
 20
81.949400
 10
173.305980
 20
82.389771
 10
173.979926
 20
82.855670
 10
174.580541
 20
83.349266
 10
175.110235
 20
83.872729
 10
175.571419
 20
84.428228
 10
175.966504
 20
85.017932
 10
176.297900
 20
85.644011
 10
176.690527
 20
86.622957
 10
176.813543
 20
87.061729
 10
176.888454
 20
87.472631
 10
176.915829
 20
87.860112
 10
176.896240
 20
88.228621
 10
176.830256
 20
88.582606
 10
176.718447
 20
88.926516
 10
176.606624
 20
89.137708
 10
176.552762
 20
89.170049
 10
176.496440
 20
89.150533
 10
176.364946
 20
88.946870
 10
176.189188
 20
88.508595
 10
176.021796
 20
88.034295
 10
175.975256
 20
87.830758
 10
175.998878
 20
87.822806
 10
176.054600
 20
87.873281
 10
176.264861
 20
88.137162
 10
176.451181
 20
88.360854
 10
176.577582
 20
88.457518
 10
176.648939
 20
88.428831
 10
176.670128
 20
88.276469
 10
176.602327
 20
87.858363
 10
176.524174
 20
87.685284
 10
176.419120
 20
87.539100
 10
176.289115
 20
87.421994
 10
176.136110
 20
87.336152
 10
175.962054
 20
87.283757
 10
175.768899
 20
87.266992
 10
175.435197
 20
87.273717
 10
175.353372
 20
87.309259
 10
175.329496
 20
87.392985
 10
175.459380
 20
87.785186
 10
175.832435
 20
88.610713
 10
176.045353
 20
89.126264
 10
176.217685
 20
89.632165
 10
176.331790
 20
90.070282
 10
176.370029
 20
90.382478
 10
176.334625
 20
90.525453
 10
176.246644
 20
90.473022
 10
176.115606
 20
90.237695
 10
175.951028
 20
89.831980
 10
175.572879
 20
88.965830
 10
175.386422
 20
88.637111
 10
175.233119
 20
88.438910
 10
175.100324
 20
88.337391
 10
175.040400
 20
88.345913
 10
175.051711
 20
88.468905
 10
175.132620
 20
88.710793
 10
175.399978
 20
89.469095
 10
175.502912
 20
89.938197
 10
175.493891
 20
90.082609
 10
175.445167
 20
90.176693
 10
175.357208
 20
90.227772
 10
175.230483
 20
90.243171
 10
175.048908
 20
90.164580
 10
174.846108
 20
89.950594
 10
174.646843
 20
89.633895
 10
174.475875
 20
89.247164
 10
174.294573
 20
88.788656
 10
174.150539
 20
88.504157
 10
174.047650
 20
88.382189
 10
174.012848
 20
88.378567
 10
173.989786
 20
88.411273
 10
173.980826
 20
88.579931
 10
174.024649
 20
88.876685
 10
174.286159
 20
89.808568
 10
174.589712
 20
90.859938
 10
174.677588
 20
91.289006
 10
174.704559
 20
91.576325
 10
174.690300
 20
91.641958
 10
174.657015
 20
91.644511
 10
174.541997
 20
91.476935
 10
174.178585
 20
90.566970
 10
173.723625
 20
89.421524
 10
173.509512
 20
88.999052
 10
173.340955
 20
88.755978
 10
173.283418
 20
88.714490
 10
173.248537
 20
88.722779
 10
173.244520
 20
88.875119
 10
173.324452
 20
89.185857
 10
173.483884
 20
89.627849
 10
173.654333
 20
90.105749
 10
173.767937
 20
90.523087
 10
173.814814
 20
90.834955
 10
173.785080
 20
90.996445
 10
173.743579
 20
91.011779
 10
173.691787
 20
90.988576
 10
173.565602
 20
90.839314
 10
173.423075
 20
90.574181
 10
173.280754
 20
90.218697
 10
172.838245
 20
89.090439
 10
172.310695
 20
87.994814
 10
171.703826
 20
86.939658
 10
171.023358
 20
85.932810
 10
170.275011
 20
84.982105
 10
169.464504
 20
84.095381
 10
168.597559
 20
83.280476
 10
167.679896
 20
82.545225
 10
167.066232
 20
82.072414
 10
166.618153
 20
81.685223
 10
166.378042
 20
81.423607
 10
166.349218
 20
81.352376
 10
166.388279
 20
81.327522
 10
166.497266
 20
81.297984
 10
166.501567
 20
81.214665
 10
166.404646
 20
81.085509
 10
166.209966
 20
80.918462
 10
165.935783
 20
80.694543
 10
165.820977
 20
80.560184
 10
165.821121
 20
80.525889
 10
165.858445
 20
80.513143
 10
166.041082
 20
80.551177
 10
166.813450
 20
80.873500
 10
168.081248
 20
81.509211
 10
169.020862
 20
82.058415
 10
169.912250
 20
82.692529
 10
170.751578
 20
83.408563
 10
171.535011
 20
84.203524
 10
172.606676
 20
85.311015
 10
172.932680
 20
85.588200
 10
173.021442
 20
85.637331
 10
173.052413
 20
85.619081
 10
173.022873
 20
85.478641
 10
172.937673
 20
85.299559
 10
172.620811
 20
84.845216
 10
172.142859
 20
84.295549
 10
171.544850
 20
83.690056
 10
170.867818
 20
83.068233
 10
170.152796
 20
82.469578
 10
169.440816
 20
81.933588
 10
168.772913
 20
81.499761
 10
167.466345
 20
80.705800
 10
166.922905
 20
80.315652
 10
166.950404
 20
80.252968
 10
167.030674
 20
80.219764
 10
167.336170
 20
80.239245
 10
167.812672
 20
80.368995
  0
LWPOLYLINE
  8
ENGRAVE_RED
 62
1
 90
16
 70
1
 10
167.034316
 20
81.692176
 10
167.907407
 20
82.328781
 10
169.263227
 20
83.393297
 10
170.019542
 20
83.990024
 10
170.402992
 20
84.257620
 10
170.460804
 20
84.271086
 10
170.432494
 20
84.205980
 10
170.126966
 20
83.844994
 10
169.245662
 20
82.986403
 10
168.252924
 20
82.172932
 10
167.368327
 20
81.570221
 10
167.035199
 20
81.399662
 10
166.811448
 20
81.343908
 10
166.734221
 20
81.376452
 10
166.750499
 20
81.452965
 10
166.852968
 20
81.562017
  0
LWPOLYLINE
  8
ENGRAVE_RED
 62
1
 90
12
 70
1
 10
150.670422
 20
80.677423
 10
150.583645
 20
80.734887
 10
150.484679
 20
80.754042
 10
150.385713
 20
80.734887
 10
150.298936
 20
80.677423
 10
150.256129
 20
80.605303
 10
150.276880
 20
80.546242
 10
150.355095
 20
80.506337
 10
150.484679
 20
80.491680
 10
150.614264
 20
80.506337
 10
150.692479
 20
80.546242
 10
150.713230
 20
80.605303
  0
LWPOLYLINE
  8
ENGRAVE_RED
 62
1
 90
8
 70
1
 10
151.877749
 20
80.630987
 10
151.836828
 20
80.729373
 10
151.738442
 20
80.770294
 10
151.640057
 20
80.729373
 10
151.599135
 20
80.630987
 10
151.640057
 20
80.532602
 10
151.738442
 20
80.491680
 10
151.836828
 20
80.532602
  0
LWPOLYLINE
  8
ENGRAVE_RED
 62
1
 90
19
 70
1
 10
161.657089
 20
81.361429
 10
162.843503
 20
82.283939
 10
164.030706
 20
83.336578
 10
165.011543
 20
84.324382
 10
165.359837
 20
84.733044
 10
165.578856
 20
85.052385
 10
165.601664
 20
85.124256
 10
165.556453
 20
85.128001
 10
165.284950
 20
84.948889
 10
164.178447
 20
83.968716
 10
162.601451
 20
82.560525
 10
161.820668
 20
81.918106
 10
161.176369
 20
81.427963
 10
160.330278
 20
80.766713
 10
160.138243
 20
80.565559
 10
160.114779
 20
80.510790
 10
160.145323
 20
80.491680
 10
160.353047
 20
80.560309
 10
160.707319
 20
80.747170
  0
LWPOLYLINE
  8
ENGRAVE_RED
 62
1
 90
10
 70
1
 10
165.111914
 20
80.770294
 10
165.192603
 20
80.967066
 10
165.185302
 20
81.026924
 10
165.144799
 20
81.048908
 10
164.995832
 20
80.967066
 10
164.833300
 20
80.770294
 10
164.752611
 20
80.573523
 10
164.759911
 20
80.513665
 10
164.800415
 20
80.491680
 10
164.949382
 20
80.573523
  0
LWPOLYLINE
  8
ENGRAVE_RED
 62
1
 90
15
 70
1
 10
208.604557
 20
80.979255
 10
208.665871
 20
81.528212
 10
208.800695
 20
82.163364
 10
208.851455
 20
82.396009
 10
208.848755
 20
82.439480
 10
208.827713
 20
82.434745
 10
208.565806
 20
81.939159
 10
208.414767
 20
81.560869
 10
208.315532
 20
81.211519
 10
208.276609
 20
80.929961
 10
208.306506
 20
80.755049
 10
208.449046
 20
80.554443
 10
208.499584
 20
80.515503
 10
208.538289
 20
80.518965
 10
208.586153
 20
80.657580
  0
LWPOLYLINE
  8
ENGRAVE_RED
 62
1
 90
8
 70
1
 10
151.320521
 20
80.909601
 10
151.279600
 20
81.007987
 10
151.181214
 20
81.048908
 10
151.082829
 20
81.007987
 10
151.041907
 20
80.909601
 10
151.082829
 20
80.811216
 10
151.181214
 20
80.770294
 10
151.279600
 20
80.811216
  0
LWPOLYLINE
  8
ENGRAVE_RED
 62
1
 90
8
 70
1
 10
152.713591
 20
80.909601
 10
152.672670
 20
81.007987
 10
152.574284
 20
81.048908
 10
152.475899
 20
81.007987
 10
152.434977
 20
80.909601
 10
152.475899
 20
80.811216
 10
152.574284
 20
80.770294
 10
152.672670
 20
80.811216
  0
LWPOLYLINE
  8
ENGRAVE_RED
 62
1
 90
20
 70
1
 10
209.583954
 20
81.397176
 10
209.503096
 20
81.673559
 10
209.454226
 20
81.962675
 10
209.441161
 20
82.230243
 10
209.467714
 20
82.441978
 10
209.513688
 20
82.632551
 10
209.505953
 20
82.693151
 10
209.301771
 20
82.420937
 10
209.209770
 20
82.212791
 10
209.161148
 20
81.961393
 10
209.152264
 20
81.688628
 10
209.179476
 20
81.416383
 10
209.239142
 20
81.166540
 10
209.327620
 20
80.960985
 10
209.441269
 20
80.821604
 10
209.576446
 20
80.770280
 10
209.651048
 20
80.819745
 10
209.677332
 20
80.954426
 10
209.655052
 20
81.153755
 10
209.583963
 20
81.397161
  0
LWPOLYLINE
  8
ENGRAVE_RED
 62
1
 90
21
 70
1
 10
218.994560
 20
81.754109
 10
220.012168
 20
82.292350
 10
220.287455
 20
82.490358
 10
220.347292
 20
82.559386
 10
220.347858
 20
82.603783
 10
220.205173
 20
82.616719
 10
219.927501
 20
82.541116
 10
219.127381
 20
82.179922
 10
218.661914
 20
81.957131
 10
218.185943
 20
81.774686
 10
217.755300
 20
81.651412
 10
217.425818
 20
81.606136
 10
217.180809
 20
81.584152
 10
216.980168
 20
81.524294
 10
216.844600
 20
81.435703
 10
216.794810
 20
81.327522
 10
216.822926
 20
81.188701
 10
216.910849
 20
81.102699
 10
217.063940
 20
81.070556
 10
217.287560
 20
81.093311
 10
217.967833
 20
81.307675
  0
LWPOLYLINE
  8
ENGRAVE_RED
 62
1
 90
14
 70
1
 10
210.176265
 20
82.024057
 10
210.050847
 20
82.515985
 10
209.988272
 20
82.665631
 10
209.936288
 20
82.720592
 10
209.894809
 20
82.665631
 10
209.860841
 20
82.515985
 10
209.829460
 20
82.024057
 10
209.848395
 20
81.753606
 10
209.899953
 20
81.532130
 10
209.976259
 20
81.382483
 10
210.069439
 20
81.327522
 10
210.152111
 20
81.382483
 10
210.199809
 20
81.532130
 10
210.209029
 20
81.753606
  0
LWPOLYLINE
  8
ENGRAVE_RED
 62
1
 90
8
 70
1
 10
215.958968
 20
83.695741
 10
215.918046
 20
83.794127
 10
215.819661
 20
83.835048
 10
215.721275
 20
83.794127
 10
215.680354
 20
83.695741
 10
215.721275
 20
83.597356
 10
215.819661
 20
83.556434
 10
215.918046
 20
83.597356
  0
LWPOLYLINE
  8
ENGRAVE_RED
 62
1
 90
17
 70
1
 10
190.007958
 20
84.640330
 10
190.134684
 20
84.745723
 10
190.200292
 20
84.855621
 10
190.200715
 20
84.957012
 10
190.131886
 20
85.036885
 10
189.956570
 20
85.075688
 10
189.661432
 20
85.070987
 10
188.871464
 20
84.961555
 10
188.081520
 20
84.769553
 10
187.786413
 20
84.661640
 10
187.611140
 20
84.555948
 10
187.590607
 20
84.511132
 10
187.622291
 20
84.474034
 10
187.817015
 20
84.422100
 10
188.554867
 20
84.401044
 10
189.420061
 20
84.478536
 10
189.773961
 20
84.549786
  0
LWPOLYLINE
  8
ENGRAVE_RED
 62
1
 90
15
 70
1
 10
146.414001
 20
86.235099
 10
144.975674
 20
87.249657
 10
144.816324
 20
87.362058
 10
144.736930
 20
87.372217
 10
144.733152
 20
87.275622
 10
144.800649
 20
87.067763
 10
144.950156
 20
86.843867
 10
145.224449
 20
86.580270
 10
145.584463
 20
86.309859
 10
145.991137
 20
86.065519
 10
146.849435
 20
85.647885
 10
147.098066
 20
85.557134
 10
147.222283
 20
85.543463
 10
147.219036
 20
85.605647
 10
147.085274
 20
85.742463
  0
LWPOLYLINE
  8
ENGRAVE_RED
 62
1
 90
12
 70
1
 10
179.089049
 20
87.085545
 10
179.016929
 20
87.128353
 10
178.957868
 20
87.107602
 10
178.917963
 20
87.029387
 10
178.903306
 20
86.899802
 10
178.917963
 20
86.770218
 10
178.957868
 20
86.692003
 10
179.016929
 20
86.671252
 10
179.089049
 20
86.714060
 10
179.146513
 20
86.800836
 10
179.165668
 20
86.899802
 10
179.146513
 20
86.998768
  0
LWPOLYLINE
  8
ENGRAVE_RED
 62
1
 90
9
 70
1
 10
179.374997
 20
88.496530
 10
179.324313
 20
88.621952
 10
179.281256
 20
88.599096
 10
179.236236
 20
88.153565
 10
179.269702
 20
87.663998
 10
179.311608
 20
87.593475
 10
179.364674
 20
87.660688
 10
179.424947
 20
88.047690
 10
179.375006
 20
88.496530
  0
LWPOLYLINE
  8
ENGRAVE_RED
 62
1
 90
11
 70
1
 10
175.193036
 20
91.131253
 10
175.131092
 20
91.244361
 10
175.080531
 20
91.252151
 10
175.044140
 20
91.157409
 10
175.024707
 20
90.962924
 10
175.058617
 20
90.635226
 10
175.107416
 20
90.574021
 10
175.171040
 20
90.597243
 10
175.224853
 20
90.691457
 10
175.246938
 20
90.823544
 10
175.193039
 20
91.131253
  0
LWPOLYLINE
  8
ENGRAVE_RED
 62
1
 90
8
 70
1
 10
175.744459
 20
91.427281
 10
175.689894
 20
91.507545
 10
175.645210
 20
91.468637
 10
175.603931
 20
91.079013
 10
175.645210
 20
90.689389
 10
175.689894
 20
90.650481
 10
175.744459
 20
90.730746
 10
175.802429
 20
91.079013
  0
LWPOLYLINE
  8
ENGRAVE_RED
 62
1
 90
8
 70
1
 10
175.281325
 20
91.775548
 10
175.240403
 20
91.873934
 10
175.142018
 20
91.914855
 10
175.043632
 20
91.873934
 10
175.002711
 20
91.775548
 10
175.043632
 20
91.677162
 10
175.142018
 20
91.636241
 10
175.240403
 20
91.677162
  0
LWPOLYLINE
  8
ENGRAVE_RED
 62
1
 90
11
 70
1
 10
189.017433
 20
100.301995
 10
188.975350
 20
100.306148
 10
188.941463
 20
100.230824
 10
188.899706
 20
99.870987
 10
188.895022
 20
99.280983
 10
188.930273
 20
98.519304
 10
189.066443
 20
96.511986
 10
189.153602
 20
98.294680
 10
189.169820
 20
99.004590
 10
189.149551
 20
99.619690
 10
189.097265
 20
100.074113
  0
LWPOLYLINE
  8
ENGRAVE_RED
 62
1
 90
11
 70
1
 10
166.834616
 20
100.882743
 10
166.772672
 20
100.995851
 10
166.722111
 20
101.003640
 10
166.685720
 20
100.908899
 10
166.666287
 20
100.714414
 10
166.700197
 20
100.386716
 10
166.748996
 20
100.325510
 10
166.812620
 20
100.348733
 10
166.866433
 20
100.442946
 10
166.888518
 20
100.575034
 10
166.834619
 20
100.882743
  0
LWPOLYLINE
  8
ENGRAVE_RED
 62
1
 90
8
 70
1
 10
158.007257
 20
102.084266
 10
157.966336
 20
102.182651
 10
157.867950
 20
102.223573
 10
157.769564
 20
102.182651
 10
157.728643
 20
102.084266
 10
157.769564
 20
101.985880
 10
157.867950
 20
101.944959
 10
157.966336
 20
101.985880
  0
LWPOLYLINE
  8
ENGRAVE_RED
 62
1
 90
13
 70
1
 10
159.807391
 20
104.522138
 10
159.578512
 20
105.292172
 10
159.264912
 20
106.061077
 10
158.984268
 20
106.574849
 10
158.893078
 20
106.656684
 10
158.854255
 20
106.579485
 10
158.994772
 20
105.984362
 10
159.327455
 20
104.980571
 10
159.686420
 20
104.035527
 10
159.823919
 20
103.731102
 10
159.905782
 20
103.616643
 10
159.927735
 20
103.688092
 10
159.916504
 20
103.882632
  0
LWPOLYLINE
  8
ENGRAVE_RED
 62
1
 90
1314
 70
1
 10
339.533948
 20
15.892899
 10
340.354112
 20
16.069469
 10
341.212668
 20
16.328765
 10
342.082763
 20
16.657673
 10
342.937539
 20
17.043081
 10
343.750143
 20
17.471873
 10
344.493717
 20
17.930936
 10
345.141407
 20
18.407156
 10
345.666357
 20
18.887419
 10
346.109573
 20
19.408133
 10
346.568208
 20
20.039460
 10
346.988156
 20
20.701733
 10
347.315311
 20
21.315290
 10
347.698393
 20
22.086800
 10
348.124756
 20
22.857621
 10
349.082305
 20
24.370107
 10
350.137919
 20
25.798563
 10
351.241563
 20
27.088804
 10
352.343200
 20
28.186646
 10
352.877628
 20
28.646485
 10
353.392792
 20
29.037905
 10
353.882434
 20
29.354133
 10
354.340302
 20
29.588396
 10
354.760141
 20
29.733920
 10
355.135695
 20
29.783934
 10
355.242963
 20
29.741647
 10
355.356359
 20
29.626511
 10
355.462371
 20
29.456109
 10
355.547486
 20
29.248025
 10
355.702363
 20
28.915550
 10
355.956545
 20
28.549954
 10
356.289281
 20
28.169755
 10
356.679822
 20
27.793471
 10
357.107418
 20
27.439620
 10
357.551319
 20
27.126720
 10
357.990775
 20
26.873290
 10
358.405036
 20
26.697845
 10
358.902922
 20
26.570078
 10
359.402939
 20
26.513623
 10
359.902241
 20
26.527797
 10
360.397984
 20
26.611911
 10
360.887321
 20
26.765281
 10
361.367407
 20
26.987221
 10
361.835398
 20
27.277043
 10
362.288447
 20
27.634064
 10
362.727967
 20
28.063991
 10
363.104629
 20
28.524087
 10
363.418622
 20
29.010485
 10
363.670134
 20
29.519317
 10
363.859353
 20
30.046715
 10
363.986468
 20
30.588813
 10
364.051665
 20
31.141742
 10
364.055134
 20
31.701635
 10
363.997062
 20
32.264624
 10
363.877638
 20
32.826843
 10
363.697049
 20
33.384422
 10
363.455483
 20
33.933495
 10
363.153129
 20
34.470194
 10
362.790175
 20
34.990651
 10
362.366809
 20
35.490999
 10
361.883218
 20
35.967371
 10
361.304606
 20
36.437366
 10
360.696760
 20
36.830425
 10
360.059835
 20
37.146502
 10
359.393981
 20
37.385554
 10
358.699351
 20
37.547534
 10
357.976097
 20
37.632398
 10
357.224372
 20
37.640102
 10
356.444327
 20
37.570600
 10
355.759156
 20
37.447653
 10
355.089261
 20
37.275682
 10
354.511480
 20
37.077486
 10
354.102649
 20
36.875858
 10
353.701305
 20
36.620842
 10
353.512122
 20
36.541172
 10
353.484351
 20
36.568318
 10
353.494333
 20
36.640773
 10
353.607172
 20
36.923571
 10
353.775578
 20
37.537937
 10
353.859245
 20
38.281660
 10
353.842726
 20
38.700509
 10
353.748431
 20
38.970601
 10
353.664370
 20
39.061248
 10
353.551569
 20
39.128369
 10
353.227349
 20
39.210246
 10
352.893210
 20
39.233846
 10
352.547386
 20
39.213208
 10
352.192463
 20
39.150223
 10
351.831026
 20
39.046780
 10
351.098956
 20
38.726076
 10
350.371862
 20
38.266211
 10
349.670430
 20
37.682301
 10
349.015347
 20
36.989459
 10
348.427298
 20
36.202801
 10
347.926970
 20
35.337442
 10
347.115510
 20
33.713563
 10
346.967629
 20
34.604542
 10
346.759371
 20
36.435332
 10
346.466324
 20
39.585858
 10
346.292528
 20
41.850783
 10
346.250578
 20
43.450736
 10
346.281620
 20
44.137464
 10
346.348713
 20
44.821289
 10
346.595172
 20
46.398014
 10
346.799202
 20
47.389821
 10
347.055573
 20
48.374540
 10
347.356225
 20
49.332049
 10
347.693100
 20
50.242221
 10
348.058140
 20
51.084934
 10
348.443287
 20
51.840063
 10
348.840481
 20
52.487484
 10
349.241665
 20
53.007072
 10
349.776804
 20
53.512495
 10
350.349425
 20
53.885868
 10
350.946500
 20
54.134932
 10
351.555000
 20
54.267426
 10
352.161897
 20
54.291091
 10
352.754163
 20
54.213668
 10
353.318768
 20
54.042898
 10
353.842685
 20
53.786520
 10
354.312884
 20
53.452275
 10
354.716338
 20
53.047904
 10
355.040017
 20
52.581148
 10
355.270894
 20
52.059746
 10
355.395939
 20
51.491439
 10
355.402124
 20
50.883967
 10
355.276420
 20
50.245072
 10
355.005800
 20
49.582494
 10
354.789221
 20
49.131872
 10
354.747531
 20
48.985618
 10
354.755207
 20
48.878672
 10
354.815974
 20
48.800985
 10
354.933556
 20
48.742510
 10
355.354067
 20
48.642998
 10
355.829579
 20
48.608281
 10
356.341216
 20
48.675071
 10
356.872119
 20
48.834391
 10
357.405433
 20
49.077265
 10
357.924300
 20
49.394715
 10
358.411861
 20
49.777765
 10
358.851261
 20
50.217435
 10
359.225641
 20
50.704751
 10
359.483404
 20
51.148301
 10
359.690448
 20
51.619855
 10
359.847514
 20
52.115461
 10
359.955344
 20
52.631165
 10
360.014680
 20
53.163015
 10
360.026263
 20
53.707059
 10
359.990835
 20
54.259342
 10
359.909138
 20
54.815914
 10
359.781913
 20
55.372821
 10
359.609902
 20
55.926110
 10
359.393846
 20
56.471828
 10
359.134487
 20
57.006024
 10
358.832567
 20
57.524744
 10
358.488828
 20
58.024036
 10
358.104011
 20
58.499947
 10
357.678857
 20
58.948524
 10
357.149746
 20
59.418347
 10
356.559705
 20
59.860552
 10
355.917858
 20
60.272711
 10
355.233329
 20
60.652391
 10
354.515238
 20
60.997164
 10
353.772711
 20
61.304598
 10
353.014868
 20
61.572263
 10
352.250833
 20
61.797730
 10
351.489730
 20
61.978566
 10
350.740680
 20
62.112343
 10
350.012806
 20
62.196630
 10
349.315231
 20
62.228996
 10
348.657079
 20
62.207011
 10
348.047471
 20
62.128245
 10
347.495532
 20
61.990267
 10
347.010382
 20
61.790648
 10
346.878379
 20
61.737804
 10
346.756570
 20
61.725087
 10
346.640210
 20
61.756807
 10
346.524554
 20
61.837275
 10
346.276373
 20
62.161692
 10
345.974066
 20
62.732819
 10
345.672039
 20
63.273649
 10
345.272717
 20
63.872931
 10
344.828074
 20
64.457742
 10
344.390083
 20
64.955163
 10
343.378351
 20
65.996181
 10
344.033329
 20
66.247604
 10
345.472553
 20
66.891868
 10
348.013062
 20
68.087780
 10
349.355616
 20
68.704942
 10
350.526887
 20
69.187253
 10
351.549373
 20
69.539106
 10
352.445573
 20
69.764897
 10
353.237983
 20
69.869023
 10
353.949102
 20
69.855878
 10
354.601429
 20
69.729859
 10
355.217459
 20
69.495361
 10
355.712573
 20
69.209722
 10
356.100844
 20
68.860088
 10
356.412291
 20
68.412246
 10
356.676932
 20
67.831983
 10
356.911081
 20
67.158358
 10
356.969898
 20
66.899019
 10
356.989959
 20
66.664734
 10
356.971325
 20
66.435553
 10
356.914058
 20
66.191528
 10
356.683869
 20
65.579160
 10
356.512299
 20
65.108160
 10
356.424190
 20
64.721301
 10
356.421071
 20
64.429967
 10
356.504476
 20
64.245542
 10
356.575843
 20
64.204095
 10
356.660824
 20
64.205208
 10
356.863176
 20
64.321580
 10
357.094626
 20
64.567588
 10
357.338269
 20
64.916164
 10
357.577196
 20
65.340237
 10
357.794502
 20
65.812739
 10
357.973281
 20
66.306599
 10
358.096624
 20
66.794750
 10
358.175196
 20
67.430437
 10
358.197380
 20
68.173100
 10
358.166906
 20
68.991028
 10
358.087504
 20
69.852511
 10
357.962902
 20
70.725837
 10
357.796829
 20
71.579297
 10
357.593014
 20
72.381180
 10
357.355186
 20
73.099775
 10
357.009932
 20
73.872707
 10
356.575390
 20
74.618922
 10
356.056865
 20
75.335428
 10
355.459660
 20
76.019233
 10
354.789078
 20
76.667346
 10
354.050424
 20
77.276773
 10
353.249001
 20
77.844524
 10
352.390113
 20
78.367606
 10
351.479063
 20
78.843027
 10
350.521156
 20
79.267794
 10
349.521694
 20
79.638917
 10
348.485982
 20
79.953403
 10
347.419323
 20
80.208260
 10
346.327020
 20
80.400495
 10
345.214379
 20
80.527118
 10
344.086701
 20
80.585135
 10
341.798932
 20
80.630987
 10
342.598734
 20
81.466829
 10
343.055283
 20
81.992209
 10
343.528176
 20
82.625124
 10
344.004609
 20
83.343096
 10
344.471774
 20
84.123649
 10
344.916865
 20
84.944304
 10
345.327078
 20
85.782585
 10
345.689604
 20
86.616014
 10
345.991639
 20
87.422114
 10
346.304019
 20
88.475440
 10
346.497808
 20
89.536965
 10
346.597852
 20
90.803557
 10
346.628997
 20
92.472083
 10
346.618048
 20
93.663986
 10
346.573207
 20
94.680184
 10
346.486447
 20
95.556427
 10
346.349737
 20
96.328464
 10
346.155049
 20
97.032046
 10
345.894354
 20
97.702921
 10
345.559621
 20
98.376841
 10
345.142822
 20
99.089554
 10
344.824216
 20
99.547554
 10
344.470676
 20
99.950580
 10
344.085321
 20
100.296753
 10
343.671266
 20
100.584197
 10
343.231630
 20
100.811033
 10
342.769529
 20
100.975383
 10
342.288081
 20
101.075370
 10
341.790402
 20
101.109117
 10
341.484782
 20
101.092548
 10
341.243787
 20
101.045592
 10
341.070085
 20
100.972375
 10
340.966340
 20
100.877022
 10
340.935219
 20
100.763660
 10
340.979387
 20
100.636414
 10
341.101512
 20
100.499410
 10
341.304259
 20
100.356775
 10
341.578171
 20
100.158557
 10
341.806796
 20
99.917047
 10
341.990636
 20
99.636221
 10
342.130190
 20
99.320057
 10
342.225957
 20
98.972533
 10
342.278438
 20
98.597626
 10
342.288134
 20
98.199313
 10
342.255543
 20
97.781573
 10
342.181166
 20
97.348383
 10
342.065502
 20
96.903720
 10
341.909053
 20
96.451561
 10
341.712318
 20
95.995885
 10
341.475796
 20
95.540669
 10
341.199989
 20
95.089890
 10
340.885395
 20
94.647525
 10
340.532515
 20
94.217553
 10
339.847105
 20
93.532216
 10
339.460068
 20
93.220247
 10
339.023157
 20
92.915496
 10
337.938761
 20
92.287902
 10
336.472001
 20
91.569943
 10
333.022883
 20
89.921157
 10
331.797400
 20
89.282636
 10
330.836504
 20
88.725577
 10
330.089099
 20
88.218138
 10
329.504088
 20
87.728480
 10
329.030373
 20
87.224762
 10
328.616856
 20
86.675144
 10
328.175622
 20
86.032564
 10
327.584124
 20
86.989626
 10
327.243644
 20
87.473744
 10
326.802491
 20
88.003928
 10
326.297267
 20
88.546084
 10
325.764574
 20
89.066119
 10
325.241015
 20
89.529939
 10
324.763192
 20
89.903450
 10
324.367709
 20
90.152558
 10
324.091167
 20
90.243171
 10
323.970447
 20
90.206531
 10
323.813754
 20
90.101445
 10
323.413050
 20
89.714949
 10
322.930255
 20
89.141709
 10
322.406572
 20
88.439750
 10
321.883200
 20
87.667098
 10
321.401342
 20
86.881778
 10
321.002198
 20
86.141815
 10
320.726970
 20
85.505235
 10
320.564904
 20
84.938734
 10
320.432186
 20
84.270805
 10
320.342512
 20
83.584826
 10
320.309577
 20
82.964176
 10
320.309577
 20
81.606136
 10
319.297660
 20
81.606136
 10
318.833413
 20
81.562047
 10
318.317418
 20
81.442002
 10
317.812543
 20
81.264334
 10
317.381657
 20
81.047379
 10
316.477572
 20
80.488624
 10
314.562632
 20
81.079362
 10
313.506236
 20
81.429239
 10
312.518561
 20
81.806835
 10
311.597661
 20
82.214155
 10
310.741590
 20
82.653204
 10
309.948404
 20
83.125990
 10
309.216157
 20
83.634517
 10
308.542903
 20
84.180791
 10
307.926696
 20
84.766819
 10
307.365591
 20
85.394606
 10
306.857643
 20
86.066158
 10
306.400906
 20
86.783482
 10
305.993434
 20
87.548581
 10
305.633283
 20
88.363464
 10
305.318506
 20
89.230135
 10
305.047157
 20
90.150600
 10
304.817292
 20
91.126865
 10
304.666253
 20
91.994238
 10
304.572848
 20
92.863191
 10
304.535167
 20
93.727746
 10
304.551296
 20
94.581926
 10
304.619325
 20
95.419753
 10
304.737342
 20
96.235252
 10
304.903434
 20
97.022444
 10
305.115690
 20
97.775352
 10
305.372198
 20
98.488000
 10
305.671046
 20
99.154409
 10
306.010323
 20
99.768604
 10
306.388117
 20
100.324607
 10
306.802515
 20
100.816440
 10
307.251606
 20
101.238127
 10
307.733479
 20
101.583691
 10
308.246221
 20
101.847154
 10
308.662821
 20
101.995668
 10
309.106795
 20
102.107061
 10
309.572050
 20
102.182605
 10
310.052495
 20
102.223572
 10
311.034588
 20
102.206864
 10
312.004340
 20
102.067117
 10
312.913016
 20
101.814511
 10
313.329221
 20
101.649066
 10
313.711882
 20
101.459224
 10
314.054907
 20
101.246257
 10
314.352205
 20
101.011437
 10
314.597683
 20
100.756036
 10
314.785251
 20
100.481327
 10
314.933730
 20
100.087546
 10
315.082825
 20
99.478111
 10
315.215201
 20
98.736240
 10
315.313523
 20
97.945150
 10
315.416336
 20
97.142756
 10
315.552274
 20
96.490661
 10
315.711240
 20
96.027063
 10
315.796203
 20
95.877886
 10
315.883138
 20
95.790158
 10
316.123768
 20
95.663558
 10
316.367654
 20
95.584797
 10
316.611634
 20
95.553362
 10
316.852548
 20
95.568741
 10
317.087236
 20
95.630423
 10
317.312536
 20
95.737894
 10
317.525288
 20
95.890644
 10
317.722332
 20
96.088159
 10
317.938496
 20
96.303961
 10
318.124372
 20
96.410143
 10
318.280477
 20
96.405916
 10
318.407330
 20
96.290489
 10
318.505450
 20
96.063073
 10
318.575353
 20
95.722878
 10
318.632585
 20
94.700995
 10
318.612055
 20
94.252054
 10
318.549951
 20
93.820534
 10
318.449028
 20
93.409071
 10
318.312037
 20
93.020303
 10
318.141735
 20
92.656867
 10
317.940874
 20
92.321402
 10
317.712208
 20
92.016544
 10
317.458492
 20
91.744931
 10
317.182479
 20
91.509200
 10
316.886923
 20
91.311990
 10
316.574578
 20
91.155937
 10
316.248198
 20
91.043679
 10
315.910537
 20
90.977854
 10
315.564349
 20
90.961099
 10
315.212387
 20
90.996051
 10
314.857406
 20
91.085349
 10
314.405212
 20
91.264752
 10
314.042782
 20
91.473661
 10
313.771165
 20
91.709925
 10
313.591411
 20
91.971397
 10
313.504568
 20
92.255928
 10
313.511685
 20
92.561368
 10
313.613813
 20
92.885568
 10
313.812000
 20
93.226381
 10
314.597990
 20
94.339609
 10
314.660568
 20
94.458556
 10
314.686073
 20
94.581380
 10
314.635142
 20
94.832283
 10
314.463757
 20
95.079568
 10
314.190480
 20
95.310484
 10
313.833871
 20
95.512281
 10
313.412490
 20
95.672208
 10
312.944899
 20
95.777515
 10
312.449658
 20
95.815451
 10
311.858421
 20
95.774410
 10
311.606613
 20
95.716296
 10
311.370853
 20
95.627067
 10
310.908003
 20
95.337094
 10
310.390919
 20
94.868163
 10
310.091607
 20
94.546005
 10
309.849864
 20
94.231098
 10
309.662279
 20
93.913101
 10
309.525445
 20
93.581675
 10
309.435952
 20
93.226478
 10
309.390393
 20
92.837170
 10
309.385359
 20
92.403409
 10
309.417441
 20
91.914855
 10
309.386599
 20
91.801097
 10
309.267138
 20
91.826096
 10
309.071744
 20
91.982541
 10
308.813104
 20
92.263123
 10
308.538445
 20
92.569238
 10
308.294947
 20
92.791931
 10
308.075518
 20
92.931805
 10
307.873067
 20
92.989467
 10
307.680502
 20
92.965521
 10
307.490732
 20
92.860573
 10
307.296666
 20
92.675228
 10
307.091212
 20
92.410091
 10
306.879447
 20
92.035451
 10
306.749065
 20
91.640012
 10
306.695922
 20
91.229289
 10
306.715875
 20
90.808797
 10
306.804782
 20
90.384051
 10
306.958501
 20
89.960565
 10
307.172887
 20
89.543856
 10
307.443799
 20
89.139437
 10
307.767094
 20
88.752824
 10
308.138629
 20
88.389532
 10
308.554261
 20
88.055076
 10
309.009848
 20
87.754971
 10
309.501246
 20
87.494731
 10
310.024314
 20
87.279873
 10
310.574908
 20
87.115910
 10
311.148885
 20
87.008357
 10
312.109032
 20
86.849502
 10
312.401112
 20
86.776673
 10
312.508385
 20
86.720822
 10
312.406081
 20
86.477209
 10
312.160118
 20
86.042034
 10
312.001281
 20
85.725414
 10
311.975509
 20
85.596241
 10
311.988384
 20
85.476146
 10
312.138723
 20
85.232154
 10
312.469597
 20
84.931360
 10
312.719265
 20
84.757575
 10
312.995872
 20
84.621253
 10
313.296377
 20
84.521672
 10
313.617743
 20
84.458113
 10
313.956932
 20
84.429854
 10
314.310905
 20
84.436174
 10
315.051052
 20
84.549668
 10
315.813878
 20
84.792826
 10
316.575076
 20
85.159881
 10
317.310340
 20
85.645065
 10
317.995365
 20
86.242610
 10
318.478107
 20
86.694883
 10
318.857714
 20
86.989491
 10
319.106086
 20
87.107950
 10
319.172277
 20
87.095349
 10
319.195121
 20
87.031778
 10
319.211628
 20
86.868396
 10
319.259511
 20
86.755171
 10
319.336317
 20
86.690031
 10
319.439589
 20
86.670899
 10
319.715713
 20
86.762365
 10
320.068243
 20
87.012973
 10
320.477540
 20
87.406126
 10
320.923962
 20
87.925228
 10
321.387869
 20
88.553682
 10
321.849622
 20
89.274892
 10
322.137819
 20
89.794315
 10
322.392026
 20
90.326925
 10
322.612684
 20
90.871377
 10
322.800238
 20
91.426324
 10
323.077807
 20
92.562325
 10
323.228282
 20
93.724165
 10
323.255213
 20
94.901079
 10
323.162148
 20
96.082306
 10
322.952637
 20
97.257081
 10
322.630228
 20
98.414641
 10
322.198471
 20
99.544223
 10
321.660915
 20
100.635063
 10
321.021110
 20
101.676398
 10
320.282604
 20
102.657464
 10
319.448946
 20
103.567499
 10
318.523685
 20
104.395737
 10
317.510371
 20
105.131418
 10
316.412554
 20
105.763776
 10
315.476003
 20
106.194761
 10
315.044404
 20
106.332303
 10
314.570637
 20
106.427931
 10
314.004740
 20
106.489185
 10
313.296747
 20
106.523603
 10
311.254622
 20
106.542090
 10
309.093752
 20
106.514236
 10
308.323259
 20
106.462033
 10
307.680732
 20
106.368860
 10
307.107175
 20
106.223125
 10
306.543591
 20
106.013239
 10
305.930985
 20
105.727611
 10
305.210358
 20
105.354651
 10
305.165436
 20
105.356664
 10
305.111776
 20
105.402183
 10
304.986301
 20
105.607273
 10
304.850052
 20
105.936986
 10
304.719147
 20
106.358387
 10
304.562688
 20
106.838268
 10
304.356859
 20
107.327207
 10
304.128406
 20
107.767950
 10
303.904074
 20
108.103245
 10
303.386841
 20
108.742000
 10
301.748452
 20
106.980190
 10
300.521841
 20
105.616185
 10
299.873473
 20
104.810800
 10
299.799839
 20
104.706823
 10
299.719240
 20
104.644623
 10
299.626077
 20
104.626611
 10
299.514755
 20
104.655201
 10
299.215250
 20
104.861829
 10
298.775954
 20
105.283802
 10
298.074715
 20
105.922468
 10
297.353054
 20
106.431684
 10
296.635582
 20
106.796504
 10
296.286108
 20
106.920094
 10
295.946910
 20
107.001980
 10
295.663565
 20
107.010318
 10
295.572296
 20
106.956803
 10
295.509653
 20
106.851295
 10
295.455321
 20
106.443682
 10
295.470716
 20
105.706248
 10
295.458890
 20
104.962475
 10
295.343622
 20
104.252363
 10
295.107353
 20
103.503005
 10
294.732522
 20
102.641494
 10
294.114764
 20
101.245171
 10
293.750971
 20
100.235526
 10
293.627476
 20
99.823920
 10
293.553640
 20
99.708431
 10
293.453644
 20
99.647848
 10
293.313910
 20
99.638194
 10
293.120865
 20
99.675491
 10
292.520530
 20
99.875028
 10
292.052939
 20
100.016746
 10
291.546396
 20
100.126262
 10
290.467747
 20
100.255428
 10
289.387170
 20
100.276002
 10
288.407252
 20
100.201459
 10
287.630579
 20
100.045273
 10
287.350518
 20
99.940774
 10
287.159738
 20
99.820918
 10
287.071063
 20
99.687389
 10
287.097315
 20
99.541871
 10
287.251319
 20
99.386049
 10
287.545898
 20
99.221606
 10
288.038294
 20
98.946218
 10
288.468806
 20
98.587887
 10
288.845958
 20
98.129125
 10
289.178275
 20
97.552447
 10
289.474283
 20
96.840367
 10
289.742507
 20
95.975400
 10
289.991471
 20
94.940059
 10
290.229702
 20
93.716858
 10
290.764917
 20
91.044667
 10
291.046083
 20
89.912581
 10
291.347552
 20
88.881031
 10
291.677773
 20
87.923413
 10
292.045194
 20
87.013123
 10
292.458263
 20
86.123560
 10
292.925429
 20
85.228118
 10
293.917570
 20
83.417127
 10
292.867669
 20
84.392276
 10
292.343475
 20
84.925460
 10
291.805741
 20
85.556947
 10
291.271550
 20
86.260520
 10
290.757981
 20
87.009964
 10
290.282117
 20
87.779063
 10
289.861039
 20
88.541602
 10
289.511828
 20
89.271363
 10
289.251567
 20
89.942132
 10
289.013736
 20
90.555188
 10
288.738413
 20
91.086082
 10
288.431034
 20
91.534847
 10
288.097030
 20
91.901515
 10
287.741837
 20
92.186119
 10
287.370887
 20
92.388693
 10
286.989616
 20
92.509270
 10
286.603456
 20
92.547883
 10
286.217843
 20
92.504565
 10
285.838208
 20
92.379349
 10
285.469988
 20
92.172269
 10
285.118615
 20
91.883357
 10
284.789523
 20
91.512647
 10
284.488147
 20
91.060171
 10
284.219919
 20
90.525963
 10
283.990275
 20
89.910056
 10
283.872340
 20
89.688112
 10
283.670268
 20
89.568304
 10
283.348386
 20
89.540589
 10
282.871022
 20
89.594923
 10
282.355898
 20
89.644033
 10
281.950636
 20
89.582879
 10
281.584005
 20
89.387817
 10
281.184780
 20
89.035204
 10
280.893516
 20
88.687707
 10
280.666961
 20
88.303168
 10
280.520064
 20
87.912618
 10
280.467776
 20
87.547086
 10
280.467776
 20
86.775973
 10
279.840894
 20
87.402854
 10
279.524266
 20
87.788819
 10
279.415501
 20
87.999193
 10
279.335105
 20
88.239106
 10
279.245421
 20
88.861388
 10
279.227221
 20
89.763337
 10
279.251344
 20
90.381222
 10
279.317106
 20
90.963425
 10
279.429227
 20
91.523643
 10
279.592426
 20
92.075570
 10
279.811422
 20
92.632905
 10
280.090933
 20
93.209343
 10
280.435678
 20
93.818580
 10
280.850377
 20
94.474313
 10
281.121821
 20
94.913013
 10
281.178018
 20
95.062338
 10
281.175808
 20
95.183302
 10
281.111149
 20
95.289650
 10
280.979997
 20
95.395124
 10
280.502045
 20
95.658423
 10
280.096904
 20
95.827575
 10
279.616557
 20
95.966096
 10
279.121098
 20
96.059690
 10
278.670620
 20
96.094065
 10
278.197226
 20
96.117857
 10
277.892489
 20
96.198143
 10
277.794887
 20
96.263646
 10
277.729273
 20
96.348283
 10
277.680443
 20
96.581639
 10
277.614247
 20
96.869885
 10
277.434801
 20
97.294282
 10
277.169514
 20
97.797692
 10
276.845794
 20
98.322977
 10
276.522084
 20
98.871692
 10
276.256815
 20
99.438895
 10
276.077373
 20
99.957706
 10
276.011145
 20
100.361244
 10
275.988483
 20
100.810512
 10
275.921178
 20
101.194798
 10
275.807964
 20
101.515668
 10
275.647576
 20
101.774688
 10
275.438748
 20
101.973423
 10
275.180215
 20
102.113439
 10
274.870712
 20
102.196300
 10
274.508974
 20
102.223573
 10
274.032324
 20
102.176884
 10
273.548917
 20
102.041011
 10
273.067524
 20
101.822247
 10
272.596920
 20
101.526883
 10
272.145875
 20
101.161211
 10
271.723162
 20
100.731523
 10
271.337554
 20
100.244110
 10
270.997823
 20
99.705265
 10
270.644645
 20
98.984573
 10
270.523196
 20
98.636898
 10
270.432971
 20
98.269706
 10
270.329588
 20
97.392877
 10
270.301288
 20
96.186298
 10
270.298356
 20
93.910312
 10
269.012611
 20
94.061387
 10
268.462102
 20
94.107631
 10
268.042410
 20
94.096347
 10
267.749116
 20
94.020138
 10
267.577803
 20
93.871606
 10
267.524053
 20
93.643357
 10
267.583447
 20
93.327993
 10
267.751567
 20
92.918117
 10
268.023995
 20
92.406333
 10
268.325912
 20
91.826639
 10
268.645915
 20
91.126484
 10
268.945827
 20
90.394088
 10
269.187470
 20
89.717673
 10
269.449172
 20
89.053480
 10
269.803696
 20
88.354365
 10
270.204524
 20
87.703467
 10
270.605139
 20
87.183922
 10
271.538485
 20
86.150824
 10
270.848767
 20
85.781698
 10
270.615606
 20
85.630640
 10
270.423854
 20
85.456306
 10
270.278589
 20
85.272076
 10
270.184888
 20
85.091335
 10
270.147829
 20
84.927464
 10
270.172490
 20
84.793844
 10
270.263949
 20
84.703859
 10
270.427282
 20
84.670890
 10
270.621617
 20
84.538087
 10
270.952459
 20
84.176495
 10
271.373505
 20
83.641339
 10
271.838450
 20
82.987844
 10
272.308479
 20
82.345452
 10
272.817594
 20
81.739795
 10
273.353296
 20
81.181460
 10
273.903082
 20
80.681031
 10
274.454451
 20
80.249093
 10
274.994902
 20
79.896232
 10
275.511933
 20
79.633032
 10
275.993043
 20
79.470078
 10
276.677521
 20
79.268048
 10
276.837564
 20
79.161883
 10
276.872889
 20
79.035939
 10
276.781055
 20
78.877954
 10
276.559624
 20
78.675667
 10
275.718205
 20
78.089146
 10
274.967746
 20
77.542523
 10
273.993157
 20
76.758040
 10
272.920514
 20
75.840514
 10
271.875892
 20
74.894761
 10
270.691159
 20
73.840716
 10
269.578968
 20
72.966128
 10
268.519113
 20
72.256254
 10
267.491384
 20
71.696350
 10
266.570258
 20
71.267671
 10
265.864459
 20
70.972558
 10
265.371314
 20
70.811633
 10
265.088150
 20
70.785514
 10
265.024476
 20
70.823200
 10
265.012294
 20
70.894821
 10
265.141071
 20
71.140173
 10
265.471810
 20
71.522189
 10
266.001835
 20
72.041489
 10
266.625584
 20
72.704213
 10
267.246062
 20
73.510919
 10
267.845457
 20
74.427666
 10
268.405955
 20
75.420516
 10
268.909745
 20
76.455529
 10
269.339013
 20
77.498765
 10
269.675948
 20
78.516285
 10
269.902736
 20
79.474150
 10
270.069567
 20
80.666104
 10
270.088209
 20
81.060809
 10
270.056923
 20
81.243906
 10
269.952105
 20
81.263222
 10
269.770539
 20
81.211988
 10
269.279230
 20
80.938020
 10
268.847779
 20
80.691063
 10
268.388786
 20
80.541010
 10
267.892462
 20
80.489572
 10
267.349020
 20
80.538459
 10
266.748672
 20
80.689381
 10
266.081631
 20
80.944046
 10
265.338107
 20
81.304166
 10
264.508313
 20
81.771450
 10
263.295806
 20
82.536045
 10
262.567795
 20
83.095668
 10
262.389092
 20
83.295211
 10
262.335852
 20
83.439428
 10
262.409523
 20
83.526956
 10
262.611550
 20
83.556434
 10
262.766981
 20
83.670673
 10
263.002648
 20
83.981718
 10
263.286553
 20
84.442065
 10
263.586699
 20
85.004208
 10
263.848853
 20
85.613130
 10
264.054691
 20
86.267821
 10
264.203156
 20
86.955792
 10
264.293193
 20
87.664553
 10
264.323744
 20
88.381613
 10
264.293754
 20
89.094483
 10
264.202166
 20
89.790673
 10
264.047924
 20
90.457692
 10
263.807678
 20
91.024065
 10
263.345918
 20
91.895403
 10
262.729067
 20
92.952922
 10
262.023550
 20
94.077834
 10
260.828784
 20
95.962281
 10
260.076152
 20
97.284061
 10
259.840201
 20
97.783736
 10
259.684261
 20
98.202487
 10
259.598158
 20
98.560228
 10
259.571718
 20
98.876873
 10
259.549570
 20
99.170330
 10
259.478830
 20
99.377011
 10
259.353049
 20
99.496572
 10
259.165781
 20
99.528668
 10
258.910578
 20
99.472957
 10
258.580993
 20
99.329093
 10
257.672885
 20
98.775533
 10
256.941760
 20
98.342315
 10
255.983240
 20
97.857359
 10
254.921725
 20
97.379932
 10
253.881616
 20
96.969302
 10
251.865827
 20
96.191800
 10
250.382552
 20
95.539437
 10
249.588270
 20
95.085339
 10
248.851776
 20
94.569120
 10
248.187900
 20
94.007602
 10
247.611473
 20
93.417607
 10
247.137325
 20
92.815957
 10
246.780287
 20
92.219473
 10
246.555188
 20
91.644978
 10
246.496751
 20
91.371232
 10
246.476860
 20
91.109292
 10
246.456766
 20
90.845296
 10
246.397465
 20
90.638226
 10
246.300426
 20
90.488687
 10
246.167119
 20
90.397284
 10
245.999016
 20
90.364622
 10
245.797585
 20
90.391307
 10
245.564297
 20
90.477943
 10
245.300621
 20
90.625136
 10
244.867845
 20
90.832073
 10
244.158724
 20
91.096032
 10
243.271563
 20
91.383081
 10
242.304667
 20
91.659288
 10
241.055421
 20
92.025818
 10
240.568339
 20
92.205311
 10
240.144466
 20
92.396609
 10
239.762439
 20
92.610452
 10
239.400894
 20
92.857581
 10
238.653794
 20
93.494654
 10
237.664329
 20
94.346632
 10
237.302130
 20
94.605807
 10
237.096423
 20
94.700995
 10
237.024213
 20
94.662113
 10
236.921970
 20
94.550467
 10
236.642642
 20
94.138879
 10
235.891464
 20
92.772490
 10
235.087096
 20
91.081763
 10
234.741279
 20
90.264754
 10
234.473742
 20
89.546636
 10
234.327608
 20
88.927046
 10
234.206870
 20
88.063887
 10
234.124065
 20
87.071433
 10
234.091728
 20
86.063960
 10
234.116516
 20
84.745519
 10
234.161653
 20
84.230960
 10
234.238047
 20
83.768058
 10
234.352771
 20
83.323225
 10
234.512897
 20
82.862872
 10
234.997644
 20
81.761255
 10
235.412335
 20
80.935451
 10
235.854337
 20
80.159125
 10
236.326592
 20
79.428512
 10
236.832042
 20
78.739851
 10
237.373630
 20
78.089376
 10
237.954299
 20
77.473326
 10
238.576990
 20
76.887936
 10
239.244647
 20
76.329443
 10
240.573703
 20
75.278885
 10
238.997807
 20
74.627782
 10
238.451207
 20
74.381505
 10
237.927607
 20
74.104900
 10
237.427477
 20
73.799729
 10
236.951283
 20
73.467757
 10
236.072579
 20
72.730462
 10
235.295238
 20
71.907125
 10
234.623004
 20
71.011854
 10
234.059622
 20
70.058760
 10
233.608834
 20
69.061952
 10
233.274385
 20
68.035540
 10
233.060019
 20
66.993632
 10
232.969479
 20
65.950339
 10
233.006509
 20
64.919769
 10
233.174854
 20
63.916033
 10
233.309440
 20
63.428636
 10
233.478257
 20
62.953239
 10
233.681776
 20
62.491605
 10
233.920462
 20
62.045498
 10
234.194786
 20
61.616681
 10
234.505213
 20
61.206918
 10
234.852213
 20
60.817972
 10
235.236254
 20
60.451609
 10
235.884331
 20
59.938492
 10
236.547420
 20
59.525195
 10
237.221675
 20
59.212615
 10
237.903256
 20
59.001652
 10
238.588319
 20
58.893203
 10
239.273021
 20
58.888166
 10
239.953521
 20
58.987440
 10
240.625975
 20
59.191922
 10
241.207781
 20
59.376257
 10
241.865086
 20
59.520591
 10
242.517247
 20
59.610498
 10
243.083623
 20
59.631555
 10
243.629998
 20
59.645141
 10
244.144874
 20
59.724344
 10
244.621425
 20
59.865356
 10
245.052821
 20
60.064370
 10
245.432235
 20
60.317575
 10
245.752839
 20
60.621165
 10
246.007804
 20
60.971331
 10
246.190302
 20
61.364264
 10
246.371231
 20
61.948822
 10
246.460061
 20
62.421719
 10
246.449207
 20
62.793347
 10
246.331081
 20
63.074099
 10
246.098098
 20
63.274370
 10
245.742672
 20
63.404553
 10
245.257215
 20
63.475041
 10
244.634142
 20
63.496227
 10
244.078367
 20
63.528295
 10
243.563608
 20
63.620457
 10
243.092983
 20
63.766643
 10
242.669611
 20
63.960787
 10
242.296610
 20
64.196823
 10
241.977100
 20
64.468681
 10
241.714198
 20
64.770296
 10
241.511025
 20
65.095600
 10
241.370699
 20
65.438526
 10
241.296339
 20
65.793006
 10
241.291063
 20
66.152974
 10
241.357990
 20
66.512362
 10
241.500240
 20
66.865102
 10
241.720931
 20
67.205128
 10
242.023182
 20
67.526373
 10
242.410111
 20
67.822768
 10
242.758762
 20
67.972517
 10
243.277232
 20
68.098774
 10
243.907349
 20
68.197374
 10
244.590941
 20
68.264152
 10
245.269837
 20
68.294943
 10
245.885866
 20
68.285579
 10
246.380855
 20
68.231896
 10
246.696634
 20
68.129728
 10
247.813830
 20
67.752063
 10
250.292072
 20
67.000327
 10
256.367665
 20
65.255541
 10
257.765866
 20
64.930989
 10
259.309166
 20
64.676931
 10
260.946657
 20
64.495444
 10
262.627428
 20
64.388608
 10
264.300573
 20
64.358501
 10
265.915181
 20
64.407201
 10
267.420344
 20
64.536788
 10
268.765152
 20
64.749340
 10
270.187879
 20
65.084128
 10
271.688299
 20
65.517359
 10
273.220224
 20
66.030517
 10
274.737468
 20
66.605087
 10
276.193844
 20
67.222554
 10
277.543163
 20
67.864403
 10
278.739238
 20
68.512119
 10
279.735883
 20
69.147186
 10
280.193019
 20
69.455344
 10
280.465799
 20
69.563586
 10
280.561689
 20
69.544052
 10
280.645848
 20
69.476114
 10
280.824791
 20
69.197131
 10
281.354872
 20
68.479056
 10
282.224303
 20
67.476355
 10
282.976581
 20
66.602861
 10
283.180190
 20
66.319870
 10
283.224998
 20
66.195425
 10
281.930499
 20
65.361330
 10
281.425926
 20
65.002057
 10
281.062125
 20
64.654942
 10
280.838754
 20
64.310846
 10
280.755471
 20
63.960630
 10
280.811932
 20
63.595157
 10
281.007797
 20
63.205286
 10
281.342721
 20
62.781879
 10
281.816363
 20
62.315797
 10
282.396132
 20
61.875628
 10
283.096777
 20
61.485295
 10
283.899053
 20
61.149898
 10
284.783714
 20
60.874537
 10
285.731514
 20
60.664312
 10
286.723205
 20
60.524324
 10
287.739542
 20
60.459672
 10
288.761279
 20
60.475456
 10
290.637187
 20
60.581785
 10
290.637187
 20
59.601134
 10
290.637187
 20
58.620482
 10
293.005405
 20
58.688832
 10
294.145403
 20
58.748297
 10
295.265471
 20
58.857612
 10
296.344274
 20
59.012113
 10
297.360473
 20
59.207137
 10
298.292732
 20
59.438018
 10
299.119713
 20
59.700095
 10
299.820081
 20
59.988701
 10
300.372496
 20
60.299175
 10
301.363825
 20
60.971909
 10
301.369949
 20
59.238967
 10
301.401762
 20
58.470105
 10
301.494465
 20
57.757879
 10
301.652443
 20
57.092072
 10
301.880083
 20
56.462467
 10
302.181770
 20
55.858846
 10
302.561889
 20
55.270994
 10
303.024826
 20
54.688693
 10
303.574967
 20
54.101726
 10
304.211894
 20
53.518597
 10
304.882008
 20
53.002382
 10
305.578873
 20
52.556062
 10
306.296052
 20
52.182621
 10
307.027109
 20
51.885039
 10
307.765608
 20
51.666300
 10
308.505111
 20
51.529385
 10
309.239184
 20
51.477278
 10
309.982868
 20
51.500958
 10
310.709160
 20
51.587663
 10
311.413840
 20
51.733976
 10
312.092687
 20
51.936480
 10
312.741481
 20
52.191760
 10
313.356000
 20
52.496400
 10
313.932025
 20
52.846983
 10
314.465335
 20
53.240094
 10
314.951709
 20
53.672315
 10
315.386927
 20
54.140232
 10
315.766767
 20
54.640428
 10
316.087010
 20
55.169486
 10
316.343435
 20
55.723992
 10
316.531821
 20
56.300527
 10
316.647948
 20
56.895677
 10
316.687595
 20
57.506026
 10
316.661285
 20
58.018656
 10
316.585290
 20
58.502423
 10
316.464013
 20
58.954058
 10
316.301857
 20
59.370294
 10
316.103223
 20
59.747862
 10
315.872514
 20
60.083495
 10
315.614133
 20
60.373923
 10
315.332482
 20
60.615879
 10
315.031964
 20
60.806094
 10
314.716982
 20
60.941301
 10
314.391937
 20
61.018231
 10
314.061232
 20
61.033616
 10
313.729270
 20
60.984187
 10
313.400454
 20
60.866678
 10
313.079185
 20
60.677818
 10
312.769867
 20
60.414341
 10
312.523265
 20
60.115642
 10
312.360919
 20
59.808406
 10
312.280639
 20
59.507540
 10
312.280235
 20
59.227950
 10
312.357513
 20
58.984543
 10
312.510285
 20
58.792224
 10
312.736357
 20
58.665902
 10
313.033540
 20
58.620482
 10
313.338680
 20
58.585047
 10
313.606694
 20
58.486056
 10
313.830130
 20
58.334478
 10
314.001535
 20
58.141284
 10
314.113456
 20
57.917444
 10
314.158441
 20
57.673926
 10
314.129037
 20
57.421702
 10
314.017791
 20
57.171741
 10
313.746538
 20
56.799630
 10
313.432625
 20
56.474504
 10
313.077718
 20
56.197186
 10
312.683484
 20
55.968499
 10
312.251590
 20
55.789266
 10
311.783703
 20
55.660310
 10
311.281489
 20
55.582454
 10
310.746616
 20
55.556520
 10
309.565600
 20
55.622962
 10
309.079947
 20
55.694541
 10
308.751484
 20
55.781783
 10
308.476046
 20
55.915199
 10
308.420379
 20
55.974984
 10
308.423177
 20
56.037694
 10
308.615465
 20
56.194518
 10
309.075498
 20
56.430924
 10
309.404112
 20
56.632861
 10
309.710861
 20
56.900119
 10
309.983905
 20
57.212474
 10
310.211405
 20
57.549707
 10
310.381522
 20
57.891595
 10
310.482415
 20
58.217916
 10
310.502245
 20
58.508450
 10
310.429173
 20
58.742973
 10
310.231814
 20
58.857684
 10
309.829427
 20
58.951621
 10
309.280589
 20
59.015092
 10
308.643881
 20
59.038403
 10
307.856162
 20
59.065903
 10
307.263883
 20
59.156988
 10
306.815209
 20
59.324539
 10
306.458302
 20
59.581433
 10
306.273311
 20
59.784240
 10
306.110716
 20
60.024257
 10
305.853340
 20
60.598266
 10
305.687422
 20
61.268145
 10
305.614209
 20
61.998582
 10
305.634948
 20
62.754264
 10
305.750885
 20
63.499877
 10
305.963268
 20
64.200108
 10
306.273343
 20
64.819643
 10
306.483732
 20
65.118288
 10
306.670139
 20
65.313657
 10
306.831311
 20
65.406372
 10
306.965992
 20
65.397057
 10
307.072928
 20
65.286336
 10
307.150864
 20
65.074833
 10
307.198546
 20
64.763169
 10
307.214719
 20
64.351969
 10
307.265026
 20
63.795647
 10
307.404066
 20
63.309743
 10
307.614016
 20
62.909558
 10
307.877055
 20
62.610397
 10
308.175361
 20
62.427562
 10
308.332170
 20
62.384549
 10
308.491112
 20
62.376355
 10
308.649960
 20
62.404895
 10
308.806486
 20
62.472080
 10
308.958462
 20
62.579823
 10
309.103661
 20
62.730038
 10
309.238282
 20
62.953202
 10
309.393781
 20
63.303374
 10
309.690402
 20
64.192762
 10
309.824395
 20
64.580682
 10
310.020219
 20
65.009220
 10
310.522107
 20
65.874303
 10
311.045555
 20
66.560324
 10
311.268330
 20
66.765034
 10
311.440054
 20
66.839595
 10
311.478509
 20
66.767894
 10
311.494064
 20
66.572668
 10
311.454565
 20
65.930907
 10
311.455983
 20
65.521932
 10
311.541572
 20
65.099829
 10
311.695278
 20
64.689269
 10
311.901050
 20
64.314922
 10
312.142832
 20
64.001460
 10
312.404573
 20
63.773553
 10
312.670218
 20
63.655874
 10
312.799488
 20
63.646078
 10
312.923714
 20
63.673092
 10
313.121142
 20
63.806704
 10
313.366823
 20
64.058496
 10
313.629452
 20
64.392400
 10
313.877726
 20
64.772346
 10
314.238935
 20
65.316500
 10
314.629801
 20
65.767791
 10
315.058948
 20
66.130282
 10
315.534998
 20
66.408036
 10
316.066571
 20
66.605116
 10
316.662292
 20
66.725585
 10
317.330781
 20
66.773506
 10
318.080662
 20
66.752943
 10
319.085324
 20
66.650511
 10
320.034792
 20
66.482200
 10
320.929474
 20
66.247846
 10
321.769774
 20
65.947282
 10
322.556099
 20
65.580340
 10
323.288853
 20
65.146855
 10
323.968442
 20
64.646660
 10
324.595272
 20
64.079589
 10
325.955527
 20
62.719384
 10
325.021250
 20
61.556804
 10
324.527852
 20
60.884413
 10
324.359201
 20
60.582375
 10
324.232643
 20
60.273725
 10
324.140723
 20
59.936421
 10
324.075988
 20
59.548426
 10
323.998255
 20
58.532202
 10
323.979040
 20
57.548252
 10
324.047762
 20
56.815319
 10
324.229062
 20
56.200591
 10
324.547583
 20
55.571255
 10
324.866762
 20
55.102839
 10
325.264147
 20
54.639815
 10
325.689097
 20
54.235592
 10
326.090968
 20
53.943577
 10
326.996310
 20
53.414829
 10
326.996310
 20
54.533554
 10
327.043524
 20
54.993949
 10
327.174469
 20
55.473855
 10
327.373095
 20
55.948338
 10
327.623356
 20
56.392465
 10
327.909202
 20
56.781300
 10
328.214587
 20
57.089910
 10
328.523461
 20
57.293361
 10
328.819777
 20
57.366719
 10
328.920400
 20
57.325491
 10
329.060888
 20
57.207332
 10
329.435829
 20
56.773358
 10
329.893334
 20
56.131077
 10
330.382140
 20
55.346768
 10
331.318684
 20
53.645411
 10
332.111291
 20
51.977000
 10
332.769748
 20
50.305669
 10
333.303843
 20
48.595550
 10
333.723360
 20
46.810778
 10
334.038086
 20
44.915487
 10
334.257808
 20
42.873809
 10
334.392313
 20
40.649879
 10
334.546122
 20
36.888590
 10
333.987510
 20
37.896575
 10
333.627568
 20
38.447018
 10
333.147433
 20
39.034324
 10
332.576143
 20
39.633218
 10
331.942737
 20
40.218423
 10
331.276253
 20
40.764665
 10
330.605730
 20
41.246667
 10
329.960206
 20
41.639154
 10
329.368720
 20
41.916850
 10
328.872849
 20
42.072148
 10
328.355053
 20
42.173975
 10
327.836970
 20
42.223536
 10
327.340240
 20
42.222035
 10
326.886499
 20
42.170674
 10
326.497389
 20
42.070657
 10
326.194547
 20
41.923188
 10
325.999612
 20
41.729471
 10
325.981168
 20
41.652476
 10
325.998358
 20
41.545158
 10
326.128301
 20
41.259095
 10
326.366753
 20
40.910373
 10
326.691027
 20
40.538085
 10
327.075247
 20
40.101969
 10
327.387790
 20
39.649152
 10
327.634959
 20
39.156260
 10
327.823055
 20
38.599920
 10
327.958382
 20
37.956758
 10
328.047241
 20
37.203400
 10
328.095935
 20
36.316472
 10
328.110766
 20
35.272600
 10
328.110766
 20
32.817091
 10
327.491549
 20
33.250809
 10
327.169499
 20
33.414011
 10
326.747331
 20
33.539949
 10
326.264983
 20
33.626676
 10
325.762389
 20
33.672245
 10
325.279489
 20
33.674710
 10
324.856217
 20
33.632125
 10
324.532511
 20
33.542541
 10
324.420475
 20
33.479518
 10
324.348307
 20
33.404015
 10
324.322708
 20
33.234789
 10
324.381167
 20
32.981392
 10
324.512025
 20
32.678105
 10
324.703624
 20
32.359212
 10
325.058314
 20
31.795642
 10
325.363238
 20
31.194740
 10
325.623174
 20
30.538134
 10
325.842897
 20
29.807449
 10
326.027187
 20
28.984312
 10
326.180820
 20
28.050350
 10
326.308574
 20
26.987188
 10
326.415226
 20
25.776454
 10
326.601422
 20
23.919492
 10
326.723766
 20
23.105339
 10
326.869357
 20
22.360949
 10
327.041012
 20
21.681481
 10
327.241542
 20
21.062095
 10
327.473764
 20
20.497949
 10
327.740490
 20
19.984202
 10
328.044534
 20
19.516013
 10
328.388711
 20
19.088540
 10
328.775834
 20
18.696943
 10
329.208718
 20
18.336381
 10
329.690177
 20
18.002012
 10
330.223024
 20
17.688996
 10
330.810073
 20
17.392491
 10
331.454140
 20
17.107656
 10
332.726818
 20
16.596034
 10
333.827948
 20
16.201712
 10
334.805774
 20
15.917438
 10
335.708541
 20
15.735957
 10
336.584497
 20
15.650017
 10
337.481885
 20
15.652362
 10
338.448953
 20
15.735741
 10
339.533945
 20
15.892899
  0
LWPOLYLINE
  8
ENGRAVE_RED
 62
1
 90
492
 70
1
 10
339.422610
 20
17.197680
 10
339.954683
 20
17.622256
 10
340.552320
 20
18.162340
 10
341.774850
 20
19.404613
 10
342.315022
 20
20.014595
 10
342.751319
 20
20.555671
 10
343.041381
 20
20.981736
 10
343.142847
 20
21.246687
 10
343.124985
 20
21.290690
 10
343.078875
 20
21.293267
 10
342.914368
 20
21.184919
 10
342.674244
 20
20.943201
 10
342.383421
 20
20.589672
 10
341.712090
 20
19.763107
 10
341.032851
 20
19.026008
 10
340.347549
 20
18.378769
 10
339.658033
 20
17.821783
 10
338.966150
 20
17.355443
 10
338.273747
 20
16.980143
 10
337.582670
 20
16.696276
 10
336.894768
 20
16.504235
 10
336.211888
 20
16.404414
 10
335.535877
 20
16.397205
 10
334.868581
 20
16.483003
 10
334.211849
 20
16.662200
 10
333.567527
 20
16.935189
 10
332.937463
 20
17.302365
 10
332.323504
 20
17.764120
 10
331.727498
 20
18.320848
 10
331.090857
 20
19.073796
 10
330.573944
 20
19.888901
 10
330.180320
 20
20.750285
 10
329.913543
 20
21.642069
 10
329.777175
 20
22.548375
 10
329.774774
 20
23.453325
 10
329.824925
 20
23.900329
 10
329.909902
 20
24.341040
 10
330.030152
 20
24.773473
 10
330.186118
 20
25.195643
 10
330.495600
 20
25.852043
 10
330.850645
 20
26.455103
 10
331.246600
 20
27.002990
 10
331.678813
 20
27.493873
 10
332.142632
 20
27.925922
 10
332.633404
 20
28.297304
 10
333.146479
 20
28.606188
 10
333.677202
 20
28.850743
 10
334.220922
 20
29.029138
 10
334.772986
 20
29.139541
 10
335.328743
 20
29.180121
 10
335.883540
 20
29.149047
 10
336.432726
 20
29.044487
 10
336.971646
 20
28.864610
 10
337.495650
 20
28.607584
 10
338.000085
 20
28.271579
 10
338.456976
 20
27.888091
 10
338.844466
 20
27.484957
 10
339.165419
 20
27.056121
 10
339.422701
 20
26.595529
 10
339.619177
 20
26.097128
 10
339.757712
 20
25.554862
 10
339.841169
 20
24.962676
 10
339.872415
 20
24.314517
 10
339.824225
 20
23.572553
 10
339.675821
 20
22.841358
 10
339.441367
 20
22.145938
 10
339.135030
 20
21.511301
 10
338.770972
 20
20.962452
 10
338.363361
 20
20.524398
 10
337.926360
 20
20.222146
 10
337.701265
 20
20.129760
 10
337.474135
 20
20.080702
 10
337.158832
 20
20.062949
 10
336.842606
 20
20.080870
 10
336.219120
 20
20.214632
 10
335.627152
 20
20.463790
 10
335.090175
 20
20.810148
 10
334.631665
 20
21.235508
 10
334.275094
 20
21.721672
 10
334.142372
 20
21.981869
 10
334.043937
 20
22.250443
 10
333.982725
 20
22.525119
 10
333.961668
 20
22.803623
 10
334.002530
 20
23.141088
 10
334.116610
 20
23.482480
 10
334.291151
 20
23.812720
 10
334.513398
 20
24.116729
 10
334.770594
 20
24.379428
 10
335.049981
 20
24.585739
 10
335.338804
 20
24.720583
 10
335.624306
 20
24.768882
 10
335.882730
 20
24.733657
 10
336.139100
 20
24.636597
 10
336.380519
 20
24.490621
 10
336.594087
 20
24.308648
 10
336.766906
 20
24.103600
 10
336.886078
 20
23.888395
 10
336.938703
 20
23.675953
 10
336.911883
 20
23.479195
 10
336.876263
 20
23.330873
 10
336.887636
 20
23.209410
 10
336.941953
 20
23.127340
 10
337.035167
 20
23.097198
 10
337.173764
 20
23.153580
 10
337.261270
 20
23.305626
 10
337.300322
 20
23.527687
 10
337.293559
 20
23.794113
 10
337.243615
 20
24.079256
 10
337.153130
 20
24.357466
 10
337.024739
 20
24.603093
 10
336.861079
 20
24.790489
 10
336.611723
 20
24.933552
 10
336.260971
 20
25.050708
 10
335.855399
 20
25.129868
 10
335.441585
 20
25.158941
 10
335.004803
 20
25.115810
 10
334.611386
 20
24.989879
 10
334.265781
 20
24.786345
 10
333.972437
 20
24.510404
 10
333.735802
 20
24.167254
 10
333.560324
 20
23.762089
 10
333.450453
 20
23.300106
 10
333.410637
 20
22.786502
 10
333.454064
 20
22.257104
 10
333.585962
 20
21.764760
 10
333.798668
 20
21.312196
 10
334.084517
 20
20.902140
 10
334.435844
 20
20.537318
 10
334.844987
 20
20.220456
 10
335.304280
 20
19.954280
 10
335.806060
 20
19.741517
 10
336.342663
 20
19.584893
 10
336.906424
 20
19.487135
 10
337.489680
 20
19.450968
 10
338.084767
 20
19.479120
 10
338.684020
 20
19.574317
 10
339.279775
 20
19.739285
 10
339.864368
 20
19.976750
 10
340.430136
 20
20.289439
 10
340.977562
 20
20.685340
 10
341.484470
 20
21.149146
 10
341.944612
 20
21.671101
 10
342.351742
 20
22.241446
 10
342.699612
 20
22.850422
 10
342.981976
 20
23.488272
 10
343.192585
 20
24.145238
 10
343.325194
 20
24.811562
 10
343.366619
 20
25.245296
 10
343.362268
 20
25.674850
 10
343.302887
 20
26.132876
 10
343.179221
 20
26.652026
 10
342.982015
 20
27.264951
 10
342.702015
 20
28.004303
 10
341.856611
 20
29.992894
 10
341.823911
 20
30.162608
 10
341.892237
 20
30.273524
 10
342.047476
 20
30.327230
 10
342.275514
 20
30.325312
 10
342.562237
 20
30.269357
 10
342.893534
 20
30.160952
 10
343.255290
 20
30.001683
 10
343.633393
 20
29.793137
 10
344.125887
 20
29.524572
 10
344.458180
 20
29.410853
 10
344.565117
 20
29.408588
 10
344.633043
 20
29.440867
 10
344.662306
 20
29.506300
 10
344.653250
 20
29.603500
 10
344.521574
 20
29.887639
 10
344.240787
 20
30.282170
 10
343.813661
 20
30.775981
 10
343.242971
 20
31.357958
 10
342.652654
 20
31.954467
 10
342.242482
 20
32.417315
 10
342.049594
 20
32.700556
 10
342.046237
 20
32.760465
 10
342.111128
 20
32.758242
 10
342.300444
 20
32.711519
 10
342.455477
 20
32.710472
 10
342.560229
 20
32.752573
 10
342.598702
 20
32.835294
 10
342.534268
 20
32.945636
 10
342.358829
 20
33.062941
 10
342.099178
 20
33.173193
 10
341.782111
 20
33.262380
 10
341.438880
 20
33.363547
 10
341.107987
 20
33.506418
 10
340.827109
 20
33.671998
 10
340.633919
 20
33.841290
 10
340.501545
 20
34.034976
 10
340.505423
 20
34.083146
 10
340.563513
 20
34.098817
 10
340.864831
 20
34.032509
 10
341.450511
 20
33.835747
 10
341.896332
 20
33.695982
 10
342.261421
 20
33.614900
 10
342.508103
 20
33.598504
 10
342.575267
 20
33.616439
 10
342.598702
 20
33.652797
 10
342.514344
 20
33.764329
 10
342.284655
 20
33.903783
 10
341.944715
 20
34.053359
 10
341.529605
 20
34.195258
 10
341.074532
 20
34.363787
 10
340.625783
 20
34.585870
 10
340.235055
 20
34.832632
 10
339.954046
 20
35.075202
 10
339.802801
 20
35.266515
 10
339.716896
 20
35.425689
 10
339.690452
 20
35.546741
 10
339.717591
 20
35.623687
 10
339.792435
 20
35.650544
 10
339.909105
 20
35.621330
 10
340.061724
 20
35.530061
 10
340.244414
 20
35.370754
 10
340.464346
 20
35.202779
 10
340.786792
 20
35.018877
 10
341.576687
 20
34.666128
 10
342.289018
 20
34.438170
 10
342.514509
 20
34.410259
 10
342.576807
 20
34.424692
 10
342.598702
 20
34.460670
 10
342.523896
 20
34.575621
 10
342.320215
 20
34.721255
 10
342.018768
 20
34.878897
 10
341.650663
 20
35.029869
 10
341.242717
 20
35.198875
 10
340.828197
 20
35.408702
 10
340.054602
 20
35.896426
 10
339.480206
 20
36.384248
 10
339.314684
 20
36.594199
 10
339.255334
 20
36.763377
 10
339.282037
 20
36.797115
 10
339.358568
 20
36.795854
 10
339.639651
 20
36.697807
 10
340.055653
 20
36.488183
 10
340.563645
 20
36.185929
 10
341.105805
 20
35.864034
 10
341.614840
 20
35.600934
 10
342.033612
 20
35.423743
 10
342.304982
 20
35.359577
 10
342.367421
 20
35.374255
 10
342.378216
 20
35.415092
 10
342.257508
 20
35.563890
 10
341.968113
 20
35.783271
 10
341.535288
 20
36.050531
 10
340.440680
 20
36.720609
 10
339.630539
 20
37.300929
 10
339.364162
 20
37.531762
 10
339.207322
 20
37.709354
 10
339.172827
 20
37.823438
 10
339.273485
 20
37.863748
 10
339.437956
 20
37.879420
 10
339.498259
 20
37.933402
 10
339.455568
 20
38.036141
 10
339.311057
 20
38.198085
 10
339.181240
 20
38.360313
 10
339.074932
 20
38.554872
 10
339.003102
 20
38.757312
 10
338.976720
 20
38.943186
 10
339.007181
 20
39.112292
 10
339.048526
 20
39.145949
 10
339.110188
 20
39.144931
 10
339.303182
 20
39.036643
 10
339.603602
 20
38.782974
 10
340.264602
 20
38.252392
 10
340.870279
 20
37.885174
 10
341.118667
 20
37.779476
 10
341.312779
 20
37.734598
 10
341.439132
 20
37.757201
 10
341.484246
 20
37.853944
 10
341.463827
 20
37.965932
 10
341.408231
 20
38.057639
 10
341.325948
 20
38.119604
 10
341.225469
 20
38.142362
 10
341.013079
 20
38.221957
 10
340.703999
 20
38.435213
 10
339.949892
 20
39.109538
 10
339.271386
 20
39.859000
 10
339.056808
 20
40.166176
 10
338.976720
 20
40.377258
 10
338.996897
 20
40.428420
 10
339.054724
 20
40.435988
 10
339.267110
 20
40.331168
 10
339.581442
 20
40.084448
 10
339.965280
 20
39.717477
 10
340.374343
 20
39.322251
 10
340.757349
 20
38.998595
 10
341.071373
 20
38.779908
 10
341.273489
 20
38.699590
 10
341.316686
 20
38.718838
 10
341.316362
 20
38.774004
 10
341.196798
 20
38.976617
 10
340.938093
 20
39.276485
 10
340.563543
 20
39.642664
 10
339.787856
 20
40.412253
 10
339.607014
 20
40.640277
 10
339.561368
 20
40.756147
 10
339.648815
 20
40.754134
 10
339.867252
 20
40.628511
 10
340.688681
 20
39.983513
 10
341.153071
 20
39.609638
 10
341.563883
 20
39.322328
 10
341.876560
 20
39.149893
 10
342.046547
 20
39.120648
 10
342.073855
 20
39.172528
 10
342.073237
 20
39.272468
 10
341.995745
 20
39.593036
 10
341.829104
 20
40.035369
 10
341.588349
 20
40.552486
 10
341.306721
 20
41.195123
 10
341.102932
 20
41.850996
 10
340.981178
 20
42.503237
 10
340.945656
 20
43.134980
 10
340.964289
 20
44.411177
 10
341.335562
 20
43.222383
 10
341.678267
 20
42.157392
 10
341.911127
 20
41.530479
 10
342.069890
 20
41.259694
 10
342.132659
 20
41.232240
 10
342.190309
 20
41.263086
 10
342.209797
 20
41.409915
 10
342.162526
 20
41.709368
 10
341.905136
 20
42.591755
 10
341.744647
 20
43.167607
 10
341.618813
 20
43.853657
 10
341.540224
 20
44.563917
 10
341.521467
 20
45.212395
 10
341.558700
 20
46.640080
 10
341.741941
 20
45.328374
 10
341.939844
 20
44.337159
 10
342.053347
 20
43.985181
 10
342.158335
 20
43.795997
 10
342.201742
 20
43.777259
 10
342.235609
 20
43.809245
 10
342.273655
 20
44.008442
 10
342.270335
 20
44.359689
 10
342.223511
 20
44.829089
 10
342.177467
 20
45.392847
 10
342.176276
 20
46.001009
 10
342.217474
 20
46.580439
 10
342.298597
 20
47.058001
 10
342.423780
 20
47.469609
 10
342.468159
 20
47.513046
 10
342.502614
 20
47.438161
 10
342.548403
 20
46.903192
 10
342.574448
 20
45.804238
 10
342.657730
 20
44.135581
 10
342.729862
 20
43.554434
 10
342.811929
 20
43.253664
 10
342.853048
 20
43.242243
 10
342.891408
 20
43.334421
 10
342.956495
 20
43.792089
 10
343.000472
 20
44.551703
 10
343.016623
 20
45.538298
 10
343.038109
 20
46.755652
 10
343.106359
 20
47.627278
 10
343.227059
 20
48.196538
 10
343.308855
 20
48.381331
 10
343.405896
 20
48.506794
 10
343.596807
 20
48.670360
 10
343.685420
 20
48.698695
 10
343.680775
 20
48.582321
 10
343.591909
 20
48.311764
 10
343.504525
 20
47.974489
 10
343.416853
 20
47.468086
 10
343.281402
 20
46.222159
 10
343.240902
 20
45.368236
 10
343.255751
 20
45.209725
 10
343.272592
 20
45.198990
 10
343.295954
 20
45.234470
 10
343.458289
 20
45.846589
 10
343.739635
 20
47.230321
 10
343.878883
 20
47.825407
 10
344.053677
 20
48.391482
 10
344.241675
 20
48.864550
 10
344.420536
 20
49.180619
 10
344.613083
 20
49.411842
 10
344.660654
 20
49.445838
 10
344.675653
 20
49.421066
 10
344.408376
 20
48.668979
 10
344.249620
 20
48.150653
 10
344.125340
 20
47.505104
 10
344.047954
 20
46.814612
 10
344.029881
 20
46.161453
 10
344.068002
 20
44.689782
 10
344.260463
 20
46.361466
 10
344.436969
 20
47.424151
 10
344.686996
 20
48.362486
 10
344.963147
 20
49.031673
 10
345.096209
 20
49.220087
 10
345.218028
 20
49.286913
 10
345.225302
 20
49.160503
 10
345.176945
 20
48.816317
 10
344.948689
 20
47.684883
 10
344.637499
 20
46.078308
 10
344.454311
 20
44.538921
 10
344.403757
 20
43.020274
 10
344.490473
 20
41.475922
 10
344.719091
 20
39.859419
 10
345.094244
 20
38.124320
 10
345.620568
 20
36.224179
 10
346.302694
 20
34.112550
 10
347.107645
 20
31.689539
 10
347.360733
 20
30.820592
 10
347.534211
 20
30.078584
 10
347.643067
 20
29.387444
 10
347.702287
 20
28.671096
 10
347.731766
 20
26.858487
 10
347.709165
 20
25.183164
 10
347.611008
 20
24.049510
 10
347.519493
 20
23.596289
 10
347.392164
 20
23.171062
 10
347.007503
 20
22.261356
 10
346.286822
 20
20.850223
 10
346.024952
 20
20.418950
 10
345.843301
 20
20.184539
 10
345.785973
 20
20.144438
 10
345.752799
 20
20.157489
 10
345.764374
 20
20.348302
 10
345.888958
 20
20.767477
 10
346.137479
 20
21.425514
 10
346.487343
 20
22.403027
 10
346.775744
 20
23.434173
 10
347.000495
 20
24.500040
 10
347.159408
 20
25.581713
 10
347.250296
 20
26.660279
 10
347.270972
 20
27.716826
 10
347.219250
 20
28.732438
 10
347.092942
 20
29.688204
 10
346.766374
 20
31.164447
 10
346.601375
 20
31.707665
 10
346.462801
 20
32.018975
 10
346.338558
 20
32.167161
 10
346.301826
 20
32.180298
 10
346.281693
 20
32.151415
 10
346.290237
 20
31.963436
 10
346.362224
 20
31.594925
 10
346.713646
 20
29.800821
 10
346.825882
 20
29.007306
 10
346.897240
 20
28.262475
 10
346.928798
 20
27.551070
 10
346.921634
 20
26.857835
 10
346.876826
 20
26.167514
 10
346.795452
 20
25.464851
 10
346.521044
 20
23.962202
 10
346.138410
 20
22.545376
 10
345.669030
 20
21.253909
 10
345.134385
 20
20.127339
 10
344.849302
 20
19.638245
 10
344.555957
 20
19.205203
 10
344.257037
 20
18.833153
 10
343.955226
 20
18.527039
 10
343.653210
 20
18.291802
 10
343.353674
 20
18.132384
 10
343.059302
 20
18.053729
 10
342.772781
 20
18.060777
 10
342.642383
 20
18.047557
 10
342.467592
 20
17.978562
 10
342.076246
 20
17.718227
 10
341.457047
 20
17.236245
 10
341.279796
 20
17.137471
 10
341.194024
 20
17.130367
 10
341.202164
 20
17.212579
 10
341.306651
 20
17.381752
 10
341.814404
 20
17.971556
 10
342.283567
 20
18.523093
 10
342.810421
 20
19.231943
 10
343.888573
 20
20.877496
 10
344.365560
 20
21.692154
 10
344.751614
 20
22.420037
 10
345.009579
 20
23.000123
 10
345.102298
 20
23.371389
 10
345.078439
 20
23.413579
 10
345.011493
 20
23.370494
 10
344.766999
 20
23.055847
 10
344.406130
 20
22.482157
 10
343.966201
 20
21.704128
 10
343.484778
 20
20.862463
 10
342.989478
 20
20.088207
 10
342.481842
 20
19.383122
 10
341.963411
 20
18.748969
 10
341.435725
 20
18.187508
 10
340.900326
 20
17.700502
 10
340.358754
 20
17.289711
 10
339.812551
 20
16.956896
 10
338.969692
 20
16.543160
 10
338.729622
 20
16.457852
 10
338.613116
 20
16.451943
 10
338.622166
 20
16.524203
 10
338.758768
 20
16.673399
 10
339.422598
 20
17.197680
  0
LWPOLYLINE
  8
ENGRAVE_RED
 62
1
 90
30
 70
1
 10
336.037343
 20
16.921640
 10
335.462691
 20
17.228553
 10
334.452763
 20
17.639872
 10
333.951935
 20
17.852431
 10
333.502911
 20
18.105051
 10
333.100440
 20
18.403528
 10
332.739273
 20
18.753659
 10
332.414160
 20
19.161239
 10
332.119851
 20
19.632065
 10
331.851097
 20
20.171933
 10
331.602647
 20
20.786640
 10
331.450501
 20
21.157626
 10
331.322958
 20
21.386517
 10
331.233387
 20
21.455000
 10
331.195159
 20
21.344762
 10
331.227915
 20
21.039371
 10
331.338010
 20
20.659117
 10
331.512499
 20
20.228208
 10
331.738434
 20
19.770857
 10
332.292851
 20
18.873663
 10
332.595440
 20
18.482242
 10
332.897685
 20
18.161217
 10
333.250270
 20
17.887748
 10
333.720963
 20
17.599603
 10
334.248300
 20
17.331064
 10
334.770819
 20
17.116415
 10
335.602437
 20
16.834448
 10
336.061861
 20
16.712437
 10
336.165532
 20
16.709333
 10
336.192394
 20
16.743720
  0
LWPOLYLINE
  8
ENGRAVE_RED
 62
1
 90
25
 70
1
 10
344.105981
 20
19.380223
 10
344.595663
 20
20.097360
 10
345.030209
 20
20.841045
 10
345.407942
 20
21.606707
 10
345.727191
 20
22.389777
 10
345.986280
 20
23.185683
 10
346.183537
 20
23.989857
 10
346.317286
 20
24.797727
 10
346.385854
 20
25.604724
 10
346.465532
 20
27.415715
 10
346.214971
 20
25.622169
 10
346.070860
 20
24.783461
 10
345.875237
 20
23.952685
 10
345.631014
 20
23.137118
 10
345.341102
 20
22.344041
 10
345.008414
 20
21.580730
 10
344.635860
 20
20.854465
 10
344.226352
 20
20.172525
 10
343.782803
 20
19.542188
 10
343.156707
 20
18.628810
 10
342.997627
 20
18.319576
 10
342.976471
 20
18.168734
 10
343.024296
 20
18.168688
 10
343.108063
 20
18.221861
 10
343.364887
 20
18.467987
  0
LWPOLYLINE
  8
ENGRAVE_RED
 62
1
 90
49
 70
1
 10
331.155947
 20
23.593720
 10
331.238168
 20
24.339011
 10
331.444387
 20
25.057729
 10
331.762344
 20
25.734378
 10
332.179774
 20
26.353465
 10
332.684416
 20
26.899493
 10
333.264008
 20
27.356970
 10
333.906286
 20
27.710400
 10
334.598989
 20
27.944289
 10
335.064282
 20
28.010526
 10
335.558871
 20
28.001937
 10
336.067215
 20
27.923876
 10
336.573771
 20
27.781699
 10
337.062999
 20
27.580761
 10
337.519357
 20
27.326417
 10
337.927303
 20
27.024022
 10
338.271296
 20
26.678932
 10
338.578414
 20
26.338005
 10
338.826467
 20
26.107246
 10
339.007971
 20
25.983323
 10
339.115438
 20
25.962907
 10
339.141383
 20
26.042668
 10
339.078320
 20
26.219277
 10
338.918764
 20
26.489403
 10
338.655229
 20
26.849716
 10
338.221110
 20
27.322329
 10
337.740900
 20
27.703772
 10
337.223156
 20
27.996362
 10
336.676436
 20
28.202416
 10
336.109294
 20
28.324253
 10
335.530289
 20
28.364187
 10
334.947976
 20
28.324537
 10
334.370912
 20
28.207620
 10
333.807655
 20
28.015752
 10
333.266760
 20
27.751251
 10
332.756784
 20
27.416433
 10
332.286283
 20
27.013616
 10
331.863816
 20
26.545117
 10
331.497937
 20
26.013253
 10
331.197203
 20
25.420340
 10
330.970172
 20
24.768696
 10
330.883036
 20
24.346038
 10
330.844337
 20
23.916235
 10
330.855756
 20
23.529568
 10
330.918971
 20
23.236319
 10
331.027776
 20
22.998791
 10
331.066868
 20
22.957342
 10
331.097310
 20
22.969787
 10
331.136919
 20
23.163399
  0
LWPOLYLINE
  8
ENGRAVE_RED
 62
1
 90
22
 70
1
 10
341.484246
 20
37.027897
 10
341.444674
 20
37.136078
 10
341.336929
 20
37.224669
 10
341.177466
 20
37.284527
 10
340.982741
 20
37.306511
 10
340.762001
 20
37.332526
 10
340.531706
 20
37.403359
 10
340.319128
 20
37.508191
 10
340.151543
 20
37.636205
 10
340.010127
 20
37.750817
 10
339.868805
 20
37.819159
 10
339.743968
 20
37.835987
 10
339.652008
 20
37.796057
 10
339.635196
 20
37.752989
 10
339.652966
 20
37.695512
 10
339.781126
 20
37.547306
 10
340.014241
 20
37.371398
 10
340.330062
 20
37.187749
 10
340.929095
 20
36.893416
 10
341.279325
 20
36.774454
 10
341.380737
 20
36.778023
 10
341.443469
 20
36.822177
  0
LWPOLYLINE
  8
ENGRAVE_RED
 62
1
 90
163
 70
1
 10
329.376660
 20
19.121158
 10
328.833155
 20
19.734046
 10
328.375846
 20
20.400612
 10
328.002262
 20
21.124996
 10
327.709930
 20
21.911335
 10
327.631577
 20
22.221932
 10
327.647767
 20
22.384988
 10
327.695934
 20
22.417687
 10
327.773280
 20
22.421300
 10
328.022901
 20
22.351667
 10
328.288533
 20
22.264189
 10
328.384202
 20
22.276205
 10
328.314363
 20
22.413456
 10
328.083470
 20
22.701688
 10
327.713796
 20
23.234203
 10
327.450210
 20
23.763489
 10
327.369239
 20
24.021368
 10
327.373587
 20
24.130519
 10
327.475312
 20
24.099866
 10
327.686474
 20
23.938333
 10
328.001831
 20
23.723312
 10
328.072669
 20
23.723762
 10
328.085485
 20
23.797057
 10
327.936662
 20
24.164807
 10
327.554588
 20
24.831802
 10
327.340037
 20
25.218980
 10
327.167014
 20
25.598828
 10
327.053186
 20
25.927700
 10
327.016216
 20
26.161952
 10
327.044588
 20
26.292923
 10
327.110283
 20
26.299873
 10
327.208981
 20
26.185623
 10
327.336364
 20
25.952991
 10
327.472828
 20
25.709585
 10
327.620888
 20
25.510256
 10
327.762696
 20
25.375575
 10
327.880398
 20
25.326110
 10
327.917066
 20
25.349407
 10
327.928298
 20
25.416178
 10
327.880041
 20
25.661415
 10
327.746806
 20
26.024366
 10
327.539767
 20
26.467577
 10
327.326179
 20
26.943419
 10
327.175109
 20
27.395218
 10
327.100457
 20
27.771950
 10
327.116125
 20
28.022591
 10
327.144771
 20
28.230238
 10
327.105454
 20
28.489905
 10
327.006680
 20
28.768449
 10
326.856953
 20
29.032723
 10
326.575790
 20
29.495433
 10
326.454013
 20
29.829089
 10
326.455167
 20
29.932991
 10
326.498894
 20
29.987192
 10
326.586104
 20
29.985879
 10
326.717705
 20
29.923241
 10
326.825885
 20
29.878366
 10
326.914476
 20
29.883473
 10
326.974334
 20
29.935069
 10
326.996319
 20
30.029662
 10
326.974452
 20
30.151357
 10
326.914915
 20
30.276743
 10
326.719202
 20
30.479543
 10
326.588339
 20
30.594283
 10
326.436880
 20
30.780089
 10
326.147245
 20
31.262175
 10
326.054841
 20
31.490599
 10
326.056498
 20
31.534368
 10
326.090749
 20
31.530806
 10
326.259088
 20
31.380577
 10
326.563976
 20
31.037697
 10
326.829405
 20
30.684281
 10
327.026090
 20
30.339895
 10
327.135201
 20
30.043969
 10
327.137904
 20
29.835939
 10
327.119097
 20
29.626879
 10
327.169640
 20
29.328157
 10
327.279644
 20
28.979632
 10
327.439225
 20
28.621164
 10
327.585864
 20
28.306277
 10
327.660637
 20
28.076417
 10
327.659037
 20
27.953318
 10
327.576558
 20
27.958719
 10
327.445366
 20
28.024053
 10
327.355838
 20
28.033151
 10
327.307793
 20
27.987638
 10
327.301050
 20
27.889139
 10
327.410747
 20
27.539686
 10
327.683482
 20
26.997794
 10
328.072285
 20
26.301259
 10
328.054001
 20
27.276408
 10
328.020762
 20
27.710001
 10
327.943794
 20
28.169714
 10
327.834560
 20
28.600695
 10
327.704523
 20
28.948092
 10
327.584402
 20
29.255718
 10
327.502162
 20
29.578414
 10
327.465149
 20
29.877865
 10
327.480706
 20
30.115757
 10
327.481393
 20
30.238648
 10
327.437332
 20
30.394150
 10
327.225926
 20
30.786327
 10
326.868410
 20
31.258968
 10
326.386705
 20
31.778749
 10
325.954592
 20
32.226822
 10
325.718596
 20
32.515037
 10
325.677807
 20
32.593665
 10
325.690445
 20
32.625687
 10
325.881868
 20
32.541063
 10
326.227913
 20
32.260943
 10
326.655212
 20
31.815776
 10
327.109476
 20
31.266784
 10
327.536415
 20
30.675191
 10
328.244540
 20
29.692317
 10
328.484492
 20
29.417861
 10
328.601762
 20
29.346202
 10
328.619388
 20
29.467861
 10
328.554571
 20
29.693310
 10
328.224553
 20
30.371542
 10
327.705611
 20
31.212829
 10
327.091645
 20
32.049100
 10
326.330887
 20
32.987994
 10
327.220835
 20
32.169679
 10
327.797098
 20
31.706339
 10
327.979498
 20
31.610412
 10
328.084377
 20
31.601328
 10
328.106462
 20
31.676348
 10
328.040478
 20
31.832733
 10
327.623206
 20
32.378642
 10
327.358991
 20
32.682351
 10
327.286131
 20
32.801481
 10
327.416634
 20
32.750160
 10
327.762513
 20
32.542520
 10
328.006042
 20
32.359809
 10
328.205704
 20
32.147006
 10
328.340880
 20
31.930547
 10
328.390947
 20
31.736867
 10
328.418622
 20
31.375662
 10
328.495458
 20
30.961791
 10
328.774126
 20
30.037482
 10
329.181962
 20
29.086810
 10
329.673979
 20
28.232646
 10
330.077682
 20
27.608088
 10
330.186638
 20
27.381543
 10
330.237186
 20
27.181272
 10
330.231967
 20
26.984111
 10
330.173624
 20
26.766900
 10
329.908131
 20
26.179678
 10
329.707084
 20
25.627251
 10
329.527513
 20
24.871316
 10
329.386557
 20
23.998942
 10
329.301356
 20
23.097198
 10
329.261212
 20
21.960516
 10
329.320039
 20
21.141396
 10
329.396454
 20
20.790636
 10
329.509478
 20
20.446922
 10
329.861173
 20
19.684176
 10
330.266866
 20
18.808001
 10
330.339182
 20
18.555134
 10
330.323852
 20
18.425018
 10
330.220405
 20
18.417109
 10
330.028371
 20
18.530860
 10
329.376666
 20
19.121158
  0
LWPOLYLINE
  8
ENGRAVE_RED
 62
1
 90
48
 70
1
 10
340.098678
 20
21.773781
 10
340.272799
 20
22.204287
 10
340.412169
 20
22.649033
 10
340.517329
 20
23.104668
 10
340.588818
 20
23.567843
 10
340.632941
 20
24.503405
 10
340.548853
 20
25.428916
 10
340.340870
 20
26.317570
 10
340.013307
 20
27.142562
 10
339.806032
 20
27.522809
 10
339.570480
 20
27.877088
 10
339.307191
 20
28.202050
 10
339.016704
 20
28.494343
 10
338.825618
 20
28.689320
 10
338.699562
 20
28.881790
 10
338.641526
 20
29.087005
 10
338.654504
 20
29.320222
 10
338.741486
 20
29.596692
 10
338.905464
 20
29.931671
 10
339.476374
 20
30.838171
 10
339.663611
 20
31.029300
 10
339.878508
 20
31.091539
 10
340.119380
 20
31.026430
 10
340.384543
 20
30.835515
 10
340.672310
 20
30.520338
 10
340.980997
 20
30.082440
 10
341.308918
 20
29.523366
 10
341.654389
 20
28.844656
 10
342.123988
 20
27.720704
 10
342.298208
 20
27.177608
 10
342.432080
 20
26.647482
 10
342.525634
 20
26.130614
 10
342.578899
 20
25.627290
 10
342.591903
 20
25.137797
 10
342.564676
 20
24.662422
 10
342.497246
 20
24.201454
 10
342.389643
 20
23.755178
 10
342.241896
 20
23.323882
 10
342.054033
 20
22.907853
 10
341.826084
 20
22.507378
 10
341.558078
 20
22.122745
 10
341.250043
 20
21.754240
 10
340.902010
 20
21.402151
 10
340.180325
 20
20.790837
 10
339.952957
 20
20.659727
 10
339.812833
 20
20.645786
 10
339.758647
 20
20.749617
 10
339.789095
 20
20.971825
  0
LWPOLYLINE
  8
ENGRAVE_RED
 62
1
 90
40
 70
1
 10
348.449595
 20
26.291060
 10
348.456653
 20
26.698726
 10
348.494912
 20
27.036421
 10
348.589993
 20
27.340022
 10
348.767520
 20
27.645401
 10
349.053116
 20
27.988435
 10
349.472404
 20
28.404998
 10
350.814549
 20
29.602210
 10
351.601108
 20
30.264966
 10
352.384629
 20
30.878341
 10
353.146081
 20
31.430321
 10
353.866431
 20
31.908888
 10
354.526647
 20
32.302025
 10
355.107699
 20
32.597715
 10
355.590553
 20
32.783942
 10
355.956178
 20
32.848688
 10
356.002178
 20
32.833049
 10
356.029676
 20
32.788230
 10
356.031168
 20
32.623620
 10
355.964657
 20
32.379996
 10
355.834148
 20
32.082499
 10
355.515666
 20
31.398153
 10
355.298623
 20
30.828736
 10
355.202943
 20
30.639420
 10
355.049471
 20
30.484387
 10
354.859364
 20
30.379634
 10
354.653783
 20
30.341162
 10
354.468582
 20
30.318978
 10
354.249317
 20
30.254552
 10
353.725176
 20
30.011732
 10
353.114528
 20
29.638217
 10
352.450543
 20
29.159523
 10
351.766390
 20
28.601165
 10
351.095236
 20
27.988657
 10
350.470252
 20
27.347514
 10
349.924606
 20
26.703252
 10
348.988714
 20
25.533874
 10
348.544196
 20
25.047496
 10
348.507464
 20
25.145621
 10
348.477383
 20
25.412793
  0
LWPOLYLINE
  8
ENGRAVE_RED
 62
1
 90
228
 70
1
 10
357.760866
 20
27.801784
 10
357.458538
 20
28.013530
 10
357.183143
 20
28.260403
 10
356.935852
 20
28.536847
 10
356.717838
 20
28.837306
 10
356.374337
 20
29.488047
 10
356.162023
 20
30.168182
 10
356.107995
 20
30.505384
 10
356.090282
 20
30.833267
 10
356.110060
 20
31.146277
 10
356.168499
 20
31.438857
 10
356.266774
 20
31.705453
 10
356.406058
 20
31.940508
 10
356.587524
 20
32.138467
 10
356.812345
 20
32.293775
 10
357.112675
 20
32.425392
 10
357.429280
 20
32.511942
 10
357.751174
 20
32.554229
 10
358.067371
 20
32.553055
 10
358.366885
 20
32.509224
 10
358.638729
 20
32.423538
 10
358.871918
 20
32.296802
 10
359.055466
 20
32.129817
 10
359.217585
 20
31.877678
 10
359.279183
 20
31.608070
 10
359.241866
 20
31.281562
 10
359.107239
 20
30.858722
 10
358.976712
 20
30.475038
 10
358.933152
 20
30.236035
 10
358.976564
 20
30.126766
 10
359.106948
 20
30.132282
 10
359.248974
 20
30.234070
 10
359.404150
 20
30.434038
 10
359.553713
 20
30.703291
 10
359.678894
 20
31.012932
 10
359.752070
 20
31.291307
 10
359.784108
 20
31.560447
 10
359.776361
 20
31.819146
 10
359.730185
 20
32.066202
 10
359.646934
 20
32.300410
 10
359.527964
 20
32.520568
 10
359.374629
 20
32.725471
 10
359.188284
 20
32.913915
 10
358.721984
 20
33.236615
 10
358.139904
 20
33.479037
 10
357.452881
 20
33.631551
 10
356.671755
 20
33.684529
 10
356.120965
 20
33.618895
 10
355.467041
 20
33.430756
 10
354.734231
 20
33.133261
 10
353.946782
 20
32.739559
 10
353.128942
 20
32.262797
 10
352.304957
 20
31.716123
 10
351.499077
 20
31.112685
 10
350.735547
 20
30.465632
 10
349.706348
 20
29.604192
 10
349.312257
 20
29.336885
 10
348.995265
 20
29.177290
 10
348.752944
 20
29.124486
 10
348.582865
 20
29.177550
 10
348.482599
 20
29.335558
 10
348.449716
 20
29.597590
 10
348.522452
 20
29.824260
 10
348.715802
 20
30.160639
 10
349.315201
 20
30.978491
 10
349.949622
 20
31.683080
 10
350.186751
 20
31.877880
 10
350.268983
 20
31.915778
 10
350.320778
 20
31.906340
 10
350.301431
 20
31.764467
 10
350.148829
 20
31.478108
 10
349.545598
 20
30.638350
 10
348.945096
 20
29.795864
 10
348.795446
 20
29.506551
 10
348.779706
 20
29.361073
 10
348.824801
 20
29.355251
 10
348.897948
 20
29.394664
 10
349.113103
 20
29.592916
 10
349.711815
 20
30.353185
 10
350.081359
 20
30.848110
 10
350.505291
 20
31.355484
 10
350.931270
 20
31.815718
 10
351.306955
 20
32.169223
 10
351.770401
 20
32.615853
 10
351.861952
 20
32.753782
 10
351.864649
 20
32.829823
 10
351.781940
 20
32.840249
 10
351.617271
 20
32.781338
 10
351.055837
 20
32.440602
 10
350.813686
 20
32.297863
 10
350.585061
 20
32.210885
 10
350.395702
 20
32.186526
 10
350.271350
 20
32.231642
 10
350.211510
 20
32.248895
 10
350.118398
 20
32.221021
 10
349.851174
 20
32.044902
 10
349.507310
 20
31.733321
 10
349.124438
 20
31.316311
 10
348.757168
 20
30.908691
 10
348.455783
 20
30.622678
 10
348.251428
 20
30.484401
 10
348.195370
 20
30.478828
 10
348.175250
 20
30.519988
 10
348.275360
 20
30.756671
 10
348.551050
 20
31.165926
 10
348.960140
 20
31.690262
 10
349.460447
 20
32.272183
 10
350.330122
 20
33.325908
 10
350.562834
 20
33.678302
 10
350.612149
 20
33.788295
 10
350.610481
 20
33.845548
 10
350.556864
 20
33.845021
 10
350.457291
 20
33.789415
 10
350.143168
 20
33.533598
 10
349.215252
 20
32.587966
 10
347.959327
 20
31.191079
 10
347.784491
 20
32.065266
 10
347.732089
 20
32.487086
 10
347.758590
 20
32.848510
 10
347.866163
 20
33.160431
 10
348.056978
 20
33.433742
 10
348.215817
 20
33.649691
 10
348.317621
 20
33.872280
 10
348.353887
 20
34.075296
 10
348.316112
 20
34.232531
 10
348.279558
 20
34.344870
 10
348.282044
 20
34.493759
 10
348.391339
 20
34.881881
 10
348.618401
 20
35.358297
 10
348.937635
 20
35.884404
 10
349.323445
 20
36.421600
 10
349.750236
 20
36.931285
 10
350.192412
 20
37.374856
 10
350.624377
 20
37.713712
 10
351.520430
 20
38.221080
 10
351.940182
 20
38.403626
 10
352.325649
 20
38.534355
 10
352.665258
 20
38.609971
 10
352.947432
 20
38.627182
 10
353.160596
 20
38.582693
 10
353.293174
 20
38.473210
 10
353.325269
 20
38.274074
 10
353.288605
 20
37.932593
 10
353.191427
 20
37.496644
 10
353.041980
 20
37.014103
 10
352.783550
 20
36.137882
 10
352.734111
 20
35.842156
 10
352.750605
 20
35.698894
 10
352.875360
 20
35.695815
 10
353.120696
 20
35.781778
 10
353.831268
 20
36.160276
 10
354.576533
 20
36.575956
 10
354.859421
 20
36.702170
 10
355.030033
 20
36.748242
 10
355.060913
 20
36.736762
 10
355.053994
 20
36.704271
 10
354.937588
 20
36.585327
 10
354.370264
 20
36.195109
 10
353.680872
 20
35.736202
 10
353.530181
 20
35.600164
 10
353.506565
 20
35.528629
 10
353.608324
 20
35.523269
 10
353.833761
 20
35.585754
 10
354.648878
 20
35.920944
 10
355.346048
 20
36.187914
 10
356.040197
 20
36.353509
 10
356.733982
 20
36.417389
 10
357.430060
 20
36.379213
 10
358.131090
 20
36.238642
 10
358.839729
 20
35.995336
 10
359.558634
 20
35.648954
 10
360.290463
 20
35.199156
 10
361.054090
 20
34.744016
 10
361.295929
 20
34.645396
 10
361.432303
 20
34.629125
 10
361.458094
 20
34.651023
 10
361.454102
 20
34.692491
 10
361.352214
 20
34.832782
 10
361.117529
 20
35.047283
 10
360.740935
 20
35.333283
 10
360.247663
 20
35.661194
 10
359.747778
 20
35.947146
 10
359.241254
 20
36.191149
 10
358.728065
 20
36.393212
 10
358.208184
 20
36.553344
 10
357.681585
 20
36.671554
 10
357.148241
 20
36.747852
 10
356.608126
 20
36.782247
 10
355.952477
 20
36.806037
 10
355.668293
 20
36.842898
 10
355.657475
 20
36.869768
 10
355.729894
 20
36.904150
 10
356.111601
 20
37.001110
 10
356.628930
 20
37.074680
 10
357.207465
 20
37.085096
 10
357.825235
 20
37.036789
 10
358.460264
 20
36.934187
 10
359.090580
 20
36.781721
 10
359.694208
 20
36.583819
 10
360.249174
 20
36.344911
 10
360.733506
 20
36.069428
 10
361.152424
 20
35.760605
 10
361.539870
 20
35.412218
 10
361.894260
 20
35.029509
 10
362.214009
 20
34.617722
 10
362.497536
 20
34.182100
 10
362.743255
 20
33.727887
 10
362.949585
 20
33.260326
 10
363.114941
 20
32.784660
 10
363.237739
 20
32.306133
 10
363.316397
 20
31.829989
 10
363.349331
 20
31.361471
 10
363.334958
 20
30.905823
 10
363.271693
 20
30.468287
 10
363.157954
 20
30.054107
 10
362.992157
 20
29.668527
 10
362.772719
 20
29.316791
 10
362.216171
 20
28.660014
 10
361.619454
 20
28.130676
 10
360.992663
 20
27.731829
 10
360.345896
 20
27.466526
 10
359.689248
 20
27.337818
 10
359.360374
 20
27.325641
 10
359.032816
 20
27.348757
 10
358.707837
 20
27.407548
 10
358.386697
 20
27.502395
 10
358.070660
 20
27.633680
 10
357.760987
 20
27.801784
  0
LWPOLYLINE
  8
ENGRAVE_RED
 62
1
 90
58
 70
1
 10
360.410192
 20
28.321643
 10
360.822780
 20
28.567655
 10
361.239941
 20
28.877379
 10
361.613009
 20
29.211185
 10
361.893321
 20
29.529440
 10
362.118886
 20
29.910684
 10
362.311658
 20
30.372756
 10
362.464866
 20
30.875075
 10
362.571742
 20
31.377061
 10
362.625517
 20
31.838134
 10
362.619420
 20
32.217714
 10
362.546684
 20
32.475220
 10
362.483210
 20
32.545515
 10
362.400537
 20
32.570074
 10
362.285002
 20
32.548596
 10
362.215659
 20
32.490119
 10
362.197875
 20
32.403573
 10
362.237014
 20
32.297888
 10
362.313652
 20
32.032754
 10
362.298234
 20
31.668025
 10
362.203046
 20
31.234408
 10
362.040376
 20
30.762610
 10
361.822508
 20
30.283337
 10
361.561731
 20
29.827297
 10
361.270328
 20
29.425194
 10
360.960588
 20
29.107737
 10
360.689856
 20
28.903164
 10
360.410745
 20
28.735942
 10
360.126150
 20
28.605417
 10
359.838963
 20
28.510932
 10
359.268397
 20
28.427461
 10
358.722201
 20
28.480285
 10
358.465478
 20
28.556168
 10
358.223530
 20
28.664157
 10
357.999253
 20
28.803598
 10
357.795539
 20
28.973834
 10
357.615284
 20
29.174209
 10
357.461382
 20
29.404068
 10
357.336727
 20
29.662756
 10
357.244214
 20
29.949616
 10
357.159616
 20
30.222475
 10
357.065813
 20
30.421398
 10
356.974223
 20
30.527596
 10
356.896262
 20
30.522278
 10
356.839346
 20
30.436413
 10
356.812720
 20
30.326716
 10
356.841476
 20
30.049601
 10
356.964801
 20
29.718487
 10
357.164966
 20
29.360928
 10
357.424242
 20
29.004474
 10
357.724900
 20
28.676681
 10
358.049209
 20
28.405100
 10
358.379441
 20
28.217284
 10
359.006877
 20
27.955058
 10
359.211242
 20
27.891942
 10
359.385060
 20
27.876336
 10
359.560098
 20
27.909870
 10
359.768121
 20
27.994178
  0
LWPOLYLINE
  8
ENGRAVE_RED
 62
1
 90
13
 70
1
 10
348.750329
 20
33.026905
 10
349.113408
 20
33.429349
 10
349.241553
 20
33.610389
 10
349.219114
 20
33.628349
 10
349.139849
 20
33.603519
 10
348.813380
 20
33.442231
 10
348.378564
 20
33.167729
 10
348.067374
 20
32.876662
 10
347.914902
 20
32.611155
 10
347.909152
 20
32.501149
 10
347.956242
 20
32.413330
 10
348.055924
 20
32.424721
 10
348.238870
 20
32.544203
  0
LWPOLYLINE
  8
ENGRAVE_RED
 62
1
 90
13
 70
1
 10
349.125791
 20
34.665660
 10
349.322901
 20
34.834726
 10
349.462701
 20
34.994794
 10
349.532294
 20
35.127814
 10
349.518787
 20
35.215737
 10
349.423003
 20
35.227504
 10
349.268575
 20
35.153173
 10
349.076822
 20
35.006364
 10
348.869062
 20
34.800695
 10
348.553295
 20
34.423267
 10
348.491295
 20
34.319999
 10
348.492739
 20
34.273946
 10
348.684527
 20
34.354241
  0
LWPOLYLINE
  8
ENGRAVE_RED
 62
1
 90
320
 70
1
 10
329.871563
 20
29.345720
 10
329.635192
 20
29.907365
 10
329.639860
 20
29.950964
 10
329.669964
 20
29.956359
 10
329.806350
 20
29.853587
 10
330.072153
 20
29.622107
 10
330.262339
 20
29.498742
 10
330.376835
 20
29.473869
 10
330.415564
 20
29.537869
 10
330.378452
 20
29.681119
 10
330.265422
 20
29.893999
 10
329.811312
 20
30.490162
 10
329.476260
 20
30.899275
 10
329.203208
 20
31.285165
 10
329.020238
 20
31.604408
 10
328.955433
 20
31.813578
 10
328.968872
 20
31.865953
 10
329.003963
 20
31.884583
 10
329.129584
 20
31.827629
 10
329.313245
 20
31.656745
 10
329.535900
 20
31.385964
 10
330.015150
 20
30.844843
 10
330.219721
 20
30.680233
 10
330.364663
 20
30.619776
 10
330.399218
 20
30.643375
 10
330.398408
 20
30.711012
 10
330.300214
 20
30.959427
 10
330.089128
 20
31.327082
 10
329.784197
 20
31.776035
 10
329.257047
 20
32.591609
 10
328.962501
 20
33.194990
 10
328.924677
 20
33.355109
 10
328.937016
 20
33.388927
 10
328.971671
 20
33.387782
 10
329.112372
 20
33.268209
 10
329.355668
 20
32.971591
 10
329.552365
 20
32.735840
 10
329.683703
 20
32.627292
 10
329.751932
 20
32.631242
 10
329.759303
 20
32.732988
 10
329.600475
 20
33.171047
 10
329.225222
 20
33.823836
 10
328.824236
 20
34.514927
 10
328.723990
 20
34.757540
 10
328.690575
 20
34.917501
 10
328.723990
 20
34.984287
 10
328.824236
 20
34.947376
 10
328.991314
 20
34.796245
 10
329.225222
 20
34.520371
 10
329.433242
 20
34.278426
 10
329.594567
 20
34.136268
 10
329.705986
 20
34.086168
 10
329.764287
 20
34.120395
 10
329.766256
 20
34.231217
 10
329.708683
 20
34.410904
 10
329.402057
 20
34.945951
 10
329.076330
 20
35.538692
 10
328.827367
 20
36.192055
 10
328.633065
 20
36.888590
 10
329.225222
 20
36.192055
 10
329.817378
 20
35.495520
 10
329.630759
 20
36.157293
 10
329.566776
 20
36.438949
 10
329.565453
 20
36.610189
 10
329.627244
 20
36.672763
 10
329.752600
 20
36.628423
 10
329.893634
 20
36.559504
 10
329.989142
 20
36.551968
 10
330.039786
 20
36.600541
 10
330.046228
 20
36.699951
 10
329.929150
 20
37.030187
 10
329.643201
 20
37.500493
 10
329.493373
 20
37.764503
 10
329.394322
 20
38.042325
 10
329.354596
 20
38.300924
 10
329.382740
 20
38.507265
 10
329.397423
 20
38.612862
 10
329.375501
 20
38.750150
 10
329.231931
 20
39.100544
 10
328.972204
 20
39.519939
 10
328.616494
 20
39.969829
 10
328.264204
 20
40.392453
 10
328.083211
 20
40.660240
 10
328.058120
 20
40.733736
 10
328.077255
 20
40.765724
 10
328.250073
 20
40.701440
 10
328.818582
 20
40.340375
 10
329.314541
 20
39.943207
 10
329.784890
 20
39.467539
 10
330.276569
 20
38.870970
 10
330.517434
 20
38.587601
 10
330.714682
 20
38.410221
 10
330.847957
 20
38.353261
 10
330.884245
 20
38.374449
 10
330.896906
 20
38.431154
 10
330.795570
 20
38.669563
 10
330.519658
 20
39.049658
 10
330.111307
 20
39.519118
 10
329.612658
 20
40.025627
 10
328.990860
 20
40.583359
 10
328.493483
 20
40.938886
 10
328.092912
 20
41.108355
 10
327.920299
 20
41.128363
 10
327.761532
 20
41.107912
 10
327.523646
 20
41.058271
 10
327.399897
 20
41.064780
 10
327.388049
 20
41.128597
 10
327.485867
 20
41.250882
 10
327.706186
 20
41.381503
 10
328.005576
 20
41.429815
 10
328.363512
 20
41.402320
 10
328.759470
 20
41.305519
 10
329.172925
 20
41.145913
 10
329.583353
 20
40.930005
 10
329.970230
 20
40.664296
 10
330.313032
 20
40.355289
 10
330.651264
 20
39.957195
 10
331.009057
 20
39.462543
 10
331.343765
 20
38.934324
 10
331.612741
 20
38.435531
 10
332.061032
 20
37.641737
 10
332.250618
 20
37.399531
 10
332.383448
 20
37.309707
 10
332.415424
 20
37.335524
 10
332.416672
 20
37.410746
 10
332.335052
 20
37.688194
 10
332.154719
 20
38.099634
 10
331.891807
 20
38.602644
 10
331.411409
 20
39.549261
 10
331.289570
 20
39.861525
 10
331.273682
 20
40.005071
 10
331.329333
 20
40.017813
 10
331.415371
 20
39.980506
 10
331.664446
 20
39.773857
 10
332.371434
 20
38.959220
 10
333.168018
 20
37.850990
 10
333.529085
 20
37.277350
 10
333.827565
 20
36.738998
 10
334.121251
 20
36.202088
 10
334.402906
 20
35.762406
 10
334.640547
 20
35.465324
 10
334.802195
 20
35.356213
 10
334.866833
 20
35.421221
 10
334.922509
 20
35.608387
 10
335.007098
 20
36.302069
 10
335.056210
 20
37.342999
 10
335.070092
 20
38.636919
 10
334.993159
 20
41.606691
 10
334.902839
 20
43.094024
 10
334.778280
 20
44.457311
 10
334.543401
 20
46.139151
 10
334.219051
 20
47.786872
 10
333.808335
 20
49.391627
 10
333.314354
 20
50.944568
 10
332.740213
 20
52.436846
 10
332.089016
 20
53.859614
 10
331.363866
 20
55.204022
 10
330.567866
 20
56.461223
 10
330.170974
 20
57.066554
 10
329.994549
 20
57.426890
 10
329.983952
 20
57.533369
 10
330.022399
 20
57.600420
 10
330.107866
 20
57.635317
 10
330.238329
 20
57.645333
 10
330.602422
 20
57.596991
 10
331.038412
 20
57.462434
 10
331.518682
 20
57.257364
 10
332.015616
 20
56.997484
 10
332.501595
 20
56.698497
 10
332.949004
 20
56.376104
 10
333.330225
 20
56.046008
 10
333.617641
 20
55.723912
 10
334.083770
 20
55.014843
 10
334.471312
 20
54.233164
 10
334.789099
 20
53.334363
 10
335.045960
 20
52.273929
 10
335.250726
 20
51.007350
 10
335.412225
 20
49.490113
 10
335.539289
 20
47.677709
 10
335.640747
 20
45.525624
 10
335.767764
 20
42.973047
 10
335.940659
 20
40.792570
 10
336.171271
 20
38.932723
 10
336.471441
 20
37.342038
 10
336.853008
 20
35.969046
 10
337.078015
 20
35.348100
 10
337.327811
 20
34.762276
 10
337.603875
 20
34.205142
 10
337.907689
 20
33.670262
 10
338.604483
 20
32.641532
 10
339.280929
 20
31.737842
 10
338.511571
 20
30.425030
 10
338.077666
 20
29.707016
 10
337.824630
 20
29.396701
 10
337.741737
 20
29.378586
 10
337.675020
 20
29.443379
 10
337.551392
 20
29.796344
 10
337.408467
 20
30.177203
 10
337.358639
 20
30.213445
 10
337.332799
 20
30.132201
 10
337.299262
 20
29.996975
 10
337.228466
 20
29.886237
 10
337.130790
 20
29.811414
 10
337.016610
 20
29.783934
 10
336.910255
 20
29.820444
 10
336.878577
 20
29.929720
 10
336.921559
 20
30.111375
 10
337.039189
 20
30.365024
 10
337.217680
 20
30.816566
 10
337.239955
 20
30.985949
 10
337.210104
 20
31.086190
 10
337.121898
 20
31.078179
 10
336.985283
 20
30.952816
 10
336.641456
 20
30.435446
 10
336.323970
 20
29.924623
 10
336.241686
 20
29.850722
 10
336.211069
 20
29.885026
 10
336.306912
 20
30.239834
 10
336.615655
 20
30.912224
 10
336.771528
 20
31.253911
 10
336.845827
 20
31.512781
 10
336.836712
 20
31.676875
 10
336.800297
 20
31.719643
 10
336.742338
 20
31.734232
 10
336.678625
 20
31.752328
 10
336.627571
 20
31.805605
 10
336.564279
 20
32.011627
 10
336.554128
 20
32.340152
 10
336.598788
 20
32.779034
 10
336.753633
 20
33.823836
 10
336.330517
 20
32.730317
 10
335.994668
 20
31.943479
 10
335.752314
 20
31.510919
 10
335.684399
 20
31.451260
 10
335.661698
 20
31.508690
 10
335.781061
 20
32.012846
 10
336.054939
 20
32.978736
 10
336.230526
 20
33.776911
 10
336.292345
 20
34.319934
 10
336.275755
 20
34.468441
 10
336.224919
 20
34.520371
 10
336.118164
 20
34.393961
 10
335.964690
 20
34.049775
 10
335.599655
 20
32.918341
 10
335.221990
 20
31.630256
 10
334.931399
 20
30.783032
 10
334.838624
 20
30.534477
 10
334.831935
 20
30.407575
 10
334.916736
 20
30.392501
 10
335.098431
 20
30.479432
 10
335.336912
 20
30.594422
 10
335.377612
 20
30.592651
 10
335.354738
 20
30.548355
 10
335.174510
 20
30.421039
 10
334.936817
 20
30.340686
 10
334.644372
 20
30.228153
 10
334.332506
 20
30.023472
 10
334.280510
 20
30.007871
 10
334.257961
 20
30.068125
 10
334.295757
 20
30.389526
 10
334.434993
 20
30.934330
 10
334.664765
 20
31.649193
 10
335.139759
 20
33.239003
 10
335.535637
 20
34.976738
 10
335.807354
 20
36.633360
 10
335.882575
 20
37.359678
 10
335.909862
 20
37.979829
 10
335.896642
 20
38.312966
 10
335.859123
 20
38.522116
 10
335.803452
 20
38.613589
 10
335.735778
 20
38.593696
 10
335.662248
 20
38.468746
 10
335.589012
 20
38.245051
 10
335.468009
 20
37.526663
 10
335.327223
 20
36.355005
 10
335.152137
 20
35.213645
 10
334.947070
 20
34.120224
 10
334.716339
 20
33.092382
 10
334.464263
 20
32.147761
 10
334.195160
 20
31.304001
 10
333.913349
 20
30.578745
 10
333.623147
 20
29.989632
 10
333.429257
 20
29.720303
 10
333.359323
 20
29.715192
 10
333.301987
 20
29.812131
 10
333.208882
 20
30.359205
 10
333.117488
 20
31.455618
 10
332.999328
 20
32.545605
 10
332.798009
 20
33.515032
 10
332.486594
 20
34.464728
 10
332.038143
 20
35.495520
 10
331.667907
 20
36.226645
 10
331.346086
 20
36.775605
 10
331.107212
 20
37.089278
 10
331.029670
 20
37.141281
 10
330.985813
 20
37.114541
 10
330.970150
 20
36.935107
 10
331.019176
 20
36.691439
 10
331.123450
 20
36.415535
 10
331.273531
 20
36.139392
 10
331.521713
 20
35.682143
 10
331.758794
 20
35.115089
 10
331.977995
 20
34.465477
 10
332.172539
 20
33.760554
 10
332.335649
 20
33.027570
 10
332.460547
 20
32.293770
 10
332.540456
 20
31.586405
 10
332.568598
 20
30.932720
 10
332.539875
 20
30.120581
 10
332.430021
 20
29.538080
 10
332.333569
 20
29.298426
 10
332.203511
 20
29.074761
 10
331.824818
 20
28.620166
 10
331.529134
 20
28.338429
 10
331.267916
 20
28.155766
 10
331.031292
 20
28.075846
 10
330.809391
 20
28.102335
 10
330.592340
 20
28.238899
 10
330.370266
 20
28.489207
 10
330.133298
 20
28.856925
  0
LWPOLYLINE
  8
ENGRAVE_RED
 62
1
 90
12
 70
1
 10
335.827102
 20
30.755582
 10
336.186628
 20
31.409523
 10
336.321126
 20
31.583327
 10
336.400365
 20
31.617318
 10
336.405721
 20
31.501947
 10
336.338918
 20
31.277082
 10
336.065169
 20
30.652830
 10
335.731776
 20
30.052477
 10
335.590419
 20
29.857484
 10
335.491398
 20
29.783934
 10
335.478397
 20
29.860603
 10
335.537358
 20
30.069356
  0
LWPOLYLINE
  8
ENGRAVE_RED
 62
1
 90
882
 70
1
 10
341.679134
 20
31.525271
 10
340.978774
 20
32.293564
 10
340.159422
 20
33.260435
 10
339.808382
 20
33.663276
 10
339.520910
 20
33.940841
 10
339.326673
 20
34.068194
 10
339.273787
 20
34.067749
 10
339.255334
 20
34.020399
 10
339.346072
 20
33.786714
 10
339.593129
 20
33.407933
 10
339.958775
 20
32.936421
 10
340.405276
 20
32.424541
 10
340.868087
 20
31.892029
 10
341.146690
 20
31.500697
 10
341.235935
 20
31.259403
 10
341.207938
 20
31.197788
 10
341.130671
 20
31.177004
 10
340.909983
 20
31.220715
 10
340.665870
 20
31.347304
 10
340.402394
 20
31.549951
 10
340.123619
 20
31.821838
 10
339.536419
 20
32.546053
 10
338.936771
 20
33.465398
 10
338.357178
 20
34.525322
 10
337.830142
 20
35.671272
 10
337.388162
 20
36.848698
 10
337.063742
 20
38.003046
 10
336.877741
 20
38.932380
 10
336.709515
 20
39.990714
 10
336.434684
 20
42.401868
 10
336.255837
 20
45.051484
 10
336.189559
 20
47.754536
 10
336.153402
 20
49.408897
 10
336.045616
 20
50.864218
 10
335.858376
 20
52.146621
 10
335.583856
 20
53.282228
 10
335.214234
 20
54.297162
 10
334.741684
 20
55.217544
 10
334.158382
 20
56.069498
 10
333.456503
 20
56.879144
 10
333.040619
 20
57.284822
 10
332.648228
 20
57.617036
 10
332.323493
 20
57.841505
 10
332.110577
 20
57.923947
 10
331.963099
 20
57.945865
 10
331.816538
 20
58.005542
 10
331.687844
 20
58.093865
 10
331.593969
 20
58.201719
 10
331.556200
 20
58.284627
 10
331.561583
 20
58.338045
 10
331.684556
 20
58.364750
 10
331.928383
 20
58.298526
 10
332.258561
 20
58.156059
 10
333.039954
 20
57.709159
 10
333.422163
 20
57.438102
 10
333.752708
 20
57.157561
 10
334.050204
 20
56.896018
 10
334.293828
 20
56.724226
 10
334.458439
 20
56.656911
 10
334.503258
 20
56.667034
 10
334.518896
 20
56.708798
 10
334.467623
 20
56.892787
 10
334.324903
 20
57.115505
 10
334.107391
 20
57.362621
 10
333.831740
 20
57.619805
 10
333.172633
 20
58.107056
 10
332.822483
 20
58.308462
 10
332.480806
 20
58.462615
 10
331.834071
 20
58.653678
 10
331.174382
 20
58.744341
 10
330.508258
 20
58.736114
 10
329.842212
 20
58.630508
 10
329.182761
 20
58.429031
 10
328.536421
 20
58.133194
 10
327.909708
 20
57.744506
 10
327.309138
 20
57.264476
 10
326.646809
 20
56.670184
 10
327.087904
 20
57.538110
 10
327.393543
 20
58.014767
 10
327.778383
 20
58.412342
 10
328.232021
 20
58.732181
 10
328.744053
 20
58.975631
 10
329.304074
 20
59.144039
 10
329.901680
 20
59.238752
 10
330.526468
 20
59.261117
 10
331.168033
 20
59.212480
 10
331.815970
 20
59.094189
 10
332.459877
 20
58.907590
 10
333.089348
 20
58.654029
 10
333.693980
 20
58.334855
 10
334.263368
 20
57.951413
 10
334.787108
 20
57.505050
 10
335.254797
 20
56.997114
 10
335.656030
 20
56.428951
 10
335.911645
 20
56.035718
 10
336.075700
 20
55.854702
 10
336.128112
 20
55.840787
 10
336.163297
 20
55.876339
 10
336.189538
 20
56.091062
 10
336.094684
 20
56.390199
 10
335.835638
 20
56.808946
 10
335.451981
 20
57.291780
 10
334.983297
 20
57.783177
 10
334.433011
 20
58.259513
 10
333.853579
 20
58.661673
 10
333.244415
 20
58.989852
 10
332.604933
 20
59.244243
 10
331.934548
 20
59.425042
 10
331.232672
 20
59.532444
 10
330.498722
 20
59.566642
 10
329.732111
 20
59.527832
 10
328.956878
 20
59.418585
 10
328.651446
 20
59.337304
 10
328.381327
 20
59.228834
 10
328.131916
 20
59.086113
 10
327.888607
 20
58.902080
 10
327.361866
 20
58.381826
 10
327.001529
 20
58.021128
 10
326.728035
 20
57.809240
 10
326.545561
 20
57.734295
 10
326.489763
 20
57.744468
 10
326.458287
 20
57.784428
 10
326.470389
 20
57.947773
 10
326.586048
 20
58.212465
 10
326.809440
 20
58.566639
 10
327.144744
 20
58.998428
 10
327.421673
 20
59.294038
 10
327.724066
 20
59.553861
 10
328.050655
 20
59.777825
 10
328.400173
 20
59.965855
 10
328.771353
 20
60.117877
 10
329.162928
 20
60.233817
 10
329.573631
 20
60.313603
 10
330.002194
 20
60.357160
 10
330.447351
 20
60.364415
 10
330.907835
 20
60.335294
 10
331.869714
 20
60.167628
 10
332.877694
 20
59.853574
 10
333.921638
 20
59.392542
 10
334.564704
 20
59.022661
 10
335.212435
 20
58.572826
 10
335.789408
 20
58.099868
 10
336.220203
 20
57.660613
 10
336.533243
 20
57.311212
 10
336.789595
 20
57.082905
 10
336.962807
 20
56.995154
 10
337.009967
 20
57.010070
 10
337.026422
 20
57.067424
 10
337.000676
 20
57.206765
 10
336.926331
 20
57.369568
 10
336.649206
 20
57.751527
 10
336.229768
 20
58.185247
 10
335.702742
 20
58.642675
 10
335.102848
 20
59.095754
 10
334.464811
 20
59.516432
 10
333.823351
 20
59.876653
 10
333.213192
 20
60.148363
 10
332.645251
 20
60.342901
 10
332.090886
 20
60.496944
 10
331.551326
 20
60.610780
 10
331.027799
 20
60.684697
 10
330.521532
 20
60.718982
 10
330.033753
 20
60.713922
 10
329.565690
 20
60.669806
 10
329.118571
 20
60.586921
 10
328.693624
 20
60.465554
 10
328.292076
 20
60.305994
 10
327.915156
 20
60.108527
 10
327.564092
 20
59.873441
 10
327.240111
 20
59.601024
 10
326.944442
 20
59.291564
 10
326.678311
 20
58.945348
 10
326.442948
 20
58.562664
 10
326.193632
 20
58.130184
 10
326.044509
 20
57.927713
 10
326.006616
 20
57.911931
 10
325.992684
 20
57.952691
 10
326.035260
 20
58.202561
 10
326.140698
 20
58.554875
 10
326.279182
 20
58.891785
 10
326.449064
 20
59.212187
 10
326.648697
 20
59.514976
 10
327.130618
 20
60.063295
 10
327.711760
 20
60.527905
 10
328.378937
 20
60.899967
 10
329.118964
 20
61.170646
 10
329.918654
 20
61.331102
 10
330.764822
 20
61.372497
 10
331.386392
 20
61.308893
 10
332.080590
 20
61.153052
 10
332.824210
 20
60.915214
 10
333.594045
 20
60.605620
 10
334.366890
 20
60.234508
 10
335.119539
 20
59.812119
 10
335.828784
 20
59.348693
 10
336.471420
 20
58.854468
 10
336.821307
 20
58.583458
 10
337.086038
 20
58.424692
 10
337.241071
 20
58.389511
 10
337.269781
 20
58.421808
 10
337.261863
 20
58.489255
 10
337.070127
 20
58.779495
 10
336.678776
 20
59.147292
 10
336.131972
 20
59.564787
 10
335.473876
 20
60.004120
 10
334.748651
 20
60.437434
 10
334.000458
 20
60.836870
 10
333.273459
 20
61.174567
 10
332.611815
 20
61.422668
 10
331.675190
 20
61.653863
 10
330.757993
 20
61.754612
 10
329.873233
 20
61.728291
 10
329.033923
 20
61.578276
 10
328.253074
 20
61.307944
 10
327.543696
 20
60.920669
 10
327.219875
 20
60.684234
 10
326.918802
 20
60.419828
 10
326.642101
 20
60.127875
 10
326.391401
 20
59.808797
 10
326.063843
 20
59.271083
 10
325.951736
 20
58.998819
 10
325.869294
 20
58.702462
 10
325.779055
 20
57.972009
 10
325.764421
 20
56.948798
 10
325.786275
 20
54.998500
 10
325.379699
 20
55.973649
 10
325.237172
 20
56.455494
 10
325.168259
 20
57.016664
 10
325.168938
 20
57.630624
 10
325.235187
 20
58.270841
 10
325.362985
 20
58.910781
 10
325.548308
 20
59.523910
 10
325.787135
 20
60.083695
 10
326.075444
 20
60.563603
 10
326.434779
 20
60.983205
 10
326.861641
 20
61.348386
 10
327.348406
 20
61.659042
 10
327.887449
 20
61.915075
 10
328.471146
 20
62.116384
 10
329.091873
 20
62.262867
 10
329.742007
 20
62.354424
 10
330.413923
 20
62.390955
 10
331.099996
 20
62.372358
 10
331.792603
 20
62.298533
 10
332.484120
 20
62.169379
 10
333.166923
 20
61.984796
 10
333.833387
 20
61.744682
 10
334.475888
 20
61.448938
 10
335.086802
 20
61.097462
 10
335.658506
 20
60.690154
 10
336.081457
 20
60.376394
 10
336.427818
 20
60.159855
 10
336.661845
 20
60.060023
 10
336.725564
 20
60.059959
 10
336.747797
 20
60.096379
 10
336.671928
 20
60.272044
 10
336.463592
 20
60.513321
 10
335.765130
 20
61.105852
 10
334.883640
 20
61.700262
 10
334.446518
 20
61.943887
 10
334.050349
 20
62.122840
 10
332.985965
 20
62.464185
 10
331.922444
 20
62.682949
 10
330.877912
 20
62.780630
 10
329.870498
 20
62.758724
 10
328.918329
 20
62.618731
 10
328.039532
 20
62.362147
 10
327.633312
 20
62.190602
 10
327.252234
 20
61.990471
 10
326.898563
 20
61.761941
 10
326.574564
 20
61.505199
 10
326.161635
 20
61.068847
 10
325.736226
 20
60.494401
 10
325.348416
 20
59.856521
 10
325.048287
 20
59.229866
 10
324.765690
 20
58.550876
 10
324.611258
 20
58.254271
 10
324.576722
 20
58.243083
 10
324.567767
 20
58.319955
 10
324.617994
 20
58.727832
 10
324.737432
 20
59.261281
 10
324.921305
 20
59.777824
 10
325.166829
 20
60.273632
 10
325.471217
 20
60.744878
 10
325.831688
 20
61.187733
 10
326.245455
 20
61.598369
 10
326.709735
 20
61.972957
 10
327.221743
 20
62.307668
 10
327.708868
 20
62.556102
 10
328.235471
 20
62.756351
 10
328.795879
 20
62.909233
 10
329.384420
 20
63.015567
 10
329.995421
 20
63.076171
 10
330.623212
 20
63.091862
 10
331.262119
 20
63.063459
 10
331.906470
 20
62.991779
 10
332.550594
 20
62.877642
 10
333.188817
 20
62.721863
 10
333.815468
 20
62.525263
 10
334.424875
 20
62.288658
 10
335.011365
 20
62.012867
 10
335.569266
 20
61.698707
 10
336.092905
 20
61.346997
 10
336.576612
 20
60.958555
 10
337.092033
 20
60.419787
 10
337.661213
 20
59.685181
 10
338.246401
 20
58.820424
 10
338.809846
 20
57.891202
 10
339.313796
 20
56.963200
 10
339.720500
 20
56.102104
 10
339.992207
 20
55.373600
 10
340.065639
 20
55.079596
 10
340.091165
 20
54.843373
 10
340.112818
 20
54.632540
 10
340.171775
 20
54.434409
 10
340.259032
 20
54.271228
 10
340.365582
 20
54.165250
 10
340.432307
 20
54.140104
 10
340.481589
 20
54.156687
 10
340.529736
 20
54.306432
 10
340.513857
 20
54.597273
 10
340.437787
 20
55.011996
 10
340.120404
 20
56.144242
 10
339.608257
 20
57.565469
 10
339.255440
 20
58.337339
 10
338.799423
 20
59.159258
 10
338.299101
 20
59.932963
 10
337.813368
 20
60.560190
 10
337.388836
 20
61.072285
 10
337.055151
 20
61.532516
 10
336.845760
 20
61.890492
 10
336.794105
 20
62.095826
 10
336.837398
 20
62.148506
 10
336.914321
 20
62.161626
 10
337.153079
 20
62.082379
 10
337.478424
 20
61.884471
 10
337.858401
 20
61.594290
 10
338.261055
 20
61.238222
 10
338.654431
 20
60.842652
 10
339.006574
 20
60.433969
 10
339.285529
 20
60.038558
 10
339.489435
 20
59.735552
 10
339.656573
 20
59.546903
 10
339.769684
 20
59.487866
 10
339.800586
 20
59.511718
 10
339.811509
 20
59.573693
 10
339.774318
 20
59.768991
 10
339.672277
 20
60.008021
 10
339.520988
 20
60.260514
 10
339.336054
 20
60.496198
 10
339.113184
 20
60.769347
 10
339.024929
 20
60.965625
 10
339.067064
 20
61.116884
 10
339.235361
 20
61.254977
 10
339.317618
 20
61.332407
 10
339.348460
 20
61.436092
 10
339.324795
 20
61.571392
 10
339.243532
 20
61.743664
 10
338.895844
 20
62.220561
 10
338.280661
 20
62.909654
 10
337.741026
 20
63.461951
 10
337.255274
 20
63.914235
 10
336.876637
 20
64.219831
 10
336.658347
 20
64.332069
 10
336.626365
 20
64.305432
 10
336.648022
 20
64.229089
 10
336.835624
 20
63.948700
 10
337.187907
 20
63.533723
 10
337.671623
 20
63.026983
 10
338.593339
 20
62.038497
 10
338.873729
 20
61.685837
 10
338.976709
 20
61.494606
 10
338.948410
 20
61.364427
 10
338.868327
 20
61.303491
 10
338.743683
 20
61.305056
 10
338.581696
 20
61.362377
 10
338.174583
 20
61.617309
 10
337.704757
 20
62.014337
 10
337.229986
 20
62.499508
 10
336.808038
 20
63.018869
 10
336.496682
 20
63.518469
 10
336.400528
 20
63.743998
 10
336.353686
 20
63.944354
 10
336.296295
 20
64.255186
 10
336.201429
 20
64.525686
 10
336.082266
 20
64.726811
 10
335.951988
 20
64.829517
 10
335.828263
 20
64.892283
 10
335.726943
 20
64.984662
 10
335.658484
 20
65.094219
 10
335.633341
 20
65.208519
 10
335.666434
 20
65.291609
 10
335.760770
 20
65.320016
 10
336.103504
 20
65.232478
 10
336.602211
 20
64.985312
 10
337.197558
 20
64.617923
 10
337.830215
 20
64.169718
 10
338.440849
 20
63.680102
 10
338.970129
 20
63.188481
 10
339.358723
 20
62.734261
 10
339.985411
 20
61.938812
 10
340.205506
 20
61.726288
 10
340.321320
 20
61.683213
 10
340.319285
 20
61.809220
 10
340.218501
 20
62.057062
 10
339.790369
 20
62.774962
 10
339.515020
 20
63.123176
 10
339.150048
 20
63.497240
 10
338.700303
 20
63.893539
 10
338.170638
 20
64.308460
 10
336.890951
 20
65.179717
 10
335.349802
 20
66.082104
 10
334.889042
 20
66.354460
 10
334.627526
 20
66.551402
 10
334.548599
 20
66.672340
 10
334.572401
 20
66.704122
 10
334.635605
 20
66.716681
 10
334.871890
 20
66.683833
 10
335.240798
 20
66.573204
 10
335.725676
 20
66.384202
 10
336.309868
 20
66.116234
 10
337.111781
 20
65.671744
 10
337.942853
 20
65.116706
 10
338.777293
 20
64.474840
 10
339.589309
 20
63.769868
 10
340.353110
 20
63.025511
 10
341.042905
 20
62.265490
 10
341.632903
 20
61.513526
 10
342.097313
 20
60.793340
 10
342.734980
 20
59.771895
 10
342.959407
 20
59.491613
 10
343.033940
 20
59.428728
 10
343.077991
 20
59.424832
 10
343.068117
 20
59.589697
 10
342.942780
 20
59.940135
 10
342.430678
 20
60.992033
 10
342.152056
 20
61.465229
 10
341.833689
 20
61.935476
 10
341.086123
 20
62.860554
 10
340.204783
 20
63.754124
 10
339.206472
 20
64.603042
 10
338.107992
 20
65.394167
 10
336.926148
 20
66.114354
 10
335.677742
 20
66.750462
 10
334.379578
 20
67.289347
 10
334.087039
 20
67.405760
 10
334.001041
 20
67.481342
 10
334.129292
 20
67.540714
 10
334.479501
 20
67.608494
 10
334.704501
 20
67.621814
 10
334.970968
 20
67.593215
 10
335.611313
 20
67.419806
 10
336.366541
 20
67.107361
 10
337.202661
 20
66.674974
 10
338.085677
 20
66.141738
 10
338.981598
 20
65.526747
 10
339.856428
 20
64.849096
 10
340.676176
 20
64.127877
 10
342.033952
 20
62.921112
 10
342.446992
 20
62.611671
 10
342.559452
 20
62.552850
 10
342.598691
 20
62.566501
 10
342.474015
 20
62.820049
 10
342.132674
 20
63.235072
 10
340.996104
 20
64.367709
 10
339.581198
 20
65.600754
 10
338.891937
 20
66.141286
 10
338.280174
 20
66.570549
 10
337.541571
 20
67.060083
 10
337.292182
 20
67.274871
 10
337.350567
 20
67.285336
 10
337.530804
 20
67.234433
 10
338.256230
 20
66.958284
 10
338.486016
 20
66.880438
 10
338.615689
 20
66.872497
 10
338.648589
 20
66.935594
 10
338.588057
 20
67.070862
 10
338.508962
 20
67.227908
 10
338.497191
 20
67.329148
 10
338.547273
 20
67.375920
 10
338.653734
 20
67.369563
 10
339.013910
 20
67.202811
 10
339.533942
 20
66.839595
 10
340.041043
 20
66.485693
 10
340.406958
 20
66.310945
 10
340.521021
 20
66.295353
 10
340.580646
 20
66.330069
 10
340.579454
 20
66.416935
 10
340.511065
 20
66.557788
 10
340.461000
 20
66.693763
 10
340.526449
 20
66.741835
 10
340.692944
 20
66.709016
 10
340.946015
 20
66.602319
 10
341.654002
 20
66.195345
 10
342.534653
 20
65.577018
 10
343.429807
 20
64.804928
 10
344.333863
 20
63.870410
 10
345.127873
 20
62.906451
 10
345.446438
 20
62.454989
 10
345.692886
 20
62.046038
 10
345.747111
 20
61.908604
 10
345.766552
 20
61.757601
 10
345.694362
 20
61.396479
 10
345.462878
 20
60.925858
 10
345.058661
 20
60.308923
 10
344.708856
 20
59.779924
 10
344.479561
 20
59.365475
 10
344.366541
 20
59.073113
 10
344.365556
 20
58.910379
 10
344.405753
 20
58.879978
 10
344.472371
 20
58.884811
 10
344.682747
 20
59.003948
 10
344.992449
 20
59.275330
 10
345.397238
 20
59.706496
 10
345.866029
 20
60.158017
 10
346.421415
 20
60.551455
 10
347.048537
 20
60.882032
 10
347.732537
 20
61.144968
 10
348.458555
 20
61.335486
 10
349.211732
 20
61.448807
 10
349.977211
 20
61.480152
 10
350.740132
 20
61.424743
 10
351.425021
 20
61.307624
 10
352.146827
 20
61.137359
 10
352.878744
 20
60.923930
 10
353.593967
 20
60.677317
 10
354.265688
 20
60.407502
 10
354.867103
 20
60.124467
 10
355.371404
 20
59.838192
 10
355.751786
 20
59.558659
 10
356.100283
 20
59.213232
 10
356.126680
 20
59.148611
 10
356.041820
 20
59.172927
 10
355.906594
 20
59.218361
 10
355.795856
 20
59.211243
 10
355.721033
 20
59.155447
 10
355.693553
 20
59.054847
 10
355.711873
 20
58.940282
 10
355.761755
 20
58.846463
 10
355.835580
 20
58.783071
 10
355.925731
 20
58.759789
 10
356.060164
 20
58.735037
 10
356.214963
 20
58.663683
 10
356.572304
 20
58.398567
 10
356.971049
 20
57.999247
 10
357.384493
 20
57.500526
 10
357.785930
 20
56.937210
 10
358.148656
 20
56.344102
 10
358.445967
 20
55.756009
 10
358.651156
 20
55.207733
 10
358.801401
 20
54.561012
 10
358.893775
 20
53.878009
 10
358.930288
 20
53.188475
 10
358.912953
 20
52.522161
 10
358.843780
 20
51.908816
 10
358.724781
 20
51.378191
 10
358.557967
 20
50.960036
 10
358.345348
 20
50.684101
 10
358.188398
 20
50.593783
 10
358.151480
 20
50.617926
 10
358.142489
 20
50.692774
 10
358.208961
 20
51.008096
 10
358.389158
 20
51.566774
 10
358.526002
 20
52.042433
 10
358.611629
 20
52.524295
 10
358.646249
 20
53.009879
 10
358.630074
 20
53.496704
 10
358.563316
 20
53.982289
 10
358.446186
 20
54.464153
 10
358.278896
 20
54.939815
 10
358.061658
 20
55.406794
 10
357.653729
 20
56.029268
 10
357.095337
 20
56.661057
 10
356.428023
 20
57.273044
 10
355.693328
 20
57.836110
 10
354.932792
 20
58.321138
 10
354.187955
 20
58.699009
 10
353.500358
 20
58.940606
 10
353.191005
 20
59.001202
 10
352.911540
 20
59.016810
 10
352.655374
 20
58.981412
 10
352.629125
 20
58.944208
 10
352.673057
 20
58.892280
 10
352.978348
 20
58.739092
 10
353.585005
 20
58.511524
 10
354.223317
 20
58.241877
 10
354.875135
 20
57.884820
 10
355.518112
 20
57.459113
 10
356.129903
 20
56.983518
 10
356.688159
 20
56.476796
 10
357.170534
 20
55.957708
 10
357.554682
 20
55.445017
 10
357.818254
 20
54.957483
 10
358.056576
 20
54.242450
 10
358.184530
 20
53.516016
 10
358.204870
 20
52.792220
 10
358.120345
 20
52.085100
 10
357.933709
 20
51.408697
 10
357.647712
 20
50.777049
 10
357.265106
 20
50.204195
 10
356.788642
 20
49.704175
 10
356.434286
 20
49.426021
 10
356.370274
 20
49.417247
 10
356.385095
 20
49.503722
 10
356.661408
 20
49.987562
 10
357.283562
 20
50.927822
 10
357.538006
 20
51.378098
 10
357.740451
 20
51.882759
 10
357.874179
 20
52.391406
 10
357.922470
 20
52.853642
 10
357.866925
 20
53.438698
 10
357.707119
 20
54.023778
 10
357.453300
 20
54.601721
 10
357.115713
 20
55.165368
 10
356.704606
 20
55.707558
 10
356.230225
 20
56.221130
 10
355.702816
 20
56.698926
 10
355.132627
 20
57.133784
 10
354.529903
 20
57.518544
 10
353.904892
 20
57.846047
 10
353.267839
 20
58.109132
 10
352.628991
 20
58.300639
 10
351.998596
 20
58.413408
 10
351.386898
 20
58.440278
 10
350.804146
 20
58.374090
 10
350.260586
 20
58.207683
 10
350.095981
 20
58.101578
 10
350.113166
 20
58.061395
 10
350.198446
 20
58.029379
 10
350.578594
 20
57.988604
 10
351.247042
 20
57.976768
 10
351.744318
 20
57.960365
 10
352.233561
 20
57.909696
 10
353.180646
 20
57.710132
 10
354.073699
 20
57.387207
 10
354.898119
 20
56.950056
 10
355.639307
 20
56.407813
 10
355.974126
 20
56.100135
 10
356.282662
 20
55.769610
 10
356.563091
 20
55.417378
 10
356.813586
 20
55.044581
 10
357.032324
 20
54.652361
 10
357.217478
 20
54.241860
 10
357.443797
 20
53.600046
 10
357.537417
 20
53.071483
 10
357.505026
 20
52.540428
 10
357.353314
 20
51.891136
 10
357.179532
 20
51.392125
 10
356.951265
 20
50.908137
 10
356.698157
 20
50.494454
 10
356.449853
 20
50.206357
 10
356.130730
 20
49.933815
 10
355.986013
 20
49.849083
 10
355.985904
 20
49.956915
 10
356.100608
 20
50.262062
 10
356.260380
 20
50.758436
 10
356.372486
 20
51.313702
 10
356.437160
 20
51.904521
 10
356.454636
 20
52.507553
 10
356.425149
 20
53.099458
 10
356.348934
 20
53.656898
 10
356.226225
 20
54.156533
 10
356.057257
 20
54.575024
 10
355.776154
 20
55.031797
 10
355.429997
 20
55.454256
 10
355.031170
 20
55.834208
 10
354.592058
 20
56.163455
 10
354.125048
 20
56.433802
 10
353.642523
 20
56.637054
 10
353.156871
 20
56.765016
 10
352.680476
 20
56.809491
 10
352.303594
 20
56.795077
 10
352.051729
 20
56.755903
 10
351.921216
 20
56.698072
 10
351.908393
 20
56.627684
 10
352.009597
 20
56.550844
 10
352.221165
 20
56.473651
 10
352.960738
 20
56.342621
 10
353.602908
 20
56.217600
 10
354.184750
 20
55.992934
 10
354.701432
 20
55.673936
 10
355.148122
 20
55.265915
 10
355.519987
 20
54.774186
 10
355.812194
 20
54.204058
 10
356.019912
 20
53.560845
 10
356.138308
 20
52.849858
 10
356.193420
 20
52.208643
 10
356.183830
 20
51.937019
 10
356.149077
 20
51.928017
 10
356.091316
 20
51.997267
 10
355.897658
 20
52.351667
 10
355.156680
 20
53.701781
 10
354.844549
 20
54.162760
 10
354.546666
 20
54.505012
 10
354.244538
 20
54.746528
 10
353.919671
 20
54.905301
 10
353.553572
 20
54.999324
 10
353.127747
 20
55.046590
 10
352.674138
 20
55.058850
 10
352.231289
 20
55.036347
 10
351.799439
 20
54.979239
 10
351.378824
 20
54.887684
 10
350.969683
 20
54.761840
 10
350.572253
 20
54.601866
 10
350.186773
 20
54.407921
 10
349.813478
 20
54.180162
 10
349.104400
 20
53.623838
 10
348.446919
 20
52.934161
 10
347.842938
 20
52.112396
 10
347.294356
 20
51.159812
 10
346.938589
 20
50.408507
 10
346.640429
 20
49.646539
 10
346.393965
 20
48.843668
 10
346.193288
 20
47.969656
 10
346.032486
 20
46.994263
 10
345.905650
 20
45.887249
 10
345.806869
 20
44.618377
 10
345.730232
 20
43.157405
 10
345.644536
 20
41.539190
 10
345.551301
 20
40.433788
 10
345.456010
 20
39.889180
 10
345.409306
 20
39.842167
 10
345.364143
 20
39.953344
 10
345.255846
 20
40.597201
 10
345.186303
 20
41.387174
 10
345.154551
 20
42.282605
 10
345.159629
 20
43.242835
 10
345.200573
 20
44.227208
 10
345.276422
 20
45.195063
 10
345.386214
 20
46.105743
 10
345.528986
 20
46.918590
 10
345.834458
 20
48.513489
 10
345.903447
 20
49.068768
 10
345.915282
 20
49.490698
 10
345.868967
 20
49.800352
 10
345.763511
 20
50.018803
 10
345.597921
 20
50.167125
 10
345.371202
 20
50.266392
 10
345.124391
 20
50.307097
 10
344.845932
 20
50.282770
 10
344.536156
 20
50.193584
 10
344.195391
 20
50.039711
 10
343.823969
 20
49.821324
 10
343.422218
 20
49.538594
 10
342.529049
 20
48.780799
 10
342.245172
 20
48.539190
 10
342.024079
 20
48.400181
 10
341.866103
 20
48.363165
 10
341.771574
 20
48.427534
 10
341.740826
 20
48.592680
 10
341.774189
 20
48.857994
 10
342.034578
 20
49.686695
 10
342.121251
 20
49.964190
 10
342.156379
 20
50.191434
 10
342.138875
 20
50.344977
 10
342.067655
 20
50.401369
 10
341.953998
 20
50.307671
 10
341.820384
 20
50.052481
 10
341.536572
 20
49.213063
 10
341.302797
 20
48.193983
 10
341.231727
 20
47.714217
 10
341.205632
 20
47.306110
 10
341.191147
 20
47.080018
 10
341.151708
 20
46.922445
 10
341.093338
 20
46.847699
 10
341.022060
 20
46.870088
 10
340.953199
 20
47.056955
 10
340.901408
 20
47.430049
 10
340.869113
 20
48.518554
 10
340.874766
 20
49.254222
 10
340.842855
 20
49.599673
 10
340.808415
 20
49.639113
 10
340.759304
 20
49.596654
 10
340.610034
 20
49.286913
 10
340.507771
 20
48.906540
 10
340.443491
 20
48.385771
 10
340.422449
 20
47.793172
 10
340.449898
 20
47.197308
 10
340.484883
 20
46.557475
 10
340.484358
 20
45.845160
 10
340.450442
 20
45.147210
 10
340.385259
 20
44.550475
 10
340.191051
 20
43.296712
 10
339.963237
 20
45.234406
 10
339.903960
 20
45.940731
 10
339.885655
 20
46.680161
 10
339.906465
 20
47.434541
 10
339.964533
 20
48.185719
 10
340.057999
 20
48.915542
 10
340.185007
 20
49.605855
 10
340.343698
 20
50.238506
 10
340.532213
 20
50.795341
 10
340.604785
 20
51.015095
 10
340.614329
 20
51.147068
 10
340.561045
 20
51.190459
 10
340.445132
 20
51.144467
 10
340.268290
 20
50.966825
 10
340.111232
 20
50.673841
 10
339.974337
 20
50.279444
 10
339.857986
 20
49.797562
 10
339.688438
 20
48.627053
 10
339.605629
 20
47.273737
 10
339.612601
 20
45.849037
 10
339.712395
 20
44.464375
 10
339.908054
 20
43.231175
 10
340.042783
 20
42.706192
 10
340.202619
 20
42.260857
 10
340.515347
 20
41.491329
 10
340.623647
 20
41.085943
 10
340.601479
 20
41.007208
 10
340.528616
 20
41.004394
 10
340.231351
 20
41.206379
 10
340.016447
 20
41.466531
 10
339.798856
 20
41.875981
 10
339.587901
 20
42.402191
 10
339.392909
 20
43.012624
 10
339.223202
 20
43.674743
 10
339.088107
 20
44.356011
 10
338.996947
 20
45.023891
 10
338.959049
 20
45.645846
 10
338.939149
 20
46.226105
 10
338.895109
 20
46.522729
 10
338.861906
 20
46.570554
 10
338.820113
 20
46.554523
 10
338.707347
 20
46.340294
 10
338.646525
 20
46.102955
 10
338.619225
 20
45.779437
 10
338.662678
 20
44.897819
 10
338.832684
 20
43.743352
 10
339.124220
 20
42.363947
 10
339.173652
 20
42.075236
 10
339.157271
 20
41.893311
 10
339.073112
 20
41.813044
 10
338.919207
 20
41.829302
 10
338.752361
 20
41.983843
 10
338.564511
 20
42.316282
 10
338.378670
 20
42.777729
 10
338.217851
 20
43.319295
 10
337.952488
 20
44.290454
 10
337.946569
 20
44.135102
 10
338.006264
 20
43.575326
 10
338.214699
 20
41.532001
 10
338.311904
 20
40.021966
 10
338.292945
 20
39.192761
 10
338.238362
 20
39.079575
 10
338.152888
 20
39.191924
 10
337.998420
 20
39.666430
 10
337.852802
 20
40.336057
 10
337.611108
 20
42.045196
 10
337.473787
 20
43.888382
 10
337.458635
 20
44.725568
 10
337.486820
 20
45.434657
 10
337.527723
 20
46.096872
 10
337.515672
 20
46.483893
 10
337.488963
 20
46.579551
 10
337.448024
 20
46.612825
 10
337.322139
 20
46.500773
 10
337.189163
 20
46.172996
 10
337.099047
 20
45.661362
 10
337.051219
 20
44.998521
 10
337.045105
 20
44.217121
 10
337.080134
 20
43.349812
 10
337.155733
 20
42.429241
 10
337.271329
 20
41.488058
 10
337.426349
 20
40.558912
 10
337.708887
 20
39.270568
 10
338.048027
 20
38.063685
 10
338.444047
 20
36.937681
 10
338.897228
 20
35.891971
 10
339.407848
 20
34.925973
 10
339.976187
 20
34.039104
 10
340.602524
 20
33.230780
 10
341.287138
 20
32.500420
 10
341.903723
 20
31.878382
 10
342.360128
 20
31.368986
 10
342.612692
 20
31.024800
 10
342.648890
 20
30.931087
 10
342.617755
 20
30.898390
 10
342.443761
 20
30.947854
 10
342.208791
 20
31.082536
 10
341.943645
 20
31.281865
 10
341.679122
 20
31.525271
  0
LWPOLYLINE
  8
ENGRAVE_RED
 62
1
 90
20
 70
1
 10
339.255334
 20
34.392163
 10
339.100767
 20
34.802039
 10
338.729149
 20
35.576272
 10
338.253612
 20
36.654158
 10
337.849204
 20
37.794086
 10
337.694527
 20
38.253853
 10
337.534884
 20
38.630363
 10
337.389086
 20
38.884762
 10
337.275941
 20
38.978195
 10
337.241256
 20
38.949372
 10
337.230082
 20
38.866574
 10
337.271080
 20
38.561070
 10
337.556093
 20
37.544593
 10
338.015880
 20
36.281110
 10
338.535338
 20
35.122967
 10
338.823298
 20
34.615740
 10
339.051301
 20
34.312666
 10
339.137186
 20
34.243404
 10
339.201322
 20
34.232042
 10
339.241456
 20
34.280866
  0
LWPOLYLINE
  8
ENGRAVE_RED
 62
1
 90
14
 70
1
 10
353.593755
 20
55.432923
 10
353.451545
 20
55.534697
 10
353.184088
 20
55.618040
 10
352.829681
 20
55.674353
 10
352.426621
 20
55.695035
 10
351.753077
 20
55.668845
 10
351.603783
 20
55.637445
 10
351.578562
 20
55.595030
 10
351.897598
 20
55.480721
 10
352.704704
 20
55.333052
 10
353.121587
 20
55.285869
 10
353.420460
 20
55.288105
 10
353.583718
 20
55.337782
 10
353.608989
 20
55.379793
  0
LWPOLYLINE
  8
ENGRAVE_RED
 62
1
 90
48
 70
1
 10
344.254000
 20
62.273239
 10
344.230568
 20
62.453925
 10
344.148590
 20
62.681557
 10
343.837095
 20
63.245290
 10
343.375719
 20
63.899699
 10
342.820664
 20
64.580045
 10
342.228133
 20
65.221588
 10
341.654328
 20
65.759589
 10
341.155454
 20
66.129310
 10
340.951678
 20
66.230833
 10
340.787711
 20
66.266010
 10
340.721894
 20
66.233379
 10
340.748651
 20
66.145685
 10
341.045986
 20
65.858464
 10
341.241023
 20
65.687326
 10
341.375181
 20
65.521616
 10
341.436425
 20
65.380246
 10
341.412721
 20
65.282128
 10
341.355419
 20
65.266528
 10
341.257266
 20
65.287893
 10
340.959784
 20
65.429372
 10
340.563027
 20
65.682280
 10
340.109750
 20
66.022327
 10
339.275190
 20
66.630755
 10
338.994457
 20
66.788983
 10
338.859456
 20
66.815202
 10
338.944015
 20
66.665673
 10
339.261098
 20
66.345386
 10
340.391722
 20
65.380804
 10
341.556860
 20
64.514674
 10
341.911299
 20
64.300957
 10
342.007803
 20
64.264716
 10
342.041474
 20
64.281564
 10
341.943263
 20
64.533507
 10
341.707137
 20
64.833574
 10
341.561880
 20
64.994694
 10
341.513205
 20
65.097525
 10
341.561060
 20
65.151964
 10
341.705396
 20
65.167911
 10
341.840943
 20
65.119423
 10
342.025508
 20
64.977689
 10
342.523367
 20
64.436842
 10
343.162326
 20
63.590100
 10
343.905738
 20
62.482194
 10
344.035895
 20
62.305343
 10
344.144944
 20
62.206997
 10
344.221457
 20
62.194010
 10
344.254006
 20
62.273239
  0
LWPOLYLINE
  8
ENGRAVE_RED
 62
1
 90
8
 70
1
 10
335.354738
 20
31.037697
 10
335.395660
 20
31.136082
 10
335.494045
 20
31.177004
 10
335.592431
 20
31.136082
 10
335.633352
 20
31.037697
 10
335.592431
 20
30.939311
 10
335.494045
 20
30.898390
 10
335.395660
 20
30.939311
  0
LWPOLYLINE
  8
ENGRAVE_RED
 62
1
 90
8
 70
1
 10
325.881863
 20
32.987994
 10
325.922784
 20
33.086380
 10
326.021170
 20
33.127301
 10
326.119555
 20
33.086380
 10
326.160477
 20
32.987994
 10
326.119555
 20
32.889609
 10
326.021170
 20
32.848688
 10
325.922784
 20
32.889609
  0
LWPOLYLINE
  8
ENGRAVE_RED
 62
1
 90
12
 70
1
 10
328.668002
 20
37.970242
 10
328.700280
 20
38.035748
 10
328.788164
 20
38.008146
 10
329.077063
 20
37.708029
 10
329.365962
 20
37.244229
 10
329.453846
 20
37.039446
 10
329.486123
 20
36.888590
 10
329.453846
 20
36.823084
 10
329.365962
 20
36.850687
 10
329.077063
 20
37.150801
 10
328.788164
 20
37.614603
 10
328.700280
 20
37.819387
  0
LWPOLYLINE
  8
ENGRAVE_RED
 62
1
 90
13
 70
1
 10
328.350345
 20
39.341981
 10
328.175830
 20
39.684823
 10
328.146886
 20
39.807605
 10
328.288950
 20
39.717727
 10
328.627461
 20
39.422588
 10
329.049636
 20
38.973753
 10
329.178063
 20
38.779635
 10
329.225230
 20
38.639958
 10
329.202207
 20
38.529737
 10
329.138480
 20
38.488946
 10
329.042068
 20
38.511153
 10
328.920989
 20
38.589924
 10
328.636897
 20
38.891425
  0
LWPOLYLINE
  8
ENGRAVE_RED
 62
1
 90
119
 70
1
 10
306.281830
 20
53.139968
 10
305.703884
 20
53.472865
 10
305.166991
 20
53.830332
 10
304.671633
 20
54.211444
 10
304.218296
 20
54.615272
 10
303.807462
 20
55.040892
 10
303.439615
 20
55.487377
 10
303.115239
 20
55.953800
 10
302.834818
 20
56.439235
 10
302.598835
 20
56.942755
 10
302.407774
 20
57.463435
 10
302.262119
 20
58.000347
 10
302.162354
 20
58.552566
 10
302.108962
 20
59.119165
 10
302.102428
 20
59.699217
 10
302.143234
 20
60.291797
 10
302.231865
 20
60.895978
 10
302.381971
 20
61.550077
 10
302.600313
 20
62.287795
 10
303.180601
 20
63.865350
 10
303.850524
 20
65.331162
 10
304.180911
 20
65.929204
 10
304.487880
 20
66.387755
 10
304.709530
 20
66.645949
 10
304.782426
 20
66.688387
 10
304.835399
 20
66.666270
 10
304.897665
 20
66.408027
 10
304.928506
 20
65.830527
 10
304.956222
 20
62.753988
 10
305.005380
 20
61.645357
 10
305.071880
 20
61.153034
 10
305.167038
 20
60.701186
 10
305.291386
 20
60.289169
 10
305.445456
 20
59.916345
 10
305.629783
 20
59.582070
 10
305.844899
 20
59.285704
 10
306.091335
 20
59.026606
 10
306.369627
 20
58.804135
 10
306.680305
 20
58.617649
 10
307.023903
 20
58.466508
 10
307.400953
 20
58.350069
 10
307.811989
 20
58.267693
 10
308.257543
 20
58.218737
 10
308.738149
 20
58.202561
 10
309.120254
 20
58.183984
 10
309.433166
 20
58.133402
 10
309.644593
 20
58.058542
 10
309.722245
 20
57.967129
 10
309.675940
 20
57.781629
 10
309.544887
 20
57.584803
 10
309.340876
 20
57.384394
 10
309.075699
 20
57.188142
 10
308.761147
 20
57.003788
 10
308.409012
 20
56.839074
 10
308.031084
 20
56.701742
 10
307.639156
 20
56.599532
 10
307.119382
 20
56.469986
 10
306.760780
 20
56.331033
 10
306.563266
 20
56.182974
 10
306.524892
 20
56.105624
 10
306.526758
 20
56.026111
 10
306.651175
 20
55.860745
 10
306.936433
 20
55.687178
 10
307.382450
 20
55.505711
 10
307.989144
 20
55.316645
 10
309.124666
 20
55.045445
 10
310.158052
 20
54.899036
 10
311.093290
 20
54.878266
 10
311.934364
 20
54.983984
 10
312.320836
 20
55.084540
 10
312.685262
 20
55.217037
 10
313.028140
 20
55.381579
 10
313.349969
 20
55.578274
 10
313.651246
 20
55.807226
 10
313.932471
 20
56.068542
 10
314.194141
 20
56.362329
 10
314.436754
 20
56.688691
 10
314.722918
 20
57.181309
 10
314.894604
 20
57.642052
 10
314.954335
 20
58.062523
 10
314.904633
 20
58.434327
 10
314.748024
 20
58.749065
 10
314.487029
 20
58.998340
 10
314.124172
 20
59.173756
 10
313.661978
 20
59.266916
 10
313.157633
 20
59.328214
 10
313.013961
 20
59.366144
 10
312.936491
 20
59.416812
 10
312.920623
 20
59.486130
 10
312.961759
 20
59.580009
 10
313.196643
 20
59.865100
 10
313.477757
 20
60.099863
 10
313.789138
 20
60.227439
 10
314.119445
 20
60.251941
 10
314.457337
 20
60.177483
 10
314.791472
 20
60.008179
 10
315.110510
 20
59.748142
 10
315.403110
 20
59.401486
 10
315.657930
 20
58.972325
 10
315.905804
 20
58.404531
 10
316.012569
 20
57.923353
 10
315.987835
 20
57.412626
 10
315.841209
 20
56.756180
 10
315.601334
 20
56.031310
 10
315.285950
 20
55.362426
 10
314.901021
 20
54.751785
 10
314.452511
 20
54.201642
 10
313.946384
 20
53.714253
 10
313.388603
 20
53.291875
 10
312.785132
 20
52.936762
 10
312.141934
 20
52.651172
 10
311.464973
 20
52.437361
 10
310.760212
 20
52.297583
 10
310.033616
 20
52.234095
 10
309.291147
 20
52.249154
 10
308.538770
 20
52.345014
 10
307.782448
 20
52.523933
 10
307.028145
 20
52.788165
 10
306.281824
 20
53.139968
  0
LWPOLYLINE
  8
ENGRAVE_RED
 62
1
 90
43
 70
1
 10
310.099018
 20
53.202833
 10
309.226022
 20
53.347527
 10
308.394803
 20
53.547890
 10
307.608354
 20
53.802526
 10
306.869663
 20
54.110036
 10
306.181722
 20
54.469024
 10
305.547520
 20
54.878094
 10
304.970048
 20
55.335848
 10
304.452296
 20
55.840889
 10
304.015451
 20
56.353152
 10
303.668325
 20
56.856785
 10
303.404570
 20
57.376710
 10
303.217834
 20
57.937850
 10
303.101768
 20
58.565126
 10
303.050022
 20
59.283460
 10
303.056246
 20
60.117775
 10
303.114090
 20
61.092992
 10
303.173509
 20
62.008638
 10
303.173432
 20
62.505246
 10
303.149944
 20
62.607381
 10
303.110213
 20
62.617922
 10
302.980204
 20
62.381771
 10
302.827849
 20
61.856790
 10
302.726352
 20
61.180660
 10
302.674430
 20
60.406192
 10
302.670796
 20
59.586195
 10
302.714166
 20
58.773478
 10
302.803254
 20
58.020851
 10
302.936774
 20
57.381125
 10
303.113443
 20
56.907107
 10
303.355080
 20
56.503061
 10
303.644773
 20
56.108985
 10
303.978261
 20
55.727211
 10
304.351282
 20
55.360070
 10
305.198871
 20
54.679009
 10
306.153441
 20
54.084453
 10
307.180896
 20
53.595048
 10
308.247137
 20
53.229442
 10
308.784146
 20
53.098892
 10
309.318065
 20
53.006285
 10
309.844632
 20
52.953952
 10
310.359583
 20
52.944224
 10
311.811856
 20
52.979556
  0
LWPOLYLINE
  8
ENGRAVE_RED
 62
1
 90
693
 70
1
 10
293.980560
 20
59.627451
 10
294.898857
 20
59.851395
 10
295.471572
 20
60.029001
 10
295.736909
 20
60.175022
 10
295.766249
 20
60.240798
 10
295.733071
 20
60.304210
 10
295.530876
 20
60.323440
 10
295.082531
 20
60.273611
 10
293.712586
 20
60.005925
 10
292.289847
 20
59.732314
 10
291.784357
 20
59.676073
 10
291.512377
 20
59.687472
 10
291.454873
 20
59.748588
 10
291.533348
 20
59.827711
 10
291.730809
 20
59.914614
 10
292.030262
 20
59.999076
 10
292.784261
 20
60.206225
 10
293.423332
 20
60.432492
 10
293.641444
 20
60.542320
 10
293.726213
 20
60.622208
 10
293.692299
 20
60.671858
 10
293.554363
 20
60.690973
 10
293.025063
 20
60.636410
 10
292.255594
 20
60.456145
 10
291.880970
 20
60.376436
 10
291.629580
 20
60.378078
 10
291.497163
 20
60.445660
 10
291.479457
 20
60.563773
 10
291.572201
 20
60.717009
 10
291.771134
 20
60.889957
 10
292.071994
 20
61.067208
 10
292.470522
 20
61.233353
 10
293.045059
 20
61.487573
 10
293.219835
 20
61.606882
 10
293.284025
 20
61.700551
 10
293.251049
 20
61.759189
 10
293.161261
 20
61.783118
 10
292.866104
 20
61.723798
 10
292.708875
 20
61.683828
 10
292.586824
 20
61.691559
 10
292.502336
 20
61.738112
 10
292.457795
 20
61.814609
 10
292.455587
 20
61.912171
 10
292.498095
 20
62.021922
 10
292.587703
 20
62.134981
 10
292.726797
 20
62.242473
 10
292.923568
 20
62.438630
 10
292.983427
 20
62.556317
 10
293.005411
 20
62.668439
 10
292.984834
 20
62.705453
 10
292.925861
 20
62.712991
 10
292.709263
 20
62.646696
 10
292.388698
 20
62.483677
 10
291.997247
 20
62.238055
 10
291.514773
 20
61.936923
 10
291.018450
 20
61.679136
 10
290.507600
 20
61.464505
 10
289.981546
 20
61.292838
 10
289.439611
 20
61.163946
 10
288.881117
 20
61.077637
 10
288.305388
 20
61.033721
 10
287.711745
 20
61.032008
 10
286.917509
 20
61.089531
 10
286.904796
 20
61.109687
 10
286.964064
 20
61.133051
 10
287.293824
 20
61.191201
 10
287.845332
 20
61.288025
 10
288.199652
 20
61.387680
 10
288.366166
 20
61.482943
 10
288.381928
 20
61.526670
 10
288.354258
 20
61.566589
 10
288.173311
 20
61.631397
 10
287.832709
 20
61.670144
 10
287.341834
 20
61.675605
 10
286.710070
 20
61.640559
 10
285.777257
 20
61.591029
 10
285.007517
 20
61.614012
 10
284.364324
 20
61.712650
 10
283.811149
 20
61.890087
 10
283.329166
 20
62.114552
 10
283.274075
 20
62.180912
 10
283.366079
 20
62.220319
 10
284.060861
 20
62.229156
 10
285.552487
 20
62.162830
 10
286.776830
 20
62.119800
 10
287.621745
 20
62.133702
 10
288.111153
 20
62.206082
 10
288.230017
 20
62.264685
 10
288.268973
 20
62.338487
 10
288.250086
 20
62.408225
 10
288.193645
 20
62.463640
 10
287.969422
 20
62.531327
 10
287.598947
 20
62.541204
 10
287.084864
 20
62.492926
 10
286.517665
 20
62.456900
 10
285.817052
 20
62.470991
 10
284.248884
 20
62.618077
 10
283.497979
 20
62.735351
 10
282.846960
 20
62.871297
 10
282.354152
 20
63.018054
 10
282.077880
 20
63.167761
 10
282.053236
 20
63.214156
 10
282.081862
 20
63.248326
 10
282.284525
 20
63.279668
 10
282.657057
 20
63.261144
 10
283.170648
 20
63.192111
 10
284.568935
 20
63.027160
 10
285.952785
 20
62.962667
 10
287.011089
 20
63.001857
 10
287.320941
 20
63.061341
 10
287.404029
 20
63.101231
 10
287.432742
 20
63.147954
 10
287.388601
 20
63.191353
 10
287.262243
 20
63.234591
 10
286.798299
 20
63.316015
 10
286.111763
 20
63.383082
 10
285.273484
 20
63.426646
 10
283.462333
 20
63.545369
 10
282.688446
 20
63.635556
 10
282.139466
 20
63.732895
 10
281.977790
 20
63.784152
 10
281.957056
 20
63.824818
 10
282.328026
 20
63.873931
 10
283.231598
 20
63.879345
 10
284.646991
 20
63.840170
 10
286.156153
 20
63.808244
 10
287.449522
 20
63.828851
 10
288.456082
 20
63.899185
 10
289.104815
 20
64.016437
 10
289.524390
 20
64.167215
 10
289.574221
 20
64.211850
 10
289.507576
 20
64.237220
 10
288.995340
 20
64.233892
 10
287.928649
 20
64.164671
 10
286.973268
 20
64.118634
 10
285.982310
 20
64.111952
 10
284.108604
 20
64.198400
 10
283.333326
 20
64.282403
 10
282.737411
 20
64.387508
 10
282.374594
 20
64.509153
 10
282.297389
 20
64.574751
 10
282.298609
 20
64.642773
 10
282.378636
 20
64.693022
 10
282.548832
 20
64.741309
 10
283.117506
 20
64.827369
 10
283.920178
 20
64.891692
 10
284.872396
 20
64.925015
 10
287.293824
 20
64.960735
 10
285.622140
 20
65.312567
 10
284.875989
 20
65.481710
 10
284.500733
 20
65.600621
 10
284.446206
 20
65.644198
 10
284.477220
 20
65.678765
 10
284.786298
 20
65.725606
 10
285.560758
 20
65.753915
 10
286.249022
 20
65.736025
 10
286.492428
 20
65.739451
 10
286.691757
 20
65.786307
 10
286.826439
 20
65.868638
 10
286.875903
 20
65.978492
 10
286.842039
 20
66.093363
 10
286.739981
 20
66.198101
 10
286.569035
 20
66.292907
 10
286.328507
 20
66.377985
 10
285.635924
 20
66.519766
 10
284.656673
 20
66.625062
 10
284.372230
 20
66.660829
 10
284.114030
 20
66.727884
 10
283.868511
 20
66.836458
 10
283.622113
 20
66.996780
 10
283.072428
 20
67.513590
 10
282.356480
 20
68.360157
 10
281.767220
 20
69.144540
 10
281.259365
 20
69.933547
 10
280.829975
 20
70.734917
 10
280.476107
 20
71.556385
 10
280.194821
 20
72.405691
 10
279.983175
 20
73.290570
 10
279.838227
 20
74.218761
 10
279.757037
 20
75.198000
 10
279.707344
 20
76.308760
 10
279.712045
 20
76.777591
 10
279.738913
 20
76.790375
 10
279.784321
 20
76.665588
 10
279.937350
 20
76.033842
 10
280.441921
 20
73.892941
 10
280.840051
 20
72.394350
 10
281.147324
 20
71.484872
 10
281.271759
 20
71.234427
 10
281.379322
 20
71.111313
 10
281.492068
 20
71.076682
 10
281.544704
 20
71.148054
 10
281.536928
 20
71.323753
 10
281.468432
 20
71.602103
 10
281.119495
 20
72.832043
 10
280.835461
 20
73.985457
 10
280.616155
 20
75.063742
 10
280.461398
 20
76.068298
 10
280.371014
 20
77.000524
 10
280.344827
 20
77.861818
 10
280.382657
 20
78.653581
 10
280.484330
 20
79.377210
 10
280.577220
 20
79.714117
 10
280.615362
 20
79.720864
 10
280.648954
 20
79.614694
 10
280.705438
 20
79.048261
 10
280.752580
 20
77.984140
 10
280.832119
 20
75.615921
 10
281.027122
 20
78.262754
 10
281.213130
 20
79.966305
 10
281.338173
 20
80.679404
 10
281.480782
 20
81.286181
 10
281.638112
 20
81.776229
 10
281.807316
 20
82.139145
 10
281.985551
 20
82.364525
 10
282.077166
 20
82.422387
 10
282.169971
 20
82.441964
 10
282.206094
 20
82.422805
 10
282.224318
 20
82.367895
 10
282.209905
 20
82.166224
 10
282.132391
 20
81.867750
 10
281.997436
 20
81.503276
 10
281.813157
 20
80.954747
 10
281.657849
 20
80.284092
 10
281.535271
 20
79.535553
 10
281.449179
 20
78.753375
 10
281.403330
 20
77.981802
 10
281.401481
 20
77.265077
 10
281.447390
 20
76.647445
 10
281.544813
 20
76.173149
 10
281.679344
 20
75.860979
 10
281.727555
 20
75.863793
 10
281.765025
 20
75.983417
 10
281.813623
 20
76.605729
 10
281.836905
 20
77.793182
 10
281.878183
 20
79.027282
 10
281.985034
 20
80.015947
 10
282.172604
 20
80.853085
 10
282.456038
 20
81.632605
 10
282.907232
 20
82.578887
 10
283.068493
 20
82.842744
 10
283.156230
 20
82.911141
 10
283.163737
 20
82.790754
 10
283.106552
 20
82.540592
 10
282.839657
 20
81.797155
 10
282.678960
 20
81.289264
 10
282.553063
 20
80.652260
 10
282.474554
 20
79.967542
 10
282.456020
 20
79.316504
 10
282.490989
 20
78.546922
 10
282.517830
 20
78.403441
 10
282.554427
 20
78.430342
 10
282.667446
 20
79.023816
 10
282.851153
 20
80.384394
 10
282.938233
 20
80.870576
 10
283.066652
 20
81.346818
 10
283.219113
 20
81.758442
 10
283.378320
 20
82.050770
 10
283.565945
 20
82.266992
 10
283.617477
 20
82.275273
 10
283.641745
 20
82.207840
 10
283.611272
 20
81.818358
 10
283.480078
 20
81.043589
 10
283.367144
 20
80.228775
 10
283.302780
 20
79.333525
 10
283.284322
 20
78.408990
 10
283.309110
 20
77.506320
 10
283.374480
 20
76.676666
 10
283.477770
 20
75.971180
 10
283.616319
 20
75.441013
 10
283.697984
 20
75.257658
 10
283.787464
 20
75.137314
 10
283.974377
 20
74.977564
 10
284.059810
 20
74.951379
 10
284.051797
 20
75.068159
 10
283.958371
 20
75.337307
 10
283.833851
 20
75.812167
 10
283.732045
 20
76.476181
 10
283.610084
 20
78.030479
 10
283.596686
 20
78.750168
 10
283.619512
 20
79.317821
 10
283.681941
 20
79.648139
 10
283.729062
 20
79.697641
 10
283.787351
 20
79.655824
 10
283.901796
 20
79.433910
 10
283.996156
 20
79.138629
 10
284.060651
 20
78.808497
 10
284.085497
 20
78.482029
 10
284.127529
 20
78.086726
 10
284.242276
 20
77.577973
 10
284.644017
 20
76.342755
 10
285.198930
 20
75.021648
 10
285.505141
 20
74.405535
 10
285.815223
 20
73.859927
 10
286.121516
 20
73.391088
 10
286.335451
 20
73.119506
 10
286.458214
 20
73.029684
 10
286.485777
 20
73.048090
 10
286.490991
 20
73.106126
 10
286.434969
 20
73.333335
 10
286.291334
 20
73.695815
 10
285.745970
 20
74.764601
 10
285.151120
 20
75.907897
 10
284.995232
 20
76.280758
 10
284.967749
 20
76.447471
 10
285.026207
 20
76.446657
 10
285.125753
 20
76.364723
 10
285.457235
 20
75.944647
 10
286.713654
 20
73.989718
 10
286.914489
 20
73.695204
 10
287.102504
 20
73.477570
 10
287.256628
 20
73.357606
 10
287.355790
 20
73.356103
 10
287.388858
 20
73.450473
 10
287.363005
 20
73.591548
 10
287.284624
 20
73.760250
 10
287.160104
 20
73.937504
 10
287.032320
 20
74.113196
 10
286.977813
 20
74.238833
 10
286.990132
 20
74.314391
 10
287.062820
 20
74.339844
 10
287.363491
 20
74.240338
 10
287.828194
 20
73.940116
 10
288.089915
 20
73.773673
 10
288.318060
 20
73.699485
 10
288.521445
 20
73.716383
 10
288.708885
 20
73.823197
 10
288.874293
 20
73.934192
 10
289.015107
 20
73.970422
 10
289.134530
 20
73.931857
 10
289.235761
 20
73.818466
 10
289.329246
 20
73.705032
 10
289.450311
 20
73.612139
 10
289.583311
 20
73.549374
 10
289.712600
 20
73.526322
 10
289.814279
 20
73.554562
 10
289.839404
 20
73.636456
 10
289.788487
 20
73.767763
 10
289.662043
 20
73.944243
 10
289.500590
 20
74.162804
 10
289.445348
 20
74.295726
 10
289.485866
 20
74.347045
 10
289.611692
 20
74.320793
 10
290.077465
 20
74.051716
 10
290.759057
 20
73.520773
 10
291.476544
 20
72.983644
 10
291.726798
 20
72.852238
 10
291.856703
 20
72.841970
 10
291.857405
 20
72.933658
 10
291.755867
 20
73.079855
 10
291.316918
 20
73.455278
 10
290.378463
 20
74.192064
 10
289.382089
 20
75.090301
 10
288.591143
 20
75.898550
 10
288.355002
 20
76.190355
 10
288.268973
 20
76.365375
 10
288.298828
 20
76.391536
 10
288.384391
 20
76.365333
 10
288.698648
 20
76.172605
 10
289.163749
 20
75.820730
 10
289.731697
 20
75.343245
 10
290.990005
 20
74.328537
 10
292.233877
 20
73.460220
 10
292.762806
 20
73.137278
 10
293.183012
 20
72.918517
 10
293.459460
 20
72.826465
 10
293.532825
 20
72.834994
 10
293.557111
 20
72.883649
 10
293.444907
 20
73.036259
 10
293.143499
 20
73.285637
 10
292.156843
 20
73.936511
 10
291.555402
 20
74.321532
 10
290.948854
 20
74.757690
 10
290.407869
 20
75.191416
 10
290.003113
 20
75.569137
 10
289.645778
 20
75.969023
 10
289.596772
 20
76.056373
 10
289.644928
 20
76.065305
 10
290.064882
 20
75.837854
 10
290.969959
 20
75.266539
 10
291.766192
 20
74.784528
 10
292.636693
 20
74.305693
 10
294.394554
 20
73.449375
 10
295.178939
 20
73.117803
 10
295.831645
 20
72.881229
 10
296.301184
 20
72.762609
 10
296.451176
 20
72.754705
 10
296.536069
 20
72.784898
 10
296.572675
 20
72.893698
 10
296.538708
 20
73.056300
 10
296.442206
 20
73.250716
 10
296.291205
 20
73.454959
 10
296.125635
 20
73.677915
 10
295.989473
 20
73.923280
 10
295.896811
 20
74.161285
 10
295.861742
 20
74.362164
 10
295.794026
 20
74.815188
 10
295.636494
 20
75.317505
 10
295.620400
 20
75.396012
 10
295.660259
 20
75.412322
 10
295.888653
 20
75.273203
 10
296.283307
 20
74.929862
 10
296.805851
 20
74.412010
 10
297.374988
 20
73.851753
 10
297.896505
 20
73.392951
 10
298.312656
 20
73.082949
 10
298.565696
 20
72.969094
 10
298.613196
 20
72.992541
 10
298.606016
 20
73.059740
 10
298.442975
 20
73.306550
 10
298.107286
 20
73.671829
 10
297.629664
 20
74.117883
 10
296.839384
 20
74.874232
 10
296.608315
 20
75.145410
 10
296.491220
 20
75.334001
 10
296.491544
 20
75.431564
 10
296.612732
 20
75.429655
 10
296.858228
 20
75.319833
 10
297.231478
 20
75.093656
 10
297.648664
 20
74.878226
 10
298.231302
 20
74.657951
 10
298.935735
 20
74.443012
 10
299.718309
 20
74.243594
 10
301.343257
 20
73.932051
 10
302.098320
 20
73.840293
 10
302.756901
 20
73.804788
 10
303.315560
 20
73.786370
 10
303.631418
 20
73.737038
 10
303.702829
 20
73.699271
 10
303.718978
 20
73.651965
 10
303.592743
 20
73.526322
 10
303.360321
 20
73.421118
 10
303.036428
 20
73.334324
 10
302.663950
 20
73.274942
 10
302.285771
 20
73.251974
 10
301.926981
 20
73.228344
 10
301.607295
 20
73.167128
 10
301.361535
 20
73.077615
 10
301.224524
 20
72.969094
 10
301.159818
 20
72.853996
 10
301.147387
 20
72.773603
 10
301.215115
 20
72.729418
 10
301.390885
 20
72.722941
 10
302.178083
 20
72.829123
 10
303.732050
 20
73.104164
 10
306.013443
 20
73.466099
 10
306.646839
 20
73.522945
 10
306.935517
 20
73.500519
 10
306.949060
 20
73.460394
 10
306.874591
 20
73.401429
 10
306.459173
 20
73.228283
 10
305.684377
 20
72.983686
 10
304.545316
 20
72.670248
 10
303.534747
 20
72.428180
 10
302.414192
 20
72.196912
 10
301.320040
 20
72.002649
 10
300.388682
 20
71.871596
 10
299.287965
 20
71.744177
 10
298.872058
 20
71.674686
 10
299.097602
 20
71.639214
 10
299.921235
 20
71.613854
 10
300.740331
 20
71.655204
 10
301.874373
 20
71.795757
 10
303.173517
 20
72.013451
 10
304.487918
 20
72.286223
 10
305.792043
 20
72.556369
 10
307.046364
 20
72.762762
 10
308.113473
 20
72.885895
 10
308.855962
 20
72.906264
 10
309.546834
 20
72.851064
 10
309.828739
 20
72.796707
 10
309.827164
 20
72.762297
 10
309.736348
 20
72.719039
 10
309.304330
 20
72.593908
 10
305.264427
 20
71.415650
 10
302.793813
 20
70.714575
 10
300.832277
 20
70.251101
 10
299.977202
 20
70.095297
 10
299.171145
 20
69.983092
 10
297.601747
 20
69.868413
 10
297.007063
 20
69.832144
 10
296.520068
 20
69.770371
 10
296.191017
 20
69.691744
 10
296.101425
 20
69.648814
 10
296.070165
 20
69.604914
 10
296.109932
 20
69.517550
 10
296.224258
 20
69.439815
 10
296.646736
 20
69.313988
 10
297.277898
 20
69.228941
 10
298.058042
 20
69.186185
 10
298.927469
 20
69.187229
 10
299.826477
 20
69.233584
 10
300.695365
 20
69.326757
 10
301.474432
 20
69.468260
 10
302.863401
 20
69.752150
 10
303.310710
 20
69.813729
 10
303.504425
 20
69.806915
 10
303.495216
 20
69.765588
 10
303.405134
 20
69.710856
 10
303.015489
 20
69.568810
 10
301.630207
 20
69.207824
 10
299.878722
 20
68.846102
 10
298.291177
 20
68.605790
 10
297.645161
 20
68.518996
 10
297.116130
 20
68.411229
 10
296.758676
 20
68.296209
 10
296.661351
 20
68.240267
 10
296.627393
 20
68.187657
 10
296.676858
 20
68.103038
 10
296.811540
 20
68.053182
 10
297.010868
 20
68.041857
 10
297.254275
 20
68.072830
 10
299.216115
 20
68.375553
 10
299.991859
 20
68.515038
 10
301.117192
 20
68.766698
 10
303.813246
 20
69.463724
 10
307.911260
 20
70.566536
 10
308.747102
 20
70.754499
 10
308.050567
 20
70.191812
 10
307.692178
 20
69.949674
 10
307.231268
 20
69.706344
 10
306.727259
 20
69.490122
 10
306.239576
 20
69.329310
 10
302.478287
 20
68.183759
 10
301.236897
 20
67.835767
 10
299.914253
 20
67.552980
 10
298.548696
 20
67.338408
 10
297.178567
 20
67.195061
 10
295.842206
 20
67.125949
 10
294.577953
 20
67.134081
 10
293.424150
 20
67.222467
 10
292.419138
 20
67.394118
 10
291.039928
 20
67.782826
 10
289.715256
 20
68.290516
 10
288.450867
 20
68.913296
 10
287.252505
 20
69.647272
 10
286.125916
 20
70.488554
 10
285.076845
 20
71.433247
 10
284.111035
 20
72.477460
 10
283.234233
 20
73.617301
 10
282.861218
 20
74.120157
 10
282.566896
 20
74.457386
 10
282.355958
 20
74.632680
 10
282.283225
 20
74.660756
 10
282.233096
 20
74.649734
 10
282.203001
 20
74.512241
 10
282.270363
 20
74.223896
 10
282.439874
 20
73.788391
 10
282.716226
 20
73.209422
 10
283.044726
 20
72.628462
 10
283.429228
 20
72.060929
 10
283.866650
 20
71.508800
 10
284.353911
 20
70.974054
 10
284.887928
 20
70.458666
 10
285.465619
 20
69.964615
 10
286.083904
 20
69.493878
 10
286.739700
 20
69.048431
 10
287.429926
 20
68.630252
 10
288.151499
 20
68.241319
 10
288.901339
 20
67.883609
 10
289.676363
 20
67.559098
 10
290.473490
 20
67.269765
 10
291.289638
 20
67.017587
 10
292.121725
 20
66.804540
 10
292.966669
 20
66.632602
 10
294.170731
 20
66.461533
 10
295.382095
 20
66.375067
 10
296.607172
 20
66.373855
 10
297.852374
 20
66.458550
 10
299.124112
 20
66.629803
 10
300.428797
 20
66.888267
 10
301.772841
 20
67.234592
 10
303.162656
 20
67.669432
 10
304.846391
 20
68.187859
 10
305.297409
 20
68.284386
 10
305.393224
 20
68.283684
 10
305.390395
 20
68.247179
 10
305.014458
 20
68.020486
 10
304.298278
 20
67.705187
 10
302.272786
 20
66.955279
 10
300.169120
 20
66.290462
 10
299.355223
 20
66.081528
 10
298.842482
 20
66.003744
 10
298.523308
 20
65.980763
 10
298.261932
 20
65.918192
 10
298.085326
 20
65.825587
 10
298.020463
 20
65.712505
 10
298.054591
 20
65.634744
 10
298.153531
 20
65.583512
 10
298.525206
 20
65.555823
 10
299.094191
 20
65.619819
 10
299.819192
 20
65.765878
 10
300.658912
 20
65.984378
 10
301.572057
 20
66.265699
 10
302.517330
 20
66.600218
 10
303.453436
 20
66.978315
 10
304.089761
 20
67.247972
 10
304.365040
 20
67.329308
 10
304.385050
 20
67.296951
 10
304.336112
 20
67.214629
 10
304.059813
 20
66.896243
 10
303.804843
 20
66.662862
 10
303.486206
 20
66.444175
 10
303.144565
 20
66.264703
 10
302.820582
 20
66.148966
 10
302.475605
 20
66.046039
 10
302.314452
 20
65.946772
 10
302.298841
 20
65.892927
 10
302.324423
 20
65.833295
 10
302.492819
 20
65.687735
 10
302.660781
 20
65.561101
 10
302.693283
 20
65.501083
 10
302.332613
 20
65.566262
 10
301.991752
 20
65.588658
 10
301.435054
 20
65.549595
 10
299.977516
 20
65.340420
 10
298.566741
 20
65.045391
 10
298.068495
 20
64.899012
 10
297.809468
 20
64.771164
 10
297.819067
 20
64.737964
 10
297.916254
 20
64.713684
 10
298.329569
 20
64.689673
 10
299.725247
 20
64.724331
 10
301.295413
 20
64.839687
 10
301.926840
 20
64.916548
 10
302.338980
 20
65.000290
 10
302.459542
 20
65.022016
 10
302.375883
 20
64.952017
 10
301.682127
 20
64.590614
 10
301.075685
 20
64.334340
 10
300.321969
 20
64.068565
 10
299.516970
 20
63.824677
 10
298.756680
 20
63.634062
 10
297.957556
 20
63.450232
 10
297.586369
 20
63.333843
 10
297.552866
 20
63.296529
 10
297.616284
 20
63.270785
 10
298.020463
 20
63.246946
 10
298.548829
 20
63.292166
 10
299.266588
 20
63.426330
 10
300.079476
 20
63.628717
 10
300.893232
 20
63.878604
 10
301.661521
 20
64.123403
 10
302.184367
 20
64.252662
 10
302.442431
 20
64.262927
 10
302.466128
 20
64.222357
 10
302.416377
 20
64.150743
 10
302.156285
 20
63.978099
 10
301.724940
 20
63.784849
 10
301.182322
 20
63.594611
 10
300.588411
 20
63.431002
 10
300.024048
 20
63.279741
 10
299.561883
 20
63.123124
 10
299.249609
 20
62.979632
 10
299.134919
 20
62.867749
 10
299.177259
 20
62.803485
 10
299.299986
 20
62.773859
 10
299.760841
 20
62.813987
 10
300.465962
 20
62.979065
 10
301.363831
 20
63.260026
 10
301.744918
 20
63.386096
 10
301.887362
 20
63.406788
 10
301.802868
 20
63.305908
 10
301.503138
 20
63.067260
 10
301.133116
 20
62.852732
 10
300.537552
 20
62.588122
 10
299.798629
 20
62.307035
 10
298.998529
 20
62.043078
 10
298.267698
 20
61.804792
 10
297.717378
 20
61.593601
 10
297.400948
 20
61.432435
 10
297.347121
 20
61.377778
 10
297.371783
 20
61.344227
 10
297.657618
 20
61.356909
 10
298.198854
 20
61.470451
 10
299.737085
 20
61.924011
 10
301.199709
 20
62.390870
 10
301.844997
 20
62.549064
 10
301.873166
 20
62.496161
 10
301.870289
 20
62.425513
 10
301.780730
 20
62.239462
 10
301.594991
 20
62.007878
 10
301.331743
 20
61.747727
 10
300.647402
 20
61.209589
 10
300.263650
 20
60.965534
 10
299.877071
 20
60.760777
 10
299.271571
 20
60.510365
 10
298.540081
 20
60.262493
 10
296.865983
 20
59.812876
 10
295.188474
 20
59.488943
 10
294.452722
 20
59.398175
 10
293.841253
 20
59.367710
 10
292.866104
 20
59.372992
  0
LWPOLYLINE
  8
ENGRAVE_RED
 62
1
 90
8
 70
1
 10
296.906007
 20
73.631522
 10
296.762782
 20
73.818139
 10
296.418433
 20
74.119096
 10
296.070166
 20
74.362172
 10
296.313241
 20
74.013905
 10
296.559412
 20
73.726119
 10
296.746114
 20
73.562685
 10
296.864571
 20
73.529266
  0
LWPOLYLINE
  8
ENGRAVE_RED
 62
1
 90
470
 70
1
 10
239.650831
 20
60.152859
 10
239.447378
 20
60.349630
 10
239.321793
 20
60.409489
 10
239.200025
 20
60.431473
 10
239.106787
 20
60.407295
 10
239.058882
 20
60.341465
 10
239.059238
 20
60.244035
 10
239.110782
 20
60.125061
 10
239.167568
 20
60.000059
 10
239.128535
 20
59.957413
 10
238.987769
 20
59.997024
 10
238.739357
 20
60.118793
 10
238.438853
 20
60.317020
 10
238.110275
 20
60.595721
 10
237.452905
 20
61.293444
 10
236.935268
 20
62.009759
 10
236.781356
 20
62.311702
 10
236.725385
 20
62.542467
 10
236.693967
 20
62.696438
 10
236.608423
 20
62.822526
 10
236.481818
 20
62.907721
 10
236.327216
 20
62.939010
 10
236.203243
 20
62.971078
 10
236.085896
 20
63.063463
 10
235.874586
 20
63.406288
 10
235.700309
 20
63.921690
 10
235.570088
 20
64.563871
 10
235.490946
 20
65.287034
 10
235.469904
 20
66.045382
 10
235.513986
 20
66.793119
 10
235.630214
 20
67.484447
 10
235.801938
 20
68.108793
 10
236.011264
 20
68.702970
 10
236.257083
 20
69.266007
 10
236.538285
 20
69.796928
 10
236.853761
 20
70.294762
 10
237.202401
 20
70.758533
 10
237.583096
 20
71.187270
 10
237.994736
 20
71.579997
 10
238.436211
 20
71.935742
 10
238.906412
 20
72.253532
 10
239.404229
 20
72.532393
 10
239.928553
 20
72.771351
 10
240.478274
 20
72.969432
 10
241.052282
 20
73.125665
 10
241.649469
 20
73.239074
 10
242.268723
 20
73.308687
 10
243.323631
 20
73.451684
 10
243.694509
 20
73.548468
 10
243.890068
 20
73.647296
 10
243.899446
 20
73.691133
 10
243.841443
 20
73.726266
 10
243.547463
 20
73.768986
 10
243.056469
 20
73.772604
 10
242.416801
 20
73.734264
 10
241.715448
 20
73.645684
 10
241.037381
 20
73.504284
 10
240.384740
 20
73.312032
 10
239.759668
 20
73.070900
 10
239.164304
 20
72.782858
 10
238.600790
 20
72.449875
 10
238.071266
 20
72.073923
 10
237.577873
 20
71.656971
 10
237.122751
 20
71.200990
 10
236.708043
 20
70.707949
 10
236.335888
 20
70.179820
 10
236.008428
 20
69.618572
 10
235.727803
 20
69.026175
 10
235.496153
 20
68.404600
 10
235.315621
 20
67.755818
 10
235.188347
 20
67.081797
 10
235.123409
 20
66.349651
 10
235.134822
 20
65.594942
 10
235.218991
 20
64.832089
 10
235.372318
 20
64.075514
 10
235.591208
 20
63.339637
 10
235.872063
 20
62.638879
 10
236.211287
 20
61.987661
 10
236.605284
 20
61.400402
 10
236.954489
 20
60.916009
 10
237.201348
 20
60.519333
 10
237.323158
 20
60.251309
 10
237.330076
 20
60.178333
 10
237.297217
 20
60.152871
 10
237.182325
 20
60.175214
 10
237.061950
 20
60.236049
 10
236.861882
 20
60.436029
 10
236.776832
 20
60.535405
 10
236.674625
 20
60.596663
 10
236.568114
 20
60.614907
 10
236.470154
 20
60.585242
 10
236.400649
 20
60.567644
 10
236.310915
 20
60.585011
 10
236.082070
 20
60.712130
 10
235.806242
 20
60.941581
 10
235.506056
 20
61.248346
 10
234.923102
 20
61.993746
 10
234.685581
 20
62.382346
 10
234.514196
 20
62.748189
 10
234.401876
 20
63.144730
 10
234.315118
 20
63.644623
 10
234.262504
 20
64.183873
 10
234.252619
 20
64.698487
 10
234.287376
 20
65.864457
 10
234.493628
 20
64.460614
 10
234.594206
 20
63.900525
 10
234.726726
 20
63.362184
 10
234.887935
 20
62.853005
 10
235.074581
 20
62.380400
 10
235.283411
 20
61.951780
 10
235.511172
 20
61.574558
 10
235.754612
 20
61.256147
 10
236.010478
 20
61.003958
 10
236.345760
 20
60.773590
 10
236.413768
 20
60.776997
 10
236.415359
 20
60.859451
 10
236.219300
 20
61.261454
 10
235.757604
 20
61.979510
 10
235.470162
 20
62.443765
 10
235.235912
 20
62.915509
 10
235.052850
 20
63.404447
 10
234.918973
 20
63.920284
 10
234.832277
 20
64.472723
 10
234.790758
 20
65.071471
 10
234.792412
 20
65.726231
 10
234.835235
 20
66.446708
 10
234.867081
 20
67.017565
 10
234.858667
 20
67.427216
 10
234.813134
 20
67.639412
 10
234.777430
 20
67.660136
 10
234.733625
 20
67.617903
 10
234.570909
 20
67.255237
 10
234.500739
 20
66.889359
 10
234.462530
 20
66.709842
 10
234.361620
 20
66.493223
 10
234.213361
 20
66.266787
 10
234.033103
 20
66.057818
 10
233.782326
 20
65.832295
 10
233.707591
 20
65.803217
 10
233.662792
 20
65.838622
 10
233.651501
 20
66.128954
 10
233.725452
 20
66.755448
 10
233.826114
 20
67.323224
 10
233.974556
 20
67.893720
 10
234.167883
 20
68.463225
 10
234.403197
 20
69.028027
 10
234.677602
 20
69.584416
 10
234.988201
 20
70.128678
 10
235.332099
 20
70.657104
 10
235.706399
 20
71.165981
 10
236.108204
 20
71.651598
 10
236.534619
 20
72.110244
 10
236.982745
 20
72.538207
 10
237.449688
 20
72.931776
 10
237.932551
 20
73.287239
 10
238.428437
 20
73.600885
 10
238.934450
 20
73.869003
 10
239.447693
 20
74.087880
 10
240.086560
 20
74.290419
 10
240.785661
 20
74.447042
 10
241.524091
 20
74.556718
 10
242.280941
 20
74.618418
 10
243.035305
 20
74.631114
 10
243.766276
 20
74.593776
 10
244.452945
 20
74.505374
 10
245.074407
 20
74.364880
 10
245.515059
 20
74.259308
 10
245.862472
 20
74.224560
 10
246.119067
 20
74.263656
 10
246.287268
 20
74.379613
 10
246.369500
 20
74.575449
 10
246.368185
 20
74.854181
 10
246.285748
 20
75.218828
 10
246.124610
 20
75.672407
 10
245.869945
 20
76.392610
 10
245.678038
 20
77.119031
 10
245.547802
 20
77.847805
 10
245.478146
 20
78.575065
 10
245.467981
 20
79.296945
 10
245.516219
 20
80.009579
 10
245.621771
 20
80.709101
 10
245.783546
 20
81.391645
 10
246.000457
 20
82.053345
 10
246.271414
 20
82.690334
 10
246.595327
 20
83.298746
 10
246.971109
 20
83.874716
 10
247.397668
 20
84.414376
 10
247.873918
 20
84.913862
 10
248.398767
 20
85.369306
 10
248.971128
 20
85.776843
 10
249.529494
 20
86.104249
 10
250.058589
 20
86.347601
 10
250.567586
 20
86.507569
 10
251.065657
 20
86.584819
 10
251.561976
 20
86.580022
 10
252.065716
 20
86.493844
 10
252.586049
 20
86.326954
 10
253.132150
 20
86.080021
 10
253.741318
 20
85.710938
 10
254.242554
 20
85.283271
 10
254.633596
 20
84.802638
 10
254.912179
 20
84.274657
 10
255.076038
 20
83.704944
 10
255.122910
 20
83.099117
 10
255.050531
 20
82.462793
 10
254.856637
 20
81.801590
 10
254.718216
 20
81.513203
 10
254.549566
 20
81.271190
 10
254.368772
 20
81.084889
 10
254.193921
 20
80.963637
 10
254.043099
 20
80.916768
 10
253.934392
 20
80.953621
 10
253.885885
 20
81.083531
 10
253.915665
 20
81.315835
 10
253.931390
 20
81.579987
 10
253.876806
 20
81.926759
 10
253.762326
 20
82.311125
 10
253.598361
 20
82.688058
 10
253.327076
 20
83.138487
 10
253.189438
 20
83.290679
 10
253.036652
 20
83.402024
 10
252.858355
 20
83.478397
 10
252.644184
 20
83.525675
 10
252.066765
 20
83.556446
 10
251.699603
 20
83.530495
 10
251.355501
 20
83.453606
 10
251.035145
 20
83.327221
 10
250.739223
 20
83.152783
 10
250.468421
 20
82.931737
 10
250.223427
 20
82.665524
 10
250.004928
 20
82.355588
 10
249.813611
 20
82.003372
 10
249.650162
 20
81.610321
 10
249.515268
 20
81.177875
 10
249.409617
 20
80.707480
 10
249.333896
 20
80.200578
 10
249.274991
 20
79.083026
 10
249.344047
 20
77.836765
 10
249.452387
 20
77.088776
 10
249.620350
 20
76.362189
 10
249.847179
 20
75.657803
 10
250.132119
 20
74.976419
 10
250.474413
 20
74.318836
 10
250.873305
 20
73.685854
 10
251.328038
 20
73.078274
 10
251.837856
 20
72.496894
 10
252.402004
 20
71.942514
 10
253.019723
 20
71.415935
 10
253.690259
 20
70.917957
 10
254.412855
 20
70.449378
 10
255.186754
 20
70.011000
 10
256.011200
 20
69.603621
 10
256.885437
 20
69.228042
 10
257.808709
 20
68.885063
 10
258.897868
 20
68.569287
 10
260.080154
 20
68.332107
 10
261.316735
 20
68.174639
 10
262.568782
 20
68.097999
 10
263.797463
 20
68.103304
 10
264.963947
 20
68.191670
 10
266.029404
 20
68.364215
 10
266.955003
 20
68.622054
 10
267.892697
 20
68.980943
 10
268.950386
 20
69.427984
 10
271.294730
 20
70.522112
 10
273.726002
 20
71.775627
 10
275.982169
 20
73.059716
 10
277.901414
 20
74.176355
 10
278.539378
 20
74.516041
 10
278.837962
 20
74.640798
 10
278.930852
 20
74.580341
 10
279.008758
 20
74.415730
 10
279.063511
 20
74.172106
 10
279.086942
 20
73.874610
 10
279.125150
 20
73.489176
 10
279.220132
 20
73.006118
 10
279.357577
 20
72.487145
 10
279.523173
 20
71.993965
 10
280.085468
 20
70.450058
 10
280.083277
 20
70.321983
 10
279.994495
 20
70.173728
 10
279.811407
 20
70.000271
 10
279.526299
 20
69.796590
 10
278.619161
 20
69.278469
 10
277.211362
 20
68.579188
 10
275.137316
 20
67.614817
 10
273.312773
 20
66.835421
 10
271.671395
 20
66.223490
 10
270.146849
 20
65.761513
 10
268.672796
 20
65.431982
 10
267.182903
 20
65.217385
 10
265.610832
 20
65.100214
 10
263.890249
 20
65.062957
 10
262.561250
 20
65.067767
 10
261.433943
 20
65.107531
 10
260.359543
 20
65.212613
 10
259.189265
 20
65.413376
 10
257.774323
 20
65.740185
 10
255.965935
 20
66.223403
 10
250.573675
 20
67.780521
 10
248.475035
 20
68.355366
 10
246.687977
 20
68.754527
 10
245.186389
 20
68.976965
 10
244.534486
 20
69.021590
 10
243.944159
 20
69.021645
 10
243.412144
 20
68.977001
 10
242.935176
 20
68.887528
 10
242.509992
 20
68.753097
 10
242.133328
 20
68.573578
 10
241.801919
 20
68.348841
 10
241.512502
 20
68.078756
 10
241.261812
 20
67.763195
 10
241.046586
 20
67.402026
 10
240.868548
 20
67.001459
 10
240.747794
 20
66.603046
 10
240.682617
 20
66.209395
 10
240.671307
 20
65.823116
 10
240.712159
 20
65.446818
 10
240.803463
 20
65.083109
 10
240.943514
 20
64.734600
 10
241.130603
 20
64.403898
 10
241.363023
 20
64.093613
 10
241.639065
 20
63.806354
 10
241.957024
 20
63.544731
 10
242.315190
 20
63.311351
 10
242.711857
 20
63.108824
 10
243.145317
 20
62.939760
 10
243.613863
 20
62.806767
 10
244.115786
 20
62.712454
 10
244.550461
 20
62.633884
 10
244.906002
 20
62.536957
 10
245.176295
 20
62.427210
 10
245.355226
 20
62.310179
 10
245.436680
 20
62.191402
 10
245.414545
 20
62.076416
 10
245.282705
 20
61.970756
 10
245.035047
 20
61.879961
 10
244.866043
 20
61.841974
 10
244.810261
 20
61.852116
 10
245.039023
 20
62.044120
 10
245.109848
 20
62.109892
 10
245.125896
 20
62.170150
 10
245.085991
 20
62.225345
 10
244.988956
 20
62.275931
 10
244.618785
 20
62.365083
 10
244.005969
 20
62.441226
 10
243.315746
 20
62.548524
 10
242.688973
 20
62.734638
 10
242.109966
 20
63.005514
 10
241.563038
 20
63.367095
 10
241.071176
 20
63.725239
 10
240.784160
 20
63.885763
 10
240.709435
 20
63.894603
 10
240.676280
 20
63.857260
 10
240.721829
 20
63.648327
 10
240.806417
 20
63.399855
 10
240.804199
 20
63.296108
 10
240.703602
 20
63.329125
 10
240.493053
 20
63.490945
 10
240.328099
 20
63.605903
 10
240.193208
 20
63.658069
 10
240.102164
 20
63.645053
 10
240.068752
 20
63.564467
 10
240.101758
 20
63.389048
 10
240.189851
 20
63.219823
 10
240.316649
 20
63.067945
 10
240.465767
 20
62.944569
 10
240.620820
 20
62.860852
 10
240.765426
 20
62.827947
 10
240.883200
 20
62.857010
 10
240.957757
 20
62.959195
 10
240.997974
 20
63.025703
 10
241.064845
 20
63.063744
 10
241.278824
 20
63.054361
 10
241.600244
 20
62.930909
 10
242.029655
 20
62.693253
 10
242.470122
 20
62.464524
 10
242.956393
 20
62.276418
 10
243.429391
 20
62.148402
 10
243.830041
 20
62.099944
 10
244.179605
 20
62.083284
 10
244.371098
 20
62.037910
 10
244.408305
 20
62.004065
 10
244.406881
 20
61.962571
 10
244.289319
 20
61.856012
 10
244.069315
 20
61.780411
 10
243.755967
 20
61.756253
 10
243.380256
 20
61.777618
 10
242.973166
 20
61.838587
 10
242.565678
 20
61.933241
 10
242.188774
 20
62.055661
 10
241.873438
 20
62.199928
 10
241.650650
 20
62.360123
 10
241.328414
 20
62.602290
 10
241.197031
 20
62.649893
 10
241.097028
 20
62.651452
 10
241.037070
 20
62.609172
 10
241.025824
 20
62.525259
 10
241.071956
 20
62.401920
 10
241.184131
 20
62.241361
 10
241.387848
 20
62.056836
 10
241.685440
 20
61.864180
 10
242.036933
 20
61.686218
 10
242.402357
 20
61.545772
 10
243.272813
 20
61.269213
 10
242.297664
 20
61.402803
 10
241.890697
 20
61.440374
 10
241.682424
 20
61.420158
 10
241.646537
 20
61.391955
 10
241.652813
 20
61.353593
 10
241.781830
 20
61.252114
 10
242.435621
 20
60.990162
 10
243.483533
 20
60.725797
 10
244.665883
 20
60.492539
 10
243.609983
 20
60.462010
 10
243.146057
 20
60.486388
 10
242.644250
 20
60.579923
 10
242.121367
 20
60.735108
 10
241.594215
 20
60.944436
 10
241.079600
 20
61.200402
 10
240.594329
 20
61.495499
 10
240.155207
 20
61.822220
 10
239.779040
 20
62.173060
 10
239.291840
 20
62.792770
 10
238.909031
 20
63.493950
 10
238.633289
 20
64.256718
 10
238.467293
 20
65.061190
 10
238.413718
 20
65.887484
 10
238.475242
 20
66.715717
 10
238.654543
 20
67.526005
 10
238.954296
 20
68.298467
 10
239.352104
 20
69.207095
 10
239.451037
 20
69.511387
 10
239.483364
 20
69.709481
 10
239.449117
 20
69.796740
 10
239.348327
 20
69.768526
 10
239.181026
 20
69.620203
 10
238.947244
 20
69.347132
 10
238.697382
 20
68.977579
 10
238.470965
 20
68.537020
 10
238.269068
 20
68.038542
 10
238.092764
 20
67.495233
 10
237.821231
 20
66.326470
 10
237.664959
 20
65.135429
 10
237.632537
 20
64.026810
 10
237.665455
 20
63.536128
 10
237.732557
 20
63.105313
 10
237.834917
 20
62.747452
 10
237.973609
 20
62.475635
 10
238.149707
 20
62.302946
 10
238.364285
 20
62.242475
 10
238.539555
 20
62.157341
 10
238.869385
 20
61.925539
 10
239.803791
 20
61.163540
 10
240.500858
 20
60.493412
 10
240.573786
 20
60.361053
 10
240.435345
 20
60.397351
 10
239.901593
 20
60.633848
 10
239.611316
 20
60.688148
 10
239.569345
 20
60.649565
 10
239.602480
 20
60.568541
 10
239.913051
 20
60.283317
 10
240.098155
 20
60.124486
 10
240.202355
 20
59.994418
 10
240.218254
 20
59.906534
 10
240.138455
 20
59.874257
 10
240.002396
 20
59.896241
 10
239.865107
 20
59.956099
 10
239.742588
 20
60.044690
 10
239.650840
 20
60.152871
  0
LWPOLYLINE
  8
ENGRAVE_RED
 62
1
 90
18
 70
1
 10
238.675682
 20
60.988701
 10
238.315986
 20
61.685236
 10
238.964150
 20
61.128008
 10
239.612316
 20
60.570780
 10
239.150772
 20
61.249983
 10
238.950570
 20
61.504336
 10
238.734534
 20
61.711298
 10
238.515772
 20
61.866331
 10
238.307391
 20
61.964898
 10
238.122499
 20
62.002463
 10
237.974205
 20
61.974486
 10
237.875616
 20
61.876432
 10
237.839841
 20
61.703764
 10
237.887008
 20
61.525953
 10
238.015435
 20
61.300607
 10
238.205507
 20
61.056629
 10
238.437610
 20
60.822923
 10
239.035379
 20
60.292166
  0
LWPOLYLINE
  8
ENGRAVE_RED
 62
1
 90
17
 70
1
 10
240.667265
 20
62.451424
 10
239.930044
 20
63.254616
 10
239.383234
 20
63.914148
 10
239.222867
 20
64.103092
 10
239.090209
 20
64.205622
 10
238.999045
 20
64.214856
 10
238.963157
 20
64.123912
 10
239.042389
 20
63.889935
 10
239.261423
 20
63.540067
 10
239.957707
 20
62.674000
 10
240.729615
 20
61.888394
 10
241.043181
 20
61.639101
 10
241.254757
 20
61.545929
 10
241.294259
 20
61.564410
 10
241.296673
 20
61.617378
 10
241.199878
 20
61.811918
 10
240.983649
 20
62.099837
  0
LWPOLYLINE
  8
ENGRAVE_RED
 62
1
 90
13
 70
1
 10
240.607247
 20
64.192762
 10
240.572502
 20
64.406590
 10
240.481893
 20
64.660166
 10
240.207006
 20
65.173261
 10
239.930431
 20
65.505447
 10
239.837712
 20
65.532886
 10
239.800012
 20
65.430121
 10
239.828457
 20
65.218808
 10
239.913201
 20
64.964514
 10
240.041148
 20
64.699236
 10
240.199199
 20
64.454972
 10
240.487801
 20
64.154858
 10
240.575363
 20
64.127256
  0
LWPOLYLINE
  8
ENGRAVE_RED
 62
1
 90
40
 70
1
 10
266.258468
 20
65.606316
 10
267.863332
 20
65.900254
 10
269.297337
 20
66.203821
 10
270.604977
 20
66.527191
 10
271.830748
 20
66.880539
 10
272.761587
 20
67.207348
 10
273.924897
 20
67.671707
 10
276.509311
 20
68.809392
 10
278.704741
 20
69.886235
 10
279.381822
 20
70.274540
 10
279.567121
 20
70.408886
 10
279.631940
 20
70.494874
 10
279.567966
 20
70.506885
 10
279.384615
 20
70.458838
 10
278.711207
 20
70.203725
 10
276.497532
 20
69.205504
 10
275.089029
 20
68.560003
 10
273.708502
 20
67.987226
 10
272.350564
 20
67.485565
 10
271.009830
 20
67.053414
 10
269.680914
 20
66.689166
 10
268.358428
 20
66.391213
 10
267.036986
 20
66.157949
 10
265.711203
 20
65.987767
 10
263.806277
 20
65.860177
 10
261.892007
 20
65.856303
 10
260.178333
 20
65.969801
 10
259.462327
 20
66.068582
 10
258.875197
 20
66.194328
 10
258.617796
 20
66.252160
 10
258.499566
 20
66.242901
 10
258.512774
 20
66.159747
 10
258.649688
 20
65.995894
 10
258.773467
 20
65.931109
 10
259.010752
 20
65.868306
 10
259.768754
 20
65.751567
 10
260.809516
 20
65.651521
 10
262.018858
 20
65.574016
 10
264.486571
 20
65.510009
 10
265.516586
 20
65.535200
  0
LWPOLYLINE
  8
ENGRAVE_RED
 62
1
 90
31
 70
1
 10
255.977797
 20
66.993851
 10
254.032105
 20
67.698104
 10
250.684131
 20
68.814074
 10
248.349394
 20
69.542251
 10
246.610863
 20
69.994084
 10
245.852624
 20
70.140879
 10
245.108376
 20
70.247997
 10
243.481774
 20
70.382418
 10
242.268373
 20
70.431529
 10
241.371937
 20
70.427477
 10
240.816471
 20
70.371260
 10
240.674103
 20
70.323901
 10
240.625980
 20
70.263874
 10
240.651484
 20
70.207106
 10
240.725633
 20
70.160574
 10
241.005698
 20
70.099735
 10
241.437837
 20
70.084389
 10
241.993714
 20
70.117567
 10
242.763134
 20
70.156453
 10
243.593772
 20
70.124877
 10
244.516147
 20
70.016394
 10
245.560778
 20
69.824561
 10
246.758181
 20
69.542933
 10
248.138876
 20
69.165064
 10
251.572213
 20
68.094826
 10
254.449903
 20
67.176117
 10
256.202799
 20
66.671540
 10
256.629604
 20
66.581509
 10
256.725724
 20
66.578276
 10
256.741798
 20
66.603362
 10
256.528241
 20
66.739882
  0
LWPOLYLINE
  8
ENGRAVE_RED
 62
1
 90
59
 70
1
 10
246.616181
 20
79.194744
 10
246.644649
 20
80.375744
 10
246.746565
 20
81.278382
 10
246.946700
 20
82.039060
 10
247.269824
 20
82.794184
 10
247.525442
 20
83.251535
 10
247.820757
 20
83.670760
 10
248.151649
 20
84.050582
 10
248.513999
 20
84.389725
 10
248.903687
 20
84.686914
 10
249.316593
 20
84.940872
 10
249.748597
 20
85.150323
 10
250.195580
 20
85.313990
 10
250.653420
 20
85.430598
 10
251.117999
 20
85.498870
 10
251.585196
 20
85.517530
 10
252.050892
 20
85.485303
 10
252.510966
 20
85.400911
 10
252.961300
 20
85.263079
 10
253.397772
 20
85.070530
 10
253.816263
 20
84.821989
 10
254.330892
 20
84.483638
 10
254.588545
 20
84.353284
 10
254.632696
 20
84.363721
 10
254.626633
 20
84.423294
 10
254.482566
 20
84.686034
 10
254.257292
 20
84.934328
 10
253.897279
 20
85.204697
 10
253.452111
 20
85.464491
 10
252.971375
 20
85.681061
 10
252.524684
 20
85.821924
 10
252.069437
 20
85.908563
 10
251.608907
 20
85.942680
 10
251.146365
 20
85.925977
 10
250.685082
 20
85.860157
 10
250.228330
 20
85.746921
 10
249.779381
 20
85.587974
 10
249.341506
 20
85.385016
 10
248.917978
 20
85.139751
 10
248.512067
 20
84.853880
 10
248.127045
 20
84.529105
 10
247.766185
 20
84.167131
 10
247.432757
 20
83.769658
 10
247.130033
 20
83.338389
 10
246.861285
 20
82.875026
 10
246.629784
 20
82.381272
 10
246.476466
 20
81.855527
 10
246.352416
 20
81.131922
 10
246.260930
 20
80.289326
 10
246.205300
 20
79.406610
 10
246.188820
 20
78.562643
 10
246.214785
 20
77.836294
 10
246.286487
 20
77.306433
 10
246.340519
 20
77.139832
 10
246.407221
 20
77.051929
 10
246.449197
 20
77.072335
 10
246.488356
 20
77.181018
 10
246.554799
 20
77.628057
 10
246.599693
 20
78.322736
  0
LWPOLYLINE
  8
ENGRAVE_RED
 62
1
 90
12
 70
1
 10
243.969348
 20
61.267315
 10
244.623445
 20
61.438925
 10
245.080398
 20
61.496129
 10
245.199135
 20
61.481828
 10
245.225613
 20
61.438925
 10
245.145509
 20
61.367421
 10
244.944497
 20
61.267315
 10
244.387269
 20
61.100610
 10
243.830041
 20
61.036057
 10
243.584088
 20
61.049753
 10
243.521736
 20
61.086910
 10
243.648365
 20
61.156455
  0
LWPOLYLINE
  8
ENGRAVE_RED
 62
1
 90
324
 70
1
 10
332.798229
 20
63.674621
 10
332.458875
 20
63.741309
 10
332.161114
 20
63.839382
 10
331.877071
 20
63.994232
 10
331.578876
 20
64.231250
 10
331.238654
 20
64.575830
 10
330.828535
 20
65.053361
 10
329.687112
 20
66.508848
 10
329.583320
 20
66.679540
 10
329.581358
 20
66.731440
 10
329.615379
 20
66.762082
 10
329.799457
 20
66.762695
 10
330.151724
 20
66.687602
 10
330.467340
 20
66.629127
 10
330.701368
 20
66.630689
 10
330.846872
 20
66.691154
 10
330.896914
 20
66.809391
 10
330.822661
 20
66.929299
 10
330.620486
 20
67.027494
 10
330.321267
 20
67.093841
 10
329.955881
 20
67.118209
 10
329.567627
 20
67.145689
 10
329.206143
 20
67.220512
 10
328.911817
 20
67.331250
 10
328.725037
 20
67.466476
 10
328.664625
 20
67.559152
 10
328.657006
 20
67.633564
 10
328.707437
 20
67.690927
 10
328.821176
 20
67.732455
 10
329.259602
 20
67.772873
 10
330.014338
 20
67.764538
 10
331.593449
 20
67.714332
 10
329.782458
 20
67.987583
 10
328.323902
 20
68.257775
 10
327.965275
 20
68.370479
 10
327.878470
 20
68.420074
 10
327.853278
 20
68.464723
 10
327.987559
 20
68.537857
 10
328.367765
 20
68.587232
 10
329.864542
 20
68.604107
 10
332.150677
 20
68.554624
 10
329.453439
 20
68.881217
 10
327.509024
 20
69.152797
 10
326.886796
 20
69.267260
 10
326.621771
 20
69.347121
 10
326.662895
 20
69.375769
 10
326.832956
 20
69.403781
 10
327.507337
 20
69.455076
 10
329.825232
 20
69.519005
 10
331.279335
 20
69.554520
 10
332.388833
 20
69.628121
 10
333.133408
 20
69.737795
 10
333.362499
 20
69.805532
 10
333.492741
 20
69.881534
 10
333.594609
 20
70.032953
 10
333.574453
 20
70.080225
 10
333.502754
 20
70.109395
 10
333.192270
 20
70.116003
 10
332.638252
 20
70.057917
 10
330.817999
 20
69.830289
 10
329.787475
 20
69.728795
 10
329.398737
 20
69.744492
 10
329.398806
 20
69.793492
 10
329.503844
 20
69.868436
 10
329.785792
 20
69.977478
 10
330.244531
 20
70.095688
 10
331.438465
 20
70.302624
 10
332.569772
 20
70.487583
 10
334.328359
 20
70.821861
 10
338.812573
 20
71.743801
 10
343.061501
 20
72.679308
 10
344.525980
 20
73.030543
 10
345.245535
 20
73.239242
 10
345.473419
 20
73.358975
 10
345.558282
 20
73.448193
 10
345.509584
 20
73.508117
 10
345.336785
 20
73.539970
 10
344.656717
 20
73.524349
 10
343.593754
 20
73.411106
 10
342.223569
 20
73.210017
 10
340.621836
 20
72.930859
 10
338.864229
 20
72.583408
 10
337.026422
 20
72.177438
 10
334.161012
 20
71.579165
 10
331.385915
 20
71.130120
 10
330.088258
 20
70.969242
 10
328.880407
 20
70.854891
 10
327.784773
 20
70.790142
 10
326.823764
 20
70.778068
 10
324.628100
 20
70.815945
 10
327.274933
 20
71.059172
 10
329.317896
 20
71.287568
 10
331.127308
 20
71.558787
 10
332.387613
 20
71.818273
 10
332.713239
 20
71.926569
 10
332.782664
 20
71.972372
 10
332.783256
 20
72.011474
 10
332.500732
 20
72.021455
 10
331.811425
 20
71.968689
 10
329.626754
 20
71.713958
 10
327.064638
 20
71.436367
 10
325.966765
 20
71.358855
 10
325.185328
 20
71.338619
 10
323.792258
 20
71.368941
 10
325.463942
 20
71.627611
 10
327.360609
 20
71.951324
 10
328.274635
 20
72.176544
 10
328.344962
 20
72.215527
 10
328.350780
 20
72.247065
 10
328.166409
 20
72.286779
 10
326.996319
 20
72.265541
 10
324.906714
 20
72.152822
 10
326.717705
 20
72.517133
 10
328.148614
 20
72.827411
 10
329.427864
 20
73.159401
 10
330.603935
 20
73.533907
 10
331.725308
 20
73.971733
 10
332.840462
 20
74.493685
 10
333.997878
 20
75.120566
 10
335.246035
 20
75.873182
 10
336.633414
 20
76.772337
 10
338.887242
 20
78.270694
 10
341.927080
 20
78.441496
 10
343.834078
 20
78.481314
 10
345.748612
 20
78.395947
 10
347.618884
 20
78.196068
 10
349.393092
 20
77.892349
 10
351.019438
 20
77.495463
 10
351.760974
 20
77.265417
 10
352.446120
 20
77.016081
 10
353.068401
 20
76.748789
 10
353.621341
 20
76.464876
 10
354.098465
 20
76.165675
 10
354.493298
 20
75.852519
 10
355.554251
 20
74.887668
 10
354.300488
 20
75.585581
 10
353.556313
 20
75.961889
 10
352.770692
 20
76.284033
 10
351.937771
 20
76.553242
 10
351.051693
 20
76.770747
 10
350.106601
 20
76.937776
 10
349.096639
 20
77.055561
 10
348.015952
 20
77.125330
 10
346.858683
 20
77.148313
 10
345.745581
 20
77.131824
 10
344.834170
 20
77.086930
 10
344.218496
 20
77.020487
 10
344.050949
 20
76.981328
 10
343.992602
 20
76.939352
 10
344.056761
 20
76.897256
 10
344.240235
 20
76.857754
 10
344.913723
 20
76.790050
 10
345.910251
 20
76.743291
 10
347.127008
 20
76.724526
 10
348.620077
 20
76.693390
 10
349.882251
 20
76.604044
 10
350.942435
 20
76.453504
 10
351.829534
 20
76.238786
 10
352.516916
 20
75.994584
 10
353.221809
 20
75.682457
 10
353.920442
 20
75.317709
 10
354.589041
 20
74.915641
 10
355.203835
 20
74.491557
 10
355.741053
 20
74.060759
 10
356.176923
 20
73.638548
 10
356.487672
 20
73.240229
 10
356.921886
 20
72.551182
 10
356.238069
 20
73.159622
 10
355.761061
 20
73.530033
 10
355.182369
 20
73.893085
 10
354.534138
 20
74.235476
 10
353.848516
 20
74.543905
 10
353.157648
 20
74.805068
 10
352.493682
 20
75.005664
 10
351.888765
 20
75.132390
 10
351.375042
 20
75.171944
 10
350.767419
 20
75.153960
 10
350.630072
 20
75.136877
 10
350.609866
 20
75.109069
 10
350.939381
 20
75.005279
 10
351.792963
 20
74.810602
 10
352.515085
 20
74.627309
 10
353.197921
 20
74.407584
 10
353.840006
 20
74.152205
 10
354.439876
 20
73.861950
 10
354.996068
 20
73.537598
 10
355.507117
 20
73.179926
 10
355.971560
 20
72.789713
 10
356.387934
 20
72.367738
 10
356.858685
 20
71.812514
 10
356.910027
 20
71.723230
 10
356.819786
 20
71.784993
 10
356.582126
 20
71.970793
 10
356.387338
 20
72.085174
 10
356.241145
 20
72.132328
 10
356.149269
 20
72.116446
 10
356.117433
 20
72.041718
 10
356.151360
 20
71.912337
 10
356.256770
 20
71.732494
 10
356.439388
 20
71.506379
 10
357.040372
 20
70.784905
 10
357.180303
 20
70.569013
 10
357.214541
 20
70.454328
 10
357.144098
 20
70.444333
 10
356.969985
 20
70.542512
 10
356.314795
 20
71.077325
 10
355.709399
 20
71.557947
 10
355.047724
 20
71.967645
 10
354.331468
 20
72.305925
 10
353.562330
 20
72.572297
 10
352.742011
 20
72.766268
 10
351.872208
 20
72.887346
 10
350.954622
 20
72.935039
 10
349.990951
 20
72.908855
 10
349.177065
 20
72.832881
 10
348.428826
 20
72.720218
 10
347.829239
 20
72.586065
 10
347.461307
 20
72.445622
 10
347.237661
 20
72.285277
 10
347.216273
 20
72.239590
 10
347.260418
 20
72.216043
 10
347.561038
 20
72.232818
 10
348.170981
 20
72.330496
 10
348.804776
 20
72.413959
 10
349.603634
 20
72.478070
 10
351.287496
 20
72.522978
 10
352.116817
 20
72.465751
 10
352.946321
 20
72.324644
 10
353.755903
 20
72.108154
 10
354.525457
 20
71.824781
 10
355.234878
 20
71.483020
 10
355.864062
 20
71.091372
 10
356.392901
 20
70.658334
 10
356.801293
 20
70.192404
 10
357.064657
 20
69.795296
 10
357.241745
 20
69.473189
 10
357.335111
 20
69.234990
 10
357.347310
 20
69.089606
 10
357.280896
 20
69.045943
 10
357.138424
 20
69.112911
 10
356.922447
 20
69.299415
 10
356.635520
 20
69.614364
 10
356.286989
 20
69.984805
 10
355.877451
 20
70.352350
 10
355.457961
 20
70.674523
 10
355.079574
 20
70.908848
 10
354.661680
 20
71.066982
 10
354.104345
 20
71.192504
 10
353.443473
 20
71.283670
 10
352.714966
 20
71.338737
 10
351.954729
 20
71.355962
 10
351.198664
 20
71.333600
 10
350.482675
 20
71.269908
 10
349.842665
 20
71.163144
 10
349.338993
 20
71.022590
 10
348.757389
 20
70.812751
 10
347.552842
 20
70.280167
 10
346.613928
 20
69.755284
 10
346.364367
 20
69.555072
 10
346.315610
 20
69.480908
 10
346.325555
 20
69.427994
 10
346.415799
 20
69.388878
 10
346.543033
 20
69.400858
 10
346.690347
 20
69.459581
 10
346.840834
 20
69.560693
 10
347.115382
 20
69.720419
 10
347.600488
 20
69.938737
 10
348.928381
 20
70.436237
 10
349.727495
 20
70.666955
 10
350.561574
 20
70.838730
 10
351.405105
 20
70.950886
 10
352.232574
 20
71.002748
 10
353.018467
 20
70.993640
 10
353.737271
 20
70.922885
 10
354.363471
 20
70.789807
 10
354.871554
 20
70.593730
 10
355.498918
 20
70.239885
 10
355.632387
 20
70.135771
 10
355.646971
 20
70.081038
 10
355.543616
 20
70.076318
 10
355.323264
 20
70.122244
 10
354.535348
 20
70.368560
 10
353.925485
 20
70.533604
 10
353.290662
 20
70.600528
 10
352.589462
 20
70.558735
 10
351.780468
 20
70.397629
 10
350.822262
 20
70.106614
 10
349.673427
 20
69.675093
 10
348.292546
 20
69.092471
 10
346.638200
 20
68.348150
 10
342.656700
 20
66.520068
 10
341.566188
 20
67.076405
 10
340.736500
 20
67.456910
 10
339.874679
 20
67.774774
 10
338.997160
 20
68.031367
 10
338.120381
 20
68.228060
 10
337.260779
 20
68.366226
 10
336.434791
 20
68.447233
 10
335.658855
 20
68.472454
 10
334.949406
 20
68.443260
 10
334.322884
 20
68.361022
 10
333.795723
 20
68.227109
 10
333.384363
 20
68.042895
 10
333.105239
 20
67.809749
 10
333.020402
 20
67.675255
 10
332.974788
 20
67.529043
 10
332.970453
 20
67.371283
 10
333.009449
 20
67.202147
 10
333.093833
 20
67.021807
 10
333.225658
 20
66.830433
 10
333.639852
 20
66.415271
 10
333.998096
 20
66.085767
 10
334.341060
 20
65.715875
 10
334.662607
 20
65.315075
 10
334.956601
 20
64.892849
 10
335.216904
 20
64.458678
 10
335.437382
 20
64.022041
 10
335.611897
 20
63.592421
 10
335.734312
 20
63.179298
 10
335.906853
 20
62.444447
 10
334.864607
 20
62.977120
 10
334.379111
 20
63.196953
 10
333.827682
 20
63.401738
 10
333.278120
 20
63.568590
  0
LWPOLYLINE
  8
ENGRAVE_RED
 62
1
 90
33
 70
1
 10
355.414944
 20
72.697550
 10
354.946580
 20
73.010040
 10
354.377219
 20
73.289081
 10
353.717043
 20
73.532253
 10
352.976228
 20
73.737134
 10
352.164954
 20
73.901305
 10
351.293400
 20
74.022345
 10
350.371744
 20
74.097835
 10
349.410166
 20
74.125354
 10
347.668513
 20
74.082035
 10
347.101308
 20
74.031466
 10
346.848586
 20
73.968491
 10
346.864418
 20
73.935638
 10
346.973300
 20
73.904989
 10
347.433766
 20
73.852986
 10
349.070347
 20
73.804945
 10
349.999273
 20
73.770137
 10
350.982797
 20
73.673098
 10
351.971809
 20
73.524906
 10
352.917198
 20
73.336635
 10
353.769853
 20
73.119365
 10
354.480664
 20
72.884170
 10
355.000520
 20
72.642127
 10
355.173493
 20
72.522000
 10
355.280310
 20
72.404314
 10
355.371539
 20
72.299559
 10
355.496095
 20
72.214703
 10
355.637596
 20
72.158439
 10
355.779656
 20
72.139457
 10
355.832096
 20
72.151962
 10
355.853535
 20
72.185406
 10
355.809395
 20
72.305948
 10
355.659208
 20
72.482768
  0
LWPOLYLINE
  8
ENGRAVE_RED
 62
1
 90
8
 70
1
 10
238.118454
 20
62.799692
 10
238.159376
 20
62.898077
 10
238.257761
 20
62.938999
 10
238.356147
 20
62.898077
 10
238.397068
 20
62.799692
 10
238.356147
 20
62.701306
 10
238.257761
 20
62.660385
 10
238.159376
 20
62.701306
  0
LWPOLYLINE
  8
ENGRAVE_RED
 62
1
 90
66
 70
1
 10
320.170276
 20
68.988942
 10
318.294108
 20
70.163318
 10
317.347867
 20
70.694352
 10
316.393554
 20
71.188827
 10
315.429191
 20
71.647402
 10
314.452802
 20
72.070735
 10
313.462412
 20
72.459483
 10
312.456044
 20
72.814306
 10
311.431722
 20
73.135861
 10
310.387469
 20
73.424808
 10
309.321310
 20
73.681803
 10
308.231267
 20
73.907505
 10
305.971628
 20
74.267665
 10
303.592743
 20
74.510552
 10
301.670244
 20
74.698093
 10
300.108402
 20
74.946944
 10
299.439192
 20
75.099122
 10
298.831903
 20
75.272341
 10
298.277123
 20
75.468506
 10
297.765436
 20
75.689522
 10
297.221371
 20
75.956920
 10
297.008585
 20
76.115010
 10
297.018392
 20
76.170677
 10
297.101385
 20
76.220153
 10
297.474081
 20
76.328714
 10
297.836728
 20
76.391639
 10
298.324952
 20
76.430318
 10
299.618526
 20
76.440372
 10
301.235590
 20
76.369746
 10
303.056934
 20
76.229305
 10
304.963345
 20
76.029919
 10
306.835612
 20
75.782454
 10
308.554523
 20
75.497779
 10
310.000865
 20
75.186760
 10
311.101525
 20
74.890404
 10
312.173536
 20
74.563558
 10
313.219173
 20
74.204875
 10
314.240711
 20
73.813006
 10
315.240425
 20
73.386602
 10
316.220589
 20
72.924316
 10
317.183479
 20
72.424798
 10
318.131369
 20
71.886701
 10
319.066535
 20
71.308675
 10
319.991250
 20
70.689374
 10
320.907790
 20
70.027448
 10
321.818430
 20
69.321549
 10
322.725445
 20
68.570329
 10
323.631108
 20
67.772439
 10
325.447483
 20
66.031257
 10
326.828859
 20
64.617714
 10
327.241802
 20
64.162488
 10
327.494551
 20
63.837343
 10
327.605834
 20
63.614066
 10
327.594375
 20
63.464446
 10
327.478902
 20
63.360271
 10
327.278142
 20
63.273327
 10
327.065706
 20
63.216293
 10
326.852663
 20
63.219323
 10
326.615230
 20
63.299399
 10
326.329626
 20
63.473501
 10
325.972068
 20
63.758610
 10
325.518774
 20
64.171707
 10
324.229847
 20
65.449787
 10
323.170769
 20
66.477972
 10
322.052345
 20
67.487979
 10
321.007779
 20
68.363678
  0
LWPOLYLINE
  8
ENGRAVE_RED
 62
1
 90
12
 70
1
 10
237.932712
 20
63.681969
 10
238.004832
 20
63.724777
 10
238.063893
 20
63.704026
 10
238.103798
 20
63.625811
 10
238.118454
 20
63.496227
 10
238.103798
 20
63.366642
 10
238.063893
 20
63.288427
 10
238.004832
 20
63.267676
 10
237.932712
 20
63.310484
 10
237.875248
 20
63.397261
 10
237.856093
 20
63.496227
 10
237.875248
 20
63.595193
  0
LWPOLYLINE
  8
ENGRAVE_RED
 62
1
 90
84
 70
1
 10
307.771953
 20
65.028604
 10
307.751656
 20
65.623597
 10
307.696390
 20
66.110845
 10
307.614597
 20
66.440067
 10
307.566390
 20
66.529705
 10
307.514717
 20
66.560981
 10
307.348844
 20
66.505452
 10
307.087370
 20
66.354261
 10
306.421148
 20
65.857254
 10
306.077197
 20
65.595172
 10
305.799325
 20
65.440645
 10
305.589721
 20
65.391450
 10
305.450576
 20
65.445365
 10
305.384081
 20
65.600165
 10
305.392426
 20
65.853629
 10
305.477802
 20
66.203531
 10
305.642399
 20
66.647650
 10
305.847079
 20
67.071213
 10
306.102581
 20
67.488409
 10
306.404957
 20
67.896706
 10
306.750262
 20
68.293572
 10
307.134548
 20
68.676475
 10
307.553867
 20
69.042883
 10
308.481820
 20
69.716088
 10
309.502544
 20
70.292931
 10
310.584463
 20
70.753156
 10
311.138504
 20
70.933206
 10
311.696003
 20
71.076507
 10
312.253012
 20
71.180525
 10
312.805585
 20
71.242729
 10
313.671376
 20
71.269211
 10
314.041834
 20
71.239706
 10
314.399973
 20
71.174831
 10
315.167218
 20
70.918348
 10
316.148953
 20
70.458518
 10
317.630626
 20
69.623043
 10
319.370888
 20
68.528722
 10
320.818953
 20
67.536079
 10
321.261293
 20
67.190550
 10
321.424039
 20
67.005637
 10
320.996988
 20
67.056794
 10
319.970251
 20
67.298330
 10
318.651319
 20
67.564661
 10
318.022697
 20
67.645680
 10
317.521759
 20
67.675437
 10
316.985469
 20
67.627531
 10
316.411931
 20
67.492014
 10
315.824270
 20
67.281183
 10
315.245613
 20
67.007339
 10
314.699085
 20
66.682780
 10
314.207813
 20
66.319806
 10
313.794923
 20
65.930714
 10
313.483540
 20
65.527805
 10
313.222634
 20
65.145623
 10
312.996511
 20
64.892597
 10
312.804697
 20
64.768964
 10
312.646716
 20
64.774962
 10
312.522094
 20
64.910829
 10
312.430357
 20
65.176804
 10
312.371031
 20
65.573124
 10
312.343640
 20
66.100028
 10
312.279370
 20
67.065336
 10
312.223782
 20
67.395021
 10
312.160570
 20
67.558901
 10
312.009221
 20
67.601963
 10
311.763736
 20
67.552024
 10
311.451930
 20
67.425422
 10
311.101615
 20
67.238495
 10
310.396720
 20
66.749019
 10
310.097768
 20
66.479147
 10
309.871565
 20
66.214304
 10
309.677757
 20
65.887839
 10
309.476615
 20
65.463535
 10
309.291901
 20
64.996297
 10
309.147377
 20
64.541029
 10
308.987234
 20
64.058750
 10
308.804576
 20
63.735047
 10
308.586085
 20
63.553134
 10
308.318443
 20
63.496227
 10
308.158105
 20
63.507250
 10
308.031959
 20
63.547702
 10
307.936057
 20
63.628658
 10
307.866447
 20
63.761192
 10
307.790311
 20
64.225294
  0
LWPOLYLINE
  8
ENGRAVE_RED
 62
1
 90
31
 70
1
 10
307.400529
 20
67.828901
 10
308.008845
 20
68.395348
 10
308.655118
 20
68.899441
 10
309.336987
 20
69.340069
 10
310.052093
 20
69.716126
 10
310.798077
 20
70.026501
 10
311.572579
 20
70.270088
 10
312.373239
 20
70.445777
 10
313.197699
 20
70.552460
 10
314.157924
 20
70.693739
 10
314.496107
 20
70.786404
 10
314.675038
 20
70.879448
 10
314.680882
 20
70.919650
 10
314.619353
 20
70.950468
 10
314.318725
 20
70.983170
 10
313.822244
 20
70.975983
 10
313.178997
 20
70.927335
 10
312.193716
 20
70.783990
 10
311.247752
 20
70.555223
 10
310.343361
 20
70.242211
 10
309.482801
 20
69.846132
 10
308.668329
 20
69.368165
 10
307.902202
 20
68.809486
 10
307.186679
 20
68.171275
 10
306.524015
 20
67.454708
 10
305.924483
 20
66.676383
 10
305.849054
 20
66.513587
 10
305.863981
 20
66.487311
 10
305.912691
 20
66.497223
 10
306.107526
 20
66.623932
 10
306.425690
 20
66.890354
  0
LWPOLYLINE
  8
ENGRAVE_RED
 62
1
 90
87
 70
1
 10
327.319728
 20
64.924196
 10
326.717057
 20
65.575796
 10
325.920513
 20
66.360093
 10
323.971468
 20
68.130220
 10
321.923907
 20
69.841446
 10
321.004218
 20
70.552120
 10
320.229142
 20
71.100645
 10
319.116457
 20
71.812390
 10
318.020253
 20
72.467495
 10
316.933858
 20
73.067897
 10
315.850600
 20
73.615531
 10
314.763804
 20
74.112333
 10
313.666800
 20
74.560239
 10
312.552914
 20
74.961185
 10
311.415474
 20
75.317106
 10
310.247807
 20
75.629938
 10
309.043241
 20
75.901618
 10
307.795103
 20
76.134081
 10
306.496721
 20
76.329263
 10
305.141422
 20
76.489099
 10
303.722533
 20
76.615526
 10
300.667296
 20
76.775896
 10
295.652244
 20
76.935988
 10
293.985236
 20
76.065442
 10
292.318230
 20
75.194895
 10
290.920482
 20
76.139919
 10
289.932604
 20
76.788540
 10
289.144444
 20
77.254477
 10
288.534860
 20
77.538405
 10
288.290427
 20
77.612328
 10
288.082709
 20
77.641001
 10
287.909064
 20
77.624510
 10
287.766849
 20
77.562939
 10
287.653421
 20
77.456373
 10
287.566138
 20
77.304895
 10
287.459433
 20
76.867544
 10
287.425591
 20
76.251561
 10
287.418046
 20
75.058708
 10
286.450434
 20
76.099418
 10
285.767060
 20
76.911663
 10
285.559175
 20
77.218864
 10
285.482825
 20
77.403082
 10
285.515522
 20
77.462559
 10
285.609235
 20
77.530913
 10
285.953421
 20
77.684585
 10
286.462817
 20
77.844770
 10
287.084855
 20
77.992139
 10
289.034718
 20
78.424355
 10
291.473026
 20
79.005582
 10
292.917582
 20
79.324093
 10
294.375807
 20
79.571449
 10
295.838730
 20
79.747233
 10
297.297381
 20
79.851028
 10
298.742790
 20
79.882415
 10
300.165986
 20
79.840978
 10
301.558001
 20
79.726298
 10
302.909863
 20
79.537959
 10
304.901381
 20
79.173149
 10
306.806011
 20
78.767319
 10
308.630474
 20
78.317097
 10
310.381489
 20
77.819110
 10
312.065776
 20
77.269985
 10
313.690055
 20
76.666351
 10
315.261046
 20
76.004833
 10
316.785469
 20
75.282061
 10
318.270042
 20
74.494660
 10
319.721488
 20
73.639259
 10
321.146524
 20
72.712484
 10
322.551871
 20
71.710964
 10
323.944249
 20
70.631326
 10
325.330377
 20
69.470196
 10
326.716976
 20
68.224204
 10
328.110766
 20
66.889975
 10
329.502265
 20
65.494306
 10
330.226386
 20
64.675031
 10
330.379421
 20
64.425445
 10
330.415099
 20
64.252642
 10
330.349917
 20
64.134183
 10
330.200371
 20
64.047630
 10
329.774247
 20
63.893305
 10
329.386505
 20
63.808441
 10
329.027388
 20
63.796007
 10
328.687140
 20
63.858972
 10
328.356005
 20
64.000304
 10
328.024228
 20
64.222974
 10
327.682051
 20
64.529948
 10
327.319720
 20
64.924196
  0
LWPOLYLINE
  8
ENGRAVE_RED
 62
1
 90
8
 70
1
 10
303.035515
 20
65.864446
 10
303.076436
 20
65.962831
 10
303.174822
 20
66.003753
 10
303.273208
 20
65.962831
 10
303.314129
 20
65.864446
 10
303.273208
 20
65.766060
 10
303.174822
 20
65.725139
 10
303.076436
 20
65.766060
  0
LWPOLYLINE
  8
ENGRAVE_RED
 62
1
 90
8
 70
1
 10
336.469194
 20
67.536130
 10
336.510116
 20
67.634515
 10
336.608501
 20
67.675437
 10
336.706887
 20
67.634515
 10
336.747808
 20
67.536130
 10
336.706887
 20
67.437744
 10
336.608501
 20
67.396823
 10
336.510116
 20
67.437744
  0
LWPOLYLINE
  8
ENGRAVE_RED
 62
1
 90
51
 70
1
 10
258.785907
 20
69.258701
 10
258.664528
 20
69.321491
 10
258.646241
 20
69.374757
 10
258.734153
 20
69.418884
 10
258.931374
 20
69.454252
 10
259.666175
 20
69.500246
 10
260.875512
 20
69.515798
 10
262.566870
 20
69.568052
 10
263.343508
 20
69.636405
 10
264.083053
 20
69.736718
 10
264.792207
 20
69.871849
 10
265.477671
 20
70.044653
 10
266.146146
 20
70.257988
 10
266.804332
 20
70.514710
 10
267.458931
 20
70.817677
 10
268.116644
 20
71.169745
 10
268.784172
 20
71.573771
 10
269.468215
 20
72.032612
 10
270.912655
 20
73.126167
 10
272.503572
 20
74.473264
 10
273.537633
 20
75.350524
 10
274.623214
 20
76.213272
 10
275.706788
 20
77.025080
 10
276.734829
 20
77.749520
 10
277.653811
 20
78.350164
 10
278.410210
 20
78.790584
 10
278.950499
 20
79.034353
 10
279.122875
 20
79.071109
 10
279.221152
 20
79.045041
 10
279.248521
 20
78.877061
 10
279.245889
 20
78.496839
 10
279.158807
 20
77.325375
 10
279.089759
 20
76.709140
 10
278.983069
 20
76.219478
 10
278.895121
 20
76.004437
 10
278.773178
 20
75.799830
 10
278.394530
 20
75.393638
 10
277.781567
 20
74.944346
 10
276.868733
 20
74.395394
 10
273.881219
 20
72.772282
 10
271.376678
 20
71.469021
 10
269.233057
 20
70.437658
 10
267.438494
 20
69.672781
 10
265.981125
 20
69.168982
 10
265.321689
 20
69.040580
 10
264.429955
 20
68.954110
 10
263.387789
 20
68.908552
 10
262.277062
 20
68.902884
 10
261.179641
 20
68.936086
 10
260.177396
 20
69.007137
 10
259.352195
 20
69.115016
  0
LWPOLYLINE
  8
ENGRAVE_RED
 62
1
 90
12
 70
1
 10
328.203646
 20
69.811477
 10
328.290422
 20
69.868941
 10
328.389388
 20
69.888096
 10
328.488355
 20
69.868941
 10
328.575131
 20
69.811477
 10
328.617939
 20
69.739357
 10
328.597188
 20
69.680297
 10
328.518973
 20
69.640391
 10
328.389388
 20
69.625735
 10
328.259804
 20
69.640391
 10
328.181589
 20
69.680297
 10
328.160838
 20
69.739357
  0
LWPOLYLINE
  8
ENGRAVE_RED
 62
1
 90
11
 70
1
 10
300.603447
 20
69.794064
 10
300.697661
 20
69.847877
 10
300.829748
 20
69.869962
 10
301.137457
 20
69.816063
 10
301.250564
 20
69.754119
 10
301.258354
 20
69.703558
 10
301.163613
 20
69.667167
 10
300.969128
 20
69.647734
 10
300.641430
 20
69.681644
 10
300.580225
 20
69.730443
 10
300.603447
 20
69.794067
  0
LWPOLYLINE
  8
ENGRAVE_RED
 62
1
 90
8
 70
1
 10
257.621434
 20
69.765042
 10
257.662355
 20
69.863427
 10
257.760741
 20
69.904349
 10
257.859127
 20
69.863427
 10
257.900048
 20
69.765042
 10
257.859127
 20
69.666656
 10
257.760741
 20
69.625735
 10
257.662355
 20
69.666656
  0
LWPOLYLINE
  8
ENGRAVE_RED
 62
1
 90
12
 70
1
 10
302.013930
 20
70.090091
 10
302.100707
 20
70.147555
 10
302.199673
 20
70.166710
 10
302.298639
 20
70.147555
 10
302.385416
 20
70.090091
 10
302.428224
 20
70.017971
 10
302.407473
 20
69.958911
 10
302.329258
 20
69.919005
 10
302.199673
 20
69.904349
 10
302.070089
 20
69.919005
 10
301.991873
 20
69.958911
 10
301.971123
 20
70.017971
  0
LWPOLYLINE
  8
ENGRAVE_RED
 62
1
 90
12
 70
1
 10
303.128386
 20
70.368705
 10
303.215163
 20
70.426169
 10
303.314129
 20
70.445324
 10
303.413095
 20
70.426169
 10
303.499872
 20
70.368705
 10
303.542680
 20
70.296585
 10
303.521929
 20
70.237525
 10
303.443714
 20
70.197619
 10
303.314129
 20
70.182963
 10
303.184545
 20
70.197619
 10
303.106329
 20
70.237525
 10
303.085579
 20
70.296585
  0
LWPOLYLINE
  8
ENGRAVE_RED
 62
1
 90
1211
 70
1
 10
256.806436
 20
70.749585
 10
255.206347
 20
71.194345
 10
254.538822
 20
71.433808
 10
253.948651
 20
71.689932
 10
253.427588
 20
71.966671
 10
252.967388
 20
72.267977
 10
252.559808
 20
72.597805
 10
252.196602
 20
72.960109
 10
251.982773
 20
73.219396
 10
251.889671
 20
73.395056
 10
251.915408
 20
73.494797
 10
252.058099
 20
73.526331
 10
252.129899
 20
73.539462
 10
252.168963
 20
73.578194
 10
252.150540
 20
73.728481
 10
252.006142
 20
73.969241
 10
251.739080
 20
74.292519
 10
250.967833
 20
75.188045
 10
250.661975
 20
75.635234
 10
250.659970
 20
75.671664
 10
250.688215
 20
75.676530
 10
250.836382
 20
75.588734
 10
251.505932
 20
75.003194
 10
252.108221
 20
74.493981
 10
252.831647
 20
73.972389
 10
253.585248
 20
73.499652
 10
254.278066
 20
73.137005
 10
255.603385
 20
72.607351
 10
256.864676
 20
72.218653
 10
257.391896
 20
72.097720
 10
257.807811
 20
72.036696
 10
258.080655
 20
72.043805
 10
258.153498
 20
72.075478
 10
258.178662
 20
72.127268
 10
258.096221
 20
72.223605
 10
257.871751
 20
72.328167
 10
257.539537
 20
72.428344
 10
257.133860
 20
72.511528
 10
256.615684
 20
72.635936
 10
255.979325
 20
72.849853
 10
254.531278
 20
73.462031
 10
253.148173
 20
74.179692
 10
252.592990
 20
74.525462
 10
252.188461
 20
74.834464
 10
251.376960
 20
75.652904
 10
250.714019
 20
76.485317
 10
250.459926
 20
76.875866
 10
250.268976
 20
77.232830
 10
250.149835
 20
77.543852
 10
250.111170
 20
77.796572
 10
250.140471
 20
78.052765
 10
250.175529
 20
78.096005
 10
250.227747
 20
78.080006
 10
250.394328
 20
77.862288
 10
250.661543
 20
77.383605
 10
250.980480
 20
76.949396
 10
251.512269
 20
76.397175
 10
252.182910
 20
75.785872
 10
252.918403
 20
75.174418
 10
253.644747
 20
74.621741
 10
254.287945
 20
74.186772
 10
254.773994
 20
73.928440
 10
254.934963
 20
73.883929
 10
255.028896
 20
73.905675
 10
255.020500
 20
73.954536
 10
254.946748
 20
74.044884
 10
254.628487
 20
74.329326
 10
253.486117
 20
75.168206
 10
252.929528
 20
75.568480
 10
252.404762
 20
75.988482
 10
251.502956
 20
76.832573
 10
251.152047
 20
77.229117
 10
250.885223
 20
77.590297
 10
250.715546
 20
77.902341
 10
250.656084
 20
78.151474
 10
250.674566
 20
78.178209
 10
250.727533
 20
78.169169
 10
250.922074
 20
78.054272
 10
251.561580
 20
77.510792
 10
252.090215
 20
77.045669
 10
252.706430
 20
76.567118
 10
253.385697
 20
76.090178
 10
254.103487
 20
75.629892
 10
254.835271
 20
75.201300
 10
255.556522
 20
74.819442
 10
256.242711
 20
74.499359
 10
256.869310
 20
74.256093
 10
257.777235
 20
73.954351
 10
258.249786
 20
73.835310
 10
258.367212
 20
73.839476
 10
258.429091
 20
73.883526
 10
258.457276
 20
74.083559
 10
258.414342
 20
74.191739
 10
258.297442
 20
74.280330
 10
258.124429
 20
74.340188
 10
257.913157
 20
74.362173
 10
257.596553
 20
74.386966
 10
257.244425
 20
74.465291
 10
256.844472
 20
74.603068
 10
256.384390
 20
74.806217
 10
255.234631
 20
75.432305
 10
253.696726
 20
76.390909
 10
252.925180
 20
76.924818
 10
252.227847
 20
77.478071
 10
251.613641
 20
78.040192
 10
251.091475
 20
78.600703
 10
250.670262
 20
79.149127
 10
250.358915
 20
79.674986
 10
250.166347
 20
80.167804
 10
250.101471
 20
80.617103
 10
250.114645
 20
80.730044
 10
250.152976
 20
80.780610
 10
250.216636
 20
80.768622
 10
250.305799
 20
80.693899
 10
250.561323
 20
80.355524
 10
250.920930
 20
79.764042
 10
251.308952
 20
79.136272
 10
251.720474
 20
78.572495
 10
252.168163
 20
78.061835
 10
252.664688
 20
77.593413
 10
253.222719
 20
77.156353
 10
253.854922
 20
76.739775
 10
254.573967
 20
76.332804
 10
255.392522
 20
75.924561
 10
256.439989
 20
75.467116
 10
256.890739
 20
75.316273
 10
257.340689
 20
75.208106
 10
257.825733
 20
75.135682
 10
258.381762
 20
75.092069
 10
259.850346
 20
75.063548
 10
261.295034
 20
75.086643
 10
262.324669
 20
75.192091
 10
262.762190
 20
75.289671
 10
263.189966
 20
75.424607
 10
264.141637
 20
75.828904
 10
265.263078
 20
76.412813
 10
265.573130
 20
76.621535
 10
265.643833
 20
76.692079
 10
265.650074
 20
76.735122
 10
265.469297
 20
76.743910
 10
265.077634
 20
76.667288
 10
263.892347
 20
76.313193
 10
263.349986
 20
76.146174
 10
262.785946
 20
76.009713
 10
261.608704
 20
75.827067
 10
260.392365
 20
75.762457
 10
259.168674
 20
75.813082
 10
257.969377
 20
75.976143
 10
256.826218
 20
76.248840
 10
255.770942
 20
76.628374
 10
255.286180
 20
76.857330
 10
254.835294
 20
77.111945
 10
254.024669
 20
77.662827
 10
253.230767
 20
78.287857
 10
252.556833
 20
78.900015
 10
252.106110
 20
79.412280
 10
251.932106
 20
79.686797
 10
251.906943
 20
79.769595
 10
251.928344
 20
79.820210
 10
252.126849
 20
79.837264
 10
252.559645
 20
79.762701
 10
252.920247
 20
79.723185
 10
253.299978
 20
79.736010
 10
253.653670
 20
79.796649
 10
253.936157
 20
79.900578
 10
254.227285
 20
80.026030
 10
254.460188
 20
80.045038
 10
254.665958
 20
79.952381
 10
254.875693
 20
79.742839
 10
255.184014
 20
79.414914
 10
255.573013
 20
79.071364
 10
256.479494
 20
78.410939
 10
256.940198
 20
78.130840
 10
257.368027
 20
77.908668
 10
257.734592
 20
77.762812
 10
258.011505
 20
77.711658
 10
258.214109
 20
77.744375
 10
258.233552
 20
77.783972
 10
258.197420
 20
77.840070
 10
257.955429
 20
78.004792
 10
257.482127
 20
78.244589
 10
256.921355
 20
78.531757
 10
256.402345
 20
78.839686
 10
255.939041
 20
79.156273
 10
255.545384
 20
79.469419
 10
255.235319
 20
79.767023
 10
255.022788
 20
80.036982
 10
254.921734
 20
80.267197
 10
254.917369
 20
80.363619
 10
254.946101
 20
80.445567
 10
255.089656
 20
80.569381
 10
255.339331
 20
80.660873
 10
255.683012
 20
80.719789
 10
256.108589
 20
80.745879
 10
257.156984
 20
80.698577
 10
258.387623
 20
80.516956
 10
258.847390
 20
80.444298
 10
259.223900
 20
80.415800
 10
259.478298
 20
80.432206
 10
259.547564
 20
80.457480
 10
259.571732
 20
80.494261
 10
259.506602
 20
80.595281
 10
259.323242
 20
80.694343
 10
258.674012
 20
80.872400
 10
257.768400
 20
81.000049
 10
256.750765
 20
81.048906
 10
256.238183
 20
81.071800
 10
255.905271
 20
81.148056
 10
255.797806
 20
81.209745
 10
255.725198
 20
81.289035
 10
255.671136
 20
81.506099
 10
255.688220
 20
81.639638
 10
255.751353
 20
81.741451
 10
255.878355
 20
81.813789
 10
256.087049
 20
81.858899
 10
256.820794
 20
81.876438
 10
258.095156
 20
81.812064
 10
259.114044
 20
81.763462
 10
259.783536
 20
81.766095
 10
260.097438
 20
81.819607
 10
260.119107
 20
81.865333
 10
260.049555
 20
81.923646
 10
259.724056
 20
82.030277
 10
259.184955
 20
82.126327
 10
258.507191
 20
82.201265
 10
257.765704
 20
82.244563
 10
256.774227
 20
82.292723
 10
256.454128
 20
82.332022
 10
256.229141
 20
82.389761
 10
256.082781
 20
82.472162
 10
255.998563
 20
82.585446
 10
255.960002
 20
82.735835
 10
255.950612
 20
82.929550
 10
255.983101
 20
83.223067
 10
256.089853
 20
83.417908
 10
256.283489
 20
83.526820
 10
256.576632
 20
83.562549
 10
256.847271
 20
83.588018
 10
257.157361
 20
83.656374
 10
257.864483
 20
83.902501
 10
258.635176
 20
84.262437
 10
259.406616
 20
84.697688
 10
260.115983
 20
85.169763
 10
260.700453
 20
85.640167
 10
261.097205
 20
86.070409
 10
261.205554
 20
86.258439
 10
261.243416
 20
86.421994
 10
261.224935
 20
86.466427
 10
261.171967
 20
86.473975
 10
260.977427
 20
86.387452
 10
260.689507
 20
86.180500
 10
260.337921
 20
85.871191
 10
259.574140
 20
85.230155
 10
258.756050
 20
84.701590
 10
257.897322
 20
84.293135
 10
257.011626
 20
84.012430
 10
256.622586
 20
83.942595
 10
256.347274
 20
83.938820
 10
256.185023
 20
83.989126
 10
256.135163
 20
84.081534
 10
256.197026
 20
84.204064
 10
256.369942
 20
84.344736
 10
256.653242
 20
84.491573
 10
257.046259
 20
84.632593
 10
257.516529
 20
84.801819
 10
257.999880
 20
85.023769
 10
258.439474
 20
85.269636
 10
258.778474
 20
85.510607
 10
259.061836
 20
85.772808
 10
259.092392
 20
85.831953
 10
259.041069
 20
85.841889
 10
258.669398
 20
85.710415
 10
257.900048
 20
85.370949
 10
256.715503
 20
84.879575
 10
256.275543
 20
84.729476
 10
256.019404
 20
84.673610
 10
255.821762
 20
84.692232
 10
255.707380
 20
84.748205
 10
255.672811
 20
84.836044
 10
255.714613
 20
84.950261
 10
255.829340
 20
85.085370
 10
256.013549
 20
85.235885
 10
256.576632
 20
85.561184
 10
257.040001
 20
85.825899
 10
257.588267
 20
86.202893
 10
258.758648
 20
87.137333
 10
259.726103
 20
88.051725
 10
260.020711
 20
88.403659
 10
260.128960
 20
88.633289
 10
260.101421
 20
88.666399
 10
260.022494
 20
88.647492
 10
259.732612
 20
88.469524
 10
259.303586
 20
88.131183
 10
258.779690
 20
87.664264
 10
257.710347
 20
86.751808
 10
256.709793
 20
86.056260
 10
256.268226
 20
85.809826
 10
255.883352
 20
85.641620
 10
255.568338
 20
85.559641
 10
255.336349
 20
85.571890
 10
255.304458
 20
85.609939
 10
255.328393
 20
85.680541
 10
255.526291
 20
85.903187
 10
255.895140
 20
86.207383
 10
256.400040
 20
86.560683
 10
256.899728
 20
86.906431
 10
257.254390
 20
87.190060
 10
257.431289
 20
87.382268
 10
257.442849
 20
87.434932
 10
257.397693
 20
87.453751
 10
257.175525
 20
87.399819
 10
256.838991
 20
87.250624
 10
256.005543
 20
86.757735
 10
255.598514
 20
86.508551
 10
255.251017
 20
86.347022
 10
254.999914
 20
86.286802
 10
254.922030
 20
86.298952
 10
254.882069
 20
86.341550
 10
254.825321
 20
86.439049
 10
254.740569
 20
86.495234
 10
254.639271
 20
86.505983
 10
254.532885
 20
86.467173
 10
254.429729
 20
86.416785
 10
254.361856
 20
86.414511
 10
254.328776
 20
86.459404
 10
254.329997
 20
86.550522
 10
254.433381
 20
86.867655
 10
254.668078
 20
87.358358
 10
255.515703
 20
88.830262
 10
256.841448
 20
90.905817
 10
257.569028
 20
92.097637
 10
257.763023
 20
92.487531
 10
257.801805
 20
92.663195
 10
257.713542
 20
92.662882
 10
257.564186
 20
92.539566
 10
257.065026
 20
91.899435
 10
256.269981
 20
90.693823
 10
255.144707
 20
88.873751
 10
254.657446
 20
88.105659
 10
254.264417
 20
87.553735
 10
253.972747
 20
87.218499
 10
253.789561
 20
87.100473
 10
253.740877
 20
87.123075
 10
253.721986
 20
87.200176
 10
253.777147
 20
87.518129
 10
253.962171
 20
88.054854
 10
254.284184
 20
88.810871
 10
254.643618
 20
89.618236
 10
254.797871
 20
90.045747
 10
254.806242
 20
90.154711
 10
254.773143
 20
90.213894
 10
254.595637
 20
90.243168
 10
254.458469
 20
90.108622
 10
254.262155
 20
89.742282
 10
254.032902
 20
89.200099
 10
253.796917
 20
88.538024
 10
253.568202
 20
87.895077
 10
253.358742
 20
87.404977
 10
253.191721
 20
87.115719
 10
253.131370
 20
87.061405
 10
253.090323
 20
87.075300
 10
253.035600
 20
87.317570
 10
253.040853
 20
87.725300
 10
253.196092
 20
88.850855
 10
253.485643
 20
90.079393
 10
253.658788
 20
90.615851
 10
253.839113
 20
91.038341
 10
254.130727
 20
91.631671
 10
254.252849
 20
91.982874
 10
254.253326
 20
92.086004
 10
254.215001
 20
92.150592
 10
254.026707
 20
92.193466
 10
253.898338
 20
92.131232
 10
253.755329
 20
91.948997
 10
253.600175
 20
91.653461
 10
253.435372
 20
91.251325
 10
253.086801
 20
90.154055
 10
252.729582
 20
88.710790
 10
252.358419
 20
87.039106
 10
252.420628
 20
89.037323
 10
252.427670
 20
89.802619
 10
252.400863
 20
90.409197
 10
252.345280
 20
90.795888
 10
252.308283
 20
90.887661
 10
252.265994
 20
90.901524
 10
252.181800
 20
90.718880
 10
252.112851
 20
90.320649
 10
252.066264
 20
89.765542
 10
252.049154
 20
89.112268
 10
252.028997
 20
88.337435
 10
251.963280
 20
87.825802
 10
251.844141
 20
87.543592
 10
251.762079
 20
87.477965
 10
251.663712
 20
87.457027
 10
251.503676
 20
87.511317
 10
251.352861
 20
87.659134
 10
251.228231
 20
87.877902
 10
251.146750
 20
88.145047
 10
251.114169
 20
88.484583
 10
251.117966
 20
88.933854
 10
251.216886
 20
90.025625
 10
251.407904
 20
91.148399
 10
251.526822
 20
91.636423
 10
251.655412
 20
92.030213
 10
251.727451
 20
92.249829
 10
251.736630
 20
92.381792
 10
251.683164
 20
92.425247
 10
251.567268
 20
92.379339
 10
251.400437
 20
92.178618
 10
251.231722
 20
91.806706
 10
251.070588
 20
91.307254
 10
250.926497
 20
90.723911
 10
250.808913
 20
90.100327
 10
250.727301
 20
89.480151
 10
250.691124
 20
88.907034
 10
250.709845
 20
88.424625
 10
250.749850
 20
87.950342
 10
250.744057
 20
87.642042
 10
250.699680
 20
87.493331
 10
250.665276
 20
87.476822
 10
250.623931
 20
87.497812
 10
250.524022
 20
87.649091
 10
250.407167
 20
87.940770
 10
250.151468
 20
88.919751
 10
249.847094
 20
90.382475
 10
249.981917
 20
88.725066
 10
250.031662
 20
87.653265
 10
250.002981
 20
87.395606
 10
249.974407
 20
87.336549
 10
249.936023
 20
87.324086
 10
249.828858
 20
87.439188
 10
249.679553
 20
87.741396
 10
249.246805
 20
88.909062
 10
249.038285
 20
89.472097
 10
248.876110
 20
89.808615
 10
248.815100
 20
89.887598
 10
248.768913
 20
89.904753
 10
248.725324
 20
89.746646
 10
248.751006
 20
89.420150
 10
248.835367
 20
89.001203
 10
248.965216
 20
88.543775
 10
249.127364
 20
88.101836
 10
249.403568
 20
87.377040
 10
249.475632
 20
87.051310
 10
248.643571
 20
86.535311
 10
248.203245
 20
86.279086
 10
248.049836
 20
86.223722
 10
247.922987
 20
86.220456
 10
247.809243
 20
86.271988
 10
247.695146
 20
86.381017
 10
247.412071
 20
86.782367
 10
247.125381
 20
87.144409
 10
246.717531
 20
87.562804
 10
245.720506
 20
88.425316
 10
245.222410
 20
88.797766
 10
244.785311
 20
89.083232
 10
244.454748
 20
89.245882
 10
244.343648
 20
89.269952
 10
244.276259
 20
89.249880
 10
244.256770
 20
89.162722
 10
244.324172
 20
89.045876
 10
244.465604
 20
88.914621
 10
244.668205
 20
88.784237
 10
245.074862
 20
88.516100
 10
245.540643
 20
88.136401
 10
246.498090
 20
87.204921
 10
246.914007
 20
86.734443
 10
247.237557
 20
86.315009
 10
247.430866
 20
85.987269
 10
247.466845
 20
85.870489
 10
247.456060
 20
85.791876
 10
247.393170
 20
85.747452
 10
247.290228
 20
85.748521
 10
246.976195
 20
85.880345
 10
246.537979
 20
86.173772
 10
245.999600
 20
86.615224
 10
245.382021
 20
87.137115
 10
244.916122
 20
87.489224
 10
244.608182
 20
87.676790
 10
244.464479
 20
87.705052
 10
244.456179
 20
87.661082
 10
244.491292
 20
87.579250
 10
244.694902
 20
87.304625
 10
245.081586
 20
86.886415
 10
245.657624
 20
86.329860
 10
246.261962
 20
85.748736
 10
246.601200
 20
85.379090
 10
246.699091
 20
85.209242
 10
246.664956
 20
85.195593
 10
246.579393
 20
85.227514
 10
246.265859
 20
85.422227
 10
245.782246
 20
85.781702
 10
244.399804
 20
86.948226
 10
243.704307
 20
87.552756
 10
243.301157
 20
87.860190
 10
243.208247
 20
87.903092
 10
243.187266
 20
87.872435
 10
243.359549
 20
87.591401
 10
243.697592
 20
87.188387
 10
244.160501
 20
86.712602
 10
244.687324
 20
86.223468
 10
245.217110
 20
85.780410
 10
246.095019
 20
85.029186
 10
246.364493
 20
84.749291
 10
246.466328
 20
84.585484
 10
246.451444
 20
84.540099
 10
246.402930
 20
84.522496
 10
246.215529
 20
84.564219
 10
245.552873
 20
84.910450
 10
244.646663
 20
85.521485
 10
243.665203
 20
86.294629
 10
243.242395
 20
86.633313
 10
242.896151
 20
86.870051
 10
242.662202
 20
86.983291
 10
242.598504
 20
86.986864
 10
242.576278
 20
86.951479
 10
242.686200
 20
86.762677
 10
242.985493
 20
86.448469
 10
243.428445
 20
86.052584
 10
243.969348
 20
85.618753
 10
244.953204
 20
84.842249
 10
245.362418
 20
84.467174
 10
245.340775
 20
84.432944
 10
245.278575
 20
84.431541
 10
245.048894
 20
84.516559
 10
244.283119
 20
84.963251
 10
243.327290
 20
85.636663
 10
242.443606
 20
86.366204
 10
241.541329
 20
87.136598
 10
241.215103
 20
87.370954
 10
241.033831
 20
87.457027
 10
240.972070
 20
87.439880
 10
240.956124
 20
87.390321
 10
241.049437
 20
87.205269
 10
241.289293
 20
86.924471
 10
241.651216
 20
86.570525
 10
242.643355
 20
85.733592
 10
243.830041
 20
84.875265
 10
244.617792
 20
84.336462
 10
244.998991
 20
84.026375
 10
245.046833
 20
83.946430
 10
245.004676
 20
83.910860
 10
244.665883
 20
83.955775
 10
244.220427
 20
84.108214
 10
243.625434
 20
84.382899
 10
242.958611
 20
84.740868
 10
242.297664
 20
85.143161
 10
241.512796
 20
85.644355
 10
241.142704
 20
85.844372
 10
241.097331
 20
85.836260
 10
241.136610
 20
85.758639
 10
241.443733
 20
85.402580
 10
241.818510
 20
85.060105
 10
242.337413
 20
84.673232
 10
242.931878
 20
84.289422
 10
243.533338
 20
83.956138
 10
244.147269
 20
83.635072
 10
244.440415
 20
83.446126
 10
244.470156
 20
83.397994
 10
244.423853
 20
83.379048
 10
244.108655
 20
83.423588
 10
243.256424
 20
83.665367
 10
242.456147
 20
84.020836
 10
241.708669
 20
84.489185
 10
241.014839
 20
85.069608
 10
240.375502
 20
85.761297
 10
239.791506
 20
86.563442
 10
239.263697
 20
87.475238
 10
238.792921
 20
88.495874
 10
238.482381
 20
89.212701
 10
238.276942
 20
89.586907
 10
238.209237
 20
89.651365
 10
238.162530
 20
89.637171
 10
238.125069
 20
89.382173
 10
238.187515
 20
88.943404
 10
238.365744
 20
88.363854
 10
238.636392
 20
87.690057
 10
238.976095
 20
86.968546
 10
239.361490
 20
86.245856
 10
239.769214
 20
85.568521
 10
240.175902
 20
84.983073
 10
240.558193
 20
84.536047
 10
240.935808
 20
84.191142
 10
241.355833
 20
83.866864
 10
241.810854
 20
83.567058
 10
242.293457
 20
83.295567
 10
242.796226
 20
83.056235
 10
243.311747
 20
82.852907
 10
243.832605
 20
82.689424
 10
244.351386
 20
82.569633
 10
244.800482
 20
82.464907
 10
245.076379
 20
82.350902
 10
245.181898
 20
82.225847
 10
245.171648
 20
82.158623
 10
245.119862
 20
82.087973
 10
244.923522
 20
81.965208
 10
244.660420
 20
81.913268
 10
244.339602
 20
81.926853
 10
243.970114
 20
82.000662
 10
243.561000
 20
82.129397
 10
243.121308
 20
82.307756
 10
242.186366
 20
82.792148
 10
241.237654
 20
83.411439
 10
240.347536
 20
84.123228
 10
239.947063
 20
84.500559
 10
239.588375
 20
84.885115
 10
239.280518
 20
85.271595
 10
239.032538
 20
85.654700
 10
238.789140
 20
86.051081
 10
238.589404
 20
86.312901
 10
238.453973
 20
86.417588
 10
238.416823
 20
86.403953
 10
238.403488
 20
86.342571
 10
238.445603
 20
86.081082
 10
238.568057
 20
85.763243
 10
238.760514
 20
85.403721
 10
239.012635
 20
85.017185
 10
239.654512
 20
84.221745
 10
240.023593
 20
83.842178
 10
240.410983
 20
83.494272
 10
240.741746
 20
83.199095
 10
240.968504
 20
82.956244
 10
241.070981
 20
82.790860
 10
241.069278
 20
82.745074
 10
241.028903
 20
82.728083
 10
240.841670
 20
82.800727
 10
240.548925
 20
83.004057
 10
240.190754
 20
83.306902
 10
239.807244
 20
83.678090
 10
239.304042
 20
84.170262
 10
238.966985
 20
84.403500
 10
238.835551
 20
84.433319
 10
238.715401
 20
84.410765
 10
238.468620
 20
84.225015
 10
238.277097
 20
83.970279
 10
238.245311
 20
83.837409
 10
238.259876
 20
83.684958
 10
238.439168
 20
83.273569
 10
238.837183
 20
82.640633
 10
239.137021
 20
82.147475
 10
239.377448
 20
81.672436
 10
239.534014
 20
81.269580
 10
239.582272
 20
80.992971
 10
239.608852
 20
80.867702
 10
239.699295
 20
80.707261
 10
240.044632
 20
80.301742
 10
240.564006
 20
79.818183
 10
241.203144
 20
79.298356
 10
241.907771
 20
78.784029
 10
242.623611
 20
78.316972
 10
243.296390
 20
77.938954
 10
243.871833
 20
77.691746
 10
244.249136
 20
77.543667
 10
244.530617
 20
77.387809
 10
244.713270
 20
77.236734
 10
244.794094
 20
77.103003
 10
244.770082
 20
76.999177
 10
244.638233
 20
76.937817
 10
244.395541
 20
76.931484
 10
244.039002
 20
76.992739
 10
243.573265
 20
77.155656
 10
243.009354
 20
77.434759
 10
242.380002
 20
77.807013
 10
241.717943
 20
78.249381
 10
241.055908
 20
78.738829
 10
240.426632
 20
79.252320
 10
239.862846
 20
79.766820
 10
239.397284
 20
80.259293
 10
238.690710
 20
81.013728
 10
238.428445
 20
81.243230
 10
238.275921
 20
81.327520
 10
238.227185
 20
81.306948
 10
238.224068
 20
81.247519
 10
238.341795
 20
81.025809
 10
238.982787
 20
80.266990
 10
239.992499
 20
79.270535
 10
241.164535
 20
78.255916
 10
241.870316
 20
77.737105
 10
242.628534
 20
77.258241
 10
243.348178
 20
76.872566
 10
243.938234
 20
76.633321
 10
244.742200
 20
76.336036
 10
244.952990
 20
76.211820
 10
244.995483
 20
76.163101
 10
244.990289
 20
76.126081
 10
244.876450
 20
76.073921
 10
244.694592
 20
76.068444
 10
244.161968
 20
76.180760
 10
243.462710
 20
76.429460
 10
242.667112
 20
76.780977
 10
241.845467
 20
77.201744
 10
241.068070
 20
77.658192
 10
240.405214
 20
78.116756
 10
239.927193
 20
78.543867
 10
239.708190
 20
78.758348
 10
239.483014
 20
78.932246
 10
239.278148
 20
79.047741
 10
239.120075
 20
79.087010
 10
239.081062
 20
79.065013
 10
239.087721
 20
79.006474
 10
239.225156
 20
78.795774
 10
239.506585
 20
78.486904
 10
239.906213
 20
78.111861
 10
240.302969
 20
77.737732
 10
240.576579
 20
77.431353
 10
240.702442
 20
77.224340
 10
240.702281
 20
77.167976
 10
240.655958
 20
77.148310
 10
240.536956
 20
77.126325
 10
240.465371
 20
77.066467
 10
240.446759
 20
76.977876
 10
240.486673
 20
76.869696
 10
240.690127
 20
76.672924
 10
240.815712
 20
76.613066
 10
240.937480
 20
76.591082
 10
241.032073
 20
76.613066
 10
241.083669
 20
76.672924
 10
241.088776
 20
76.761515
 10
241.043901
 20
76.869696
 10
240.975134
 20
77.000616
 10
240.961434
 20
77.086205
 10
241.007600
 20
77.125388
 10
241.118432
 20
77.117092
 10
241.553299
 20
76.953764
 10
242.304435
 20
76.587628
 10
242.812335
 20
76.353061
 10
243.382792
 20
76.128864
 10
243.945990
 20
75.940448
 10
244.432118
 20
75.813223
 10
244.839481
 20
75.706363
 10
245.188229
 20
75.573400
 10
245.441297
 20
75.431275
 10
245.561624
 20
75.296928
 10
245.558483
 20
75.226981
 10
245.498454
 20
75.180435
 10
245.232751
 20
75.151402
 10
244.814544
 20
75.197541
 10
244.293860
 20
75.306566
 10
243.720730
 20
75.466188
 10
243.145181
 20
75.664121
 10
242.617242
 20
75.888078
 10
242.186941
 20
76.125770
 10
241.599852
 20
76.445012
 10
241.389481
 20
76.510351
 10
241.274481
 20
76.496611
 10
241.268246
 20
76.417095
 10
241.354019
 20
76.303340
 10
241.740436
 20
76.033854
 10
241.963465
 20
75.896280
 10
242.123521
 20
75.761034
 10
242.205687
 20
75.643673
 10
242.195047
 20
75.559751
 10
242.107504
 20
75.541323
 10
241.953840
 20
75.585598
 10
241.479967
 20
75.837620
 10
240.837051
 20
76.266547
 10
240.088715
 20
76.823104
 10
239.298582
 20
77.458018
 10
238.530274
 20
78.122017
 10
237.847415
 20
78.765828
 10
237.313629
 20
79.340178
 10
236.896535
 20
79.868315
 10
236.508043
 20
80.420873
 10
236.150880
 20
80.992570
 10
235.827775
 20
81.578127
 10
235.541455
 20
82.172264
 10
235.294647
 20
82.769701
 10
235.090080
 20
83.365158
 10
234.930481
 20
83.953355
 10
234.844214
 20
84.371344
 10
234.846511
 20
84.568126
 10
234.885460
 20
84.592056
 10
234.952059
 20
84.570875
 10
235.175545
 20
84.406767
 10
235.397720
 20
84.241329
 10
235.453992
 20
84.226525
 10
235.473917
 20
84.264133
 10
235.405310
 20
84.517988
 10
235.193074
 20
85.045699
 10
234.897917
 20
85.870318
 10
234.796821
 20
86.380518
 10
234.819525
 20
86.476069
 10
234.891319
 20
86.443046
 10
235.012395
 20
86.264792
 10
235.182946
 20
85.924650
 10
235.473927
 20
85.397344
 10
235.548967
 20
85.351258
 10
235.576649
 20
85.435586
 10
235.488758
 20
85.951583
 10
235.207905
 20
86.857543
 10
235.061454
 20
87.337803
 10
234.987731
 20
87.731246
 10
234.989268
 20
88.014145
 10
235.019050
 20
88.106728
 10
235.068598
 20
88.162777
 10
235.170990
 20
88.191785
 10
235.254840
 20
88.150286
 10
235.311495
 20
88.047188
 10
235.332303
 20
87.891392
 10
235.353144
 20
87.722737
 10
235.409889
 20
87.584622
 10
235.493871
 20
87.491302
 10
235.596423
 20
87.457027
 10
235.685524
 20
87.514975
 10
235.711172
 20
87.680156
 10
235.673729
 20
87.939580
 10
235.573554
 20
88.280256
 10
235.471452
 20
88.639368
 10
235.405594
 20
89.008591
 10
235.381521
 20
89.344501
 10
235.404769
 20
89.603674
 10
235.436983
 20
89.689544
 10
235.478716
 20
89.718355
 10
235.587136
 20
89.611044
 10
235.722837
 20
89.294241
 10
235.878624
 20
88.780444
 10
236.033944
 20
88.266586
 10
236.193927
 20
87.845781
 10
236.339741
 20
87.561453
 10
236.452555
 20
87.457027
 10
236.488428
 20
87.483521
 10
236.506481
 20
87.559451
 10
236.491955
 20
87.838328
 10
236.414634
 20
88.251065
 10
236.280174
 20
88.755070
 10
236.013767
 20
89.883875
 10
235.940114
 20
90.392297
 10
235.921839
 20
90.775025
 10
235.974590
 20
91.239946
 10
236.020722
 20
91.182438
 10
236.088189
 20
90.939703
 10
236.199330
 20
90.550260
 10
236.311507
 20
90.280848
 10
236.417635
 20
90.129573
 10
236.510629
 20
90.094544
 10
236.583402
 20
90.173866
 10
236.628870
 20
90.365647
 10
236.639947
 20
90.667992
 10
236.609548
 20
91.079010
 10
236.553760
 20
91.800795
 10
236.572706
 20
91.892977
 10
236.622318
 20
91.775545
 10
236.738871
 20
91.413662
 10
236.849161
 20
91.164754
 10
236.948501
 20
91.027159
 10
237.032204
 20
90.999217
 10
237.095583
 20
91.079268
 10
237.133951
 20
91.265651
 10
237.116907
 20
91.950770
 10
237.073272
 20
92.494686
 10
237.080285
 20
92.776486
 10
237.103750
 20
92.823596
 10
237.141036
 20
92.810582
 10
237.258620
 20
92.611387
 10
237.404285
 20
92.321027
 10
237.485707
 20
92.238666
 10
237.524334
 20
92.373715
 10
237.541610
 20
92.735588
 10
237.581300
 20
93.044055
 10
237.630464
 20
93.091434
 10
237.707235
 20
93.061470
 10
237.967779
 20
92.751182
 10
238.411298
 20
92.076538
 10
238.754776
 20
91.569450
 10
239.061557
 20
91.179692
 10
239.298179
 20
90.945680
 10
239.379722
 20
90.899082
 10
239.431176
 20
90.905825
 10
239.460589
 20
91.012083
 10
239.415173
 20
91.175897
 10
239.304538
 20
91.374923
 10
239.138295
 20
91.586816
 10
238.813752
 20
92.023264
 10
238.716738
 20
92.214711
 10
238.683141
 20
92.354711
 10
238.701604
 20
92.386369
 10
238.751610
 20
92.377429
 10
238.932497
 20
92.249539
 10
239.521488
 20
91.636238
 10
239.875053
 20
91.243974
 10
240.103839
 20
91.043639
 10
240.171495
 20
91.015411
 10
240.208022
 20
91.035124
 10
240.187782
 20
91.218317
 10
240.114517
 20
91.495099
 10
240.116717
 20
91.605323
 10
240.206064
 20
91.556871
 10
240.394240
 20
91.357624
 10
240.618098
 20
91.191604
 10
240.953350
 20
91.048510
 10
241.354636
 20
90.943614
 10
241.776598
 20
90.892188
 10
242.311804
 20
90.826859
 10
242.912049
 20
90.685744
 10
243.547691
 20
90.481688
 10
244.189088
 20
90.227537
 10
244.806597
 20
89.936135
 10
245.370577
 20
89.620329
 10
245.851385
 20
89.292964
 10
246.219380
 20
88.966886
 10
246.755677
 20
88.456388
 10
246.932735
 20
88.355974
 10
247.055664
 20
88.362960
 10
247.129413
 20
88.480480
 10
247.158931
 20
88.711665
 10
247.105065
 20
89.527566
 10
247.071549
 20
90.166162
 10
247.129500
 20
90.755161
 10
247.287236
 20
91.339829
 10
247.553076
 20
91.965438
 10
247.807580
 20
92.399049
 10
248.144115
 20
92.843948
 10
248.538466
 20
93.278982
 10
248.966421
 20
93.683000
 10
249.403764
 20
94.034851
 10
249.826284
 20
94.313383
 10
250.209766
 20
94.497445
 10
250.529997
 20
94.565885
 10
250.691439
 20
94.595441
 10
250.887696
 20
94.672797
 10
251.285496
 20
94.923927
 10
251.656606
 20
95.152758
 10
251.823974
 20
95.205970
 10
251.950139
 20
95.206038
 10
252.102152
 20
95.217944
 10
252.339898
 20
95.303393
 10
252.942362
 20
95.638197
 10
253.256533
 20
95.820605
 10
253.554616
 20
95.944762
 10
253.802960
 20
95.999645
 10
253.967914
 20
95.974226
 10
254.087185
 20
95.931390
 10
254.211148
 20
95.938848
 10
254.325148
 20
95.992818
 10
254.414529
 20
96.089517
 10
254.507563
 20
96.199463
 10
254.631506
 20
96.289499
 10
254.770185
 20
96.350333
 10
254.907426
 20
96.372676
 10
255.035323
 20
96.354302
 10
255.075379
 20
96.295817
 10
255.027345
 20
96.192177
 10
254.890970
 20
96.038339
 10
254.654845
 20
95.718092
 10
254.583015
 20
95.555205
 10
254.556634
 20
95.417631
 10
254.574107
 20
95.381304
 10
254.624187
 20
95.388393
 10
254.808121
 20
95.520479
 10
255.412759
 20
96.169889
 10
256.020615
 20
96.834354
 10
256.261333
 20
97.041824
 10
256.451996
 20
97.162434
 10
256.586670
 20
97.193415
 10
256.659420
 20
97.132005
 10
256.664310
 20
96.975436
 10
256.595406
 20
96.720944
 10
256.581249
 20
96.645746
 10
256.607720
 20
96.619565
 10
256.768877
 20
96.703966
 10
257.051546
 20
96.953575
 10
257.428395
 20
97.347825
 10
258.046233
 20
97.969958
 10
258.250470
 20
98.103497
 10
258.393291
 20
98.114984
 10
258.480973
 20
98.001646
 10
258.519797
 20
97.760708
 10
258.475981
 20
96.884934
 10
258.481379
 20
96.690964
 10
258.529662
 20
96.505014
 10
258.612737
 20
96.348192
 10
258.722511
 20
96.241608
 10
258.835869
 20
96.127582
 10
258.928699
 20
95.950494
 10
258.991421
 20
95.734547
 10
259.014458
 20
95.503949
 10
259.034378
 20
95.299899
 10
259.088617
 20
95.156240
 10
259.168891
 20
95.086135
 10
259.266917
 20
95.102748
 10
259.353448
 20
95.207277
 10
259.402430
 20
95.376547
 10
259.410358
 20
95.587161
 10
259.373727
 20
95.815727
 10
259.340787
 20
96.034078
 10
259.360727
 20
96.210937
 10
259.428533
 20
96.329429
 10
259.539189
 20
96.372676
 10
259.605093
 20
96.349049
 10
259.664995
 20
96.280473
 10
259.763362
 20
96.022321
 10
259.827420
 20
95.625906
 10
259.850300
 20
95.118913
 10
259.869235
 20
94.632100
 10
259.920793
 20
94.233443
 10
259.997099
 20
93.964080
 10
260.042072
 20
93.890740
 10
260.090279
 20
93.865150
 10
260.172327
 20
93.923379
 10
260.218324
 20
94.081922
 10
260.225027
 20
94.316565
 10
260.189190
 20
94.603094
 10
260.144947
 20
94.921627
 10
260.159068
 20
95.115541
 10
260.232736
 20
95.188429
 10
260.367131
 20
95.143881
 10
260.493188
 20
94.986183
 10
260.600590
 20
94.702556
 10
260.677958
 20
94.333212
 10
260.713913
 20
93.918362
 10
260.735122
 20
93.407316
 10
260.770973
 20
93.193909
 10
260.798225
 20
93.193080
 10
260.833741
 20
93.259772
 10
260.935701
 20
93.586536
 10
261.044367
 20
93.937018
 10
261.130078
 20
94.077462
 10
261.171609
 20
94.072394
 10
261.216139
 20
94.018986
 10
261.325851
 20
93.772711
 10
261.405125
 20
93.482911
 10
261.475983
 20
93.071129
 10
261.561521
 20
92.101027
 10
261.601104
 20
90.939706
 10
261.800644
 20
92.054162
 10
262.000184
 20
93.168618
 10
262.076399
 20
91.636241
 10
262.122747
 20
90.838480
 10
262.169821
 20
90.504794
 10
262.199124
 20
90.500211
 10
262.235199
 20
90.597525
 10
262.336454
 20
91.079013
 10
262.441733
 20
91.586546
 10
262.525466
 20
91.798071
 10
262.567704
 20
91.800189
 10
262.614698
 20
91.737134
 10
262.736474
 20
91.427281
 10
262.806456
 20
91.139905
 10
262.837197
 20
90.820860
 10
262.827406
 20
90.508997
 10
262.775793
 20
90.243171
 10
262.727834
 20
90.021249
 10
262.734039
 20
89.844686
 10
262.791254
 20
89.728058
 10
262.896325
 20
89.685943
 10
263.013779
 20
89.713424
 10
263.113737
 20
89.788247
 10
263.185619
 20
89.898985
 10
263.218841
 20
90.034211
 10
263.250409
 20
90.093422
 10
263.317792
 20
89.997189
 10
263.520415
 20
89.419124
 10
263.634486
 20
88.888588
 10
263.681136
 20
88.333501
 10
263.661511
 20
87.759668
 10
263.576760
 20
87.172892
 10
263.428030
 20
86.578976
 10
263.216469
 20
85.983724
 10
262.943224
 20
85.392939
 10
262.609443
 20
84.812426
 10
262.124065
 20
84.087796
 10
261.933302
 20
83.860931
 10
261.754877
 20
83.709696
 10
261.572076
 20
83.623088
 10
261.368189
 20
83.590102
 10
260.830313
 20
83.640988
 10
260.057263
 20
83.703695
 10
259.386838
 20
83.646627
 10
259.119956
 20
83.578814
 10
258.914545
 20
83.487823
 10
258.782543
 20
83.375908
 10
258.735890
 20
83.245324
 10
258.803264
 20
83.149762
 10
258.986708
 20
83.071504
 10
259.258204
 20
83.018627
 10
259.589735
 20
82.999206
 10
260.018966
 20
82.953398
 10
260.556017
 20
82.829403
 10
261.150015
 20
82.647371
 10
261.750089
 20
82.427449
 10
262.305368
 20
82.189786
 10
262.764979
 20
81.954529
 10
263.078052
 20
81.741827
 10
263.163739
 20
81.650229
 10
263.193714
 20
81.571826
 10
263.226691
 20
81.476968
 10
263.316478
 20
81.399287
 10
263.449364
 20
81.346799
 10
263.611635
 20
81.327522
 10
263.773906
 20
81.305538
 10
263.906792
 20
81.245680
 10
263.996579
 20
81.157089
 10
264.029556
 20
81.048908
 10
264.075877
 20
80.940728
 10
264.201998
 20
80.852137
 10
264.388657
 20
80.792279
 10
264.616593
 20
80.770294
 10
264.875119
 20
80.745841
 10
265.027784
 20
80.668829
 10
265.079875
 20
80.533783
 10
265.036679
 20
80.335227
 10
264.990903
 20
80.143745
 10
265.027398
 20
80.017213
 10
265.148147
 20
79.953229
 10
265.355137
 20
79.949390
 10
265.861644
 20
79.969539
 10
266.397775
 20
79.948810
 10
266.675823
 20
79.914185
 10
266.754923
 20
79.863577
 10
266.627923
 20
79.776415
 10
266.287670
 20
79.632127
 10
265.986742
 20
79.495804
 10
265.806964
 20
79.381392
 10
265.739268
 20
79.293286
 10
265.774584
 20
79.235878
 10
265.903844
 20
79.213561
 10
266.117978
 20
79.230730
 10
266.764596
 20
79.401092
 10
267.222677
 20
79.541930
 10
267.577408
 20
79.613282
 10
267.824280
 20
79.619937
 10
267.958784
 20
79.566686
 10
267.976412
 20
79.458318
 10
267.872654
 20
79.299624
 10
267.643002
 20
79.095394
 10
267.282946
 20
78.850418
 10
266.606252
 20
78.399694
 10
266.302902
 20
78.120647
 10
266.293915
 20
78.049947
 10
266.381485
 20
78.027499
 10
266.850586
 20
78.134470
 10
267.099457
 20
78.198179
 10
267.248855
 20
78.199468
 10
267.299488
 20
78.138124
 10
267.252063
 20
78.013937
 10
267.183966
 20
77.872651
 10
267.178375
 20
77.776927
 10
267.228656
 20
77.725964
 10
267.328172
 20
77.718960
 10
267.648364
 20
77.833631
 10
268.085862
 20
78.114534
 10
268.532680
 20
78.413709
 10
268.814845
 20
78.513524
 10
268.892488
 20
78.488675
 10
268.926934
 20
78.413990
 10
268.863520
 20
78.115115
 10
268.742147
 20
77.916462
 10
268.532614
 20
77.690734
 10
268.264347
 20
77.465692
 10
267.966769
 20
77.269095
 10
267.233617
 20
76.849406
 10
267.927966
 20
77.039078
 10
268.278136
 20
77.123356
 10
268.438646
 20
77.120650
 10
268.453741
 20
77.082486
 10
268.428575
 20
77.017544
 10
268.266996
 20
76.800620
 10
268.063808
 20
76.607366
 10
267.773237
 20
76.397672
 10
267.434064
 20
76.196821
 10
267.085072
 20
76.030095
 10
266.764118
 20
75.876587
 10
266.501283
 20
75.711726
 10
266.323692
 20
75.555300
 10
266.258468
 20
75.427093
 10
266.307328
 20
75.360125
 10
266.440364
 20
75.370440
 10
266.637257
 20
75.452358
 10
266.877690
 20
75.600200
 10
267.377643
 20
75.911763
 10
267.556466
 20
75.988707
 10
267.687899
 20
76.013091
 10
267.771976
 20
75.984915
 10
267.808729
 20
75.904178
 10
267.798194
 20
75.770881
 10
267.740404
 20
75.585021
 10
267.605359
 20
75.381048
 10
267.365004
 20
75.157522
 10
267.053334
 20
74.941511
 10
266.704346
 20
74.760083
 10
266.355533
 20
74.593629
 10
266.182758
 20
74.474236
 10
266.162144
 20
74.431915
 10
266.185250
 20
74.401032
 10
266.362237
 20
74.373146
 10
266.612124
 20
74.350984
 10
266.719278
 20
74.285082
 10
266.691623
 20
74.156005
 10
266.537082
 20
73.944318
 10
266.372124
 20
73.782047
 10
266.179380
 20
73.649162
 10
265.982824
 20
73.559374
 10
265.806431
 20
73.526397
 10
265.657406
 20
73.503115
 10
265.535368
 20
73.439724
 10
265.452910
 20
73.345904
 10
265.422626
 20
73.231339
 10
265.450106
 20
73.131254
 10
265.524929
 20
73.076861
 10
265.635668
 20
73.071819
 10
265.770893
 20
73.119789
 10
265.808655
 20
73.124809
 10
265.781642
 20
73.067937
 10
265.553458
 20
72.791102
 10
264.541631
 20
71.743163
 10
262.964104
 20
70.183029
 10
261.058956
 20
70.185061
 10
260.134002
 20
70.230257
 10
259.023906
 20
70.351770
 10
257.868206
 20
70.531095
 10
256.806436
 20
70.749730
  0
LWPOLYLINE
  8
ENGRAVE_RED
 62
1
 90
22
 70
1
 10
255.949750
 20
71.874094
 10
255.911277
 20
71.974989
 10
255.806525
 20
72.058116
 10
255.651492
 20
72.114863
 10
255.462176
 20
72.136616
 10
255.177182
 20
72.192571
 10
254.761640
 20
72.342568
 10
254.271335
 20
72.563723
 10
253.762053
 20
72.833151
 10
252.961078
 20
73.278112
 10
252.518048
 20
73.482572
 10
252.412206
 20
73.500531
 10
252.373582
 20
73.465467
 10
252.468300
 20
73.245734
 10
252.733765
 20
72.979050
 10
253.182537
 20
72.686459
 10
253.747207
 20
72.394518
 10
254.360368
 20
72.129786
 10
254.954610
 20
71.918819
 10
255.462527
 20
71.788177
 10
255.816710
 20
71.764416
 10
255.915086
 20
71.800915
  0
LWPOLYLINE
  8
ENGRAVE_RED
 62
1
 90
23
 70
1
 10
257.064206
 20
77.122381
 10
257.017807
 20
77.240777
 10
256.891473
 20
77.365770
 10
256.704499
 20
77.482476
 10
256.476180
 20
77.576008
 10
256.162352
 20
77.725725
 10
255.742561
 20
77.995405
 10
255.271658
 20
78.346799
 10
254.804496
 20
78.741660
 10
254.039162
 20
79.357038
 10
253.806345
 20
79.485050
 10
253.742956
 20
79.493799
 10
253.720838
 20
79.461772
 10
253.783409
 20
79.279333
 10
253.957132
 20
79.035252
 10
254.554112
 20
78.436163
 10
255.343922
 20
77.812504
 10
255.758685
 20
77.537709
 10
256.158711
 20
77.312271
 10
256.510298
 20
77.155940
 10
256.798217
 20
77.068028
 10
256.992757
 20
77.054765
 10
257.045725
 20
77.078074
  0
LWPOLYLINE
  8
ENGRAVE_RED
 62
1
 90
13
 70
1
 10
258.875197
 20
78.973104
 10
257.523048
 20
79.434300
 10
256.228364
 20
79.950270
 10
254.974601
 20
80.505243
 10
255.627858
 20
79.944869
 10
255.904960
 20
79.737965
 10
256.237934
 20
79.544110
 10
257.064298
 20
79.198001
 10
258.092552
 20
78.911455
 10
259.308297
 20
78.689382
 10
259.665122
 20
78.650501
 10
259.728774
 20
78.657521
 10
259.715111
 20
78.682711
  0
LWPOLYLINE
  8
ENGRAVE_RED
 62
1
 90
12
 70
1
 10
256.089057
 20
87.735644
 10
256.809648
 20
88.556427
 10
256.997008
 20
88.837959
 10
257.027998
 20
88.979180
 10
256.888827
 20
88.946140
 10
256.612877
 20
88.753199
 10
255.810443
 20
88.014258
 10
255.089852
 20
87.193475
 10
254.902493
 20
86.911944
 10
254.871502
 20
86.770723
 10
255.010673
 20
86.803763
 10
255.286623
 20
86.996704
  0
LWPOLYLINE
  8
ENGRAVE_RED
 62
1
 90
12
 70
1
 10
253.813709
 20
95.165352
 10
253.944890
 20
95.381103
 10
253.999452
 20
95.638995
 10
253.976052
 20
95.734231
 10
253.909577
 20
95.758538
 10
253.805616
 20
95.712626
 10
253.669759
 20
95.597203
 10
253.479199
 20
95.322072
 10
253.454138
 20
95.205468
 10
253.484016
 20
95.123560
 10
253.554566
 20
95.082323
 10
253.640243
 20
95.076456
  0
LWPOLYLINE
  8
ENGRAVE_RED
 62
1
 90
12
 70
1
 10
305.914526
 20
70.647319
 10
306.001303
 20
70.704783
 10
306.100269
 20
70.723938
 10
306.199235
 20
70.704783
 10
306.286012
 20
70.647319
 10
306.328820
 20
70.575199
 10
306.308069
 20
70.516139
 10
306.229854
 20
70.476233
 10
306.100269
 20
70.461577
 10
305.970684
 20
70.476233
 10
305.892469
 20
70.516139
 10
305.871718
 20
70.575199
  0
LWPOLYLINE
  8
ENGRAVE_RED
 62
1
 90
12
 70
1
 10
305.580146
 20
71.149565
 10
307.160915
 20
71.653076
 10
308.366286
 20
71.955781
 10
308.543643
 20
71.954696
 10
308.333115
 20
71.833681
 10
306.936111
 20
71.315854
 10
305.140792
 20
70.749179
 10
304.499109
 20
70.575289
 10
304.149971
 20
70.509638
 10
304.103739
 20
70.521508
 10
304.133526
 20
70.558092
 10
304.397692
 20
70.694898
  0
LWPOLYLINE
  8
ENGRAVE_RED
 62
1
 90
14
 70
1
 10
308.329181
 20
71.287798
 10
309.679373
 20
71.640308
 10
311.154619
 20
71.928872
 10
312.192294
 20
72.059609
 10
312.371223
 20
72.036457
 10
312.344943
 20
71.997616
 10
312.229777
 20
71.938643
 10
311.267558
 20
71.652623
 10
309.689089
 20
71.270038
 10
308.127202
 20
70.935417
 10
307.214725
 20
70.793287
 10
307.162050
 20
70.803854
 10
307.173368
 20
70.833116
 10
307.369704
 20
70.939618
  0
LWPOLYLINE
  8
ENGRAVE_RED
 62
1
 90
8
 70
1
 10
324.488793
 20
71.993954
 10
324.529714
 20
72.092339
 10
324.628100
 20
72.133261
 10
324.726485
 20
72.092339
 10
324.767407
 20
71.993954
 10
324.726485
 20
71.895568
 10
324.628100
 20
71.854647
 10
324.529714
 20
71.895568
  0
LWPOLYLINE
  8
ENGRAVE_RED
 62
1
 90
663
 70
1
 10
327.130941
 20
73.689984
 10
329.205886
 20
74.490819
 10
331.240767
 20
75.393303
 10
332.789110
 20
76.186191
 10
333.241306
 20
76.475523
 10
333.362494
 20
76.581859
 10
333.404440
 20
76.658239
 10
333.384310
 20
76.818458
 10
333.316275
 20
76.834049
 10
333.171484
 20
76.791830
 10
332.537308
 20
76.489571
 10
331.253128
 20
75.822894
 10
329.992905
 20
75.184802
 10
329.397135
 20
74.919401
 10
329.319901
 20
74.932416
 10
329.275611
 20
74.971764
 10
329.287326
 20
75.131271
 10
329.435207
 20
75.401548
 10
329.722177
 20
75.786221
 10
330.725090
 20
76.913256
 10
332.319468
 20
78.541382
 10
333.758453
 20
80.034409
 10
335.290139
 20
81.726785
 10
336.820644
 20
83.501881
 10
338.256090
 20
85.243069
 10
339.502596
 20
86.833719
 10
340.466283
 20
88.157203
 10
341.053270
 20
89.096892
 10
341.176163
 20
89.386366
 10
341.189826
 20
89.479633
 10
341.169676
 20
89.536156
 10
340.992704
 20
89.403165
 10
340.597711
 20
88.954199
 10
339.387566
 20
87.390024
 10
338.515997
 20
86.275985
 10
337.400782
 20
84.959687
 10
336.107608
 20
83.510537
 10
334.702161
 20
81.997937
 10
333.250126
 20
80.491293
 10
331.817191
 20
79.060010
 10
330.469041
 20
77.773491
 10
329.271361
 20
76.701143
 10
328.494847
 20
76.079982
 10
327.656234
 20
75.488510
 10
326.774785
 20
74.936750
 10
325.869763
 20
74.434728
 10
324.960429
 20
73.992470
 10
324.066047
 20
73.620000
 10
323.205879
 20
73.327343
 10
322.399188
 20
73.124526
 10
321.934677
 20
73.035198
 10
321.764875
 20
73.023143
 10
321.877403
 20
73.103022
 10
322.259881
 20
73.289494
 10
324.070374
 20
74.168242
 10
325.295171
 20
74.814097
 10
326.172816
 20
75.362567
 10
326.941852
 20
75.949161
 10
327.747480
 20
76.684805
 10
327.960262
 20
76.940883
 10
328.003954
 20
77.024849
 10
328.000060
 20
77.073284
 10
327.851398
 20
77.047827
 10
327.551043
 20
76.874095
 10
326.669847
 20
76.196837
 10
326.115513
 20
75.756462
 10
325.504444
 20
75.331445
 10
324.855499
 20
74.931470
 10
324.187535
 20
74.566221
 10
323.519410
 20
74.245382
 10
322.869983
 20
73.978637
 10
322.258111
 20
73.775668
 10
321.702653
 20
73.646161
 10
321.244958
 20
73.590516
 10
321.166864
 20
73.614087
 10
321.197757
 20
73.680673
 10
321.611965
 20
73.969159
 10
322.538495
 20
74.508500
 10
323.744399
 20
75.199833
 10
324.343334
 20
75.578117
 10
324.469683
 20
75.690767
 10
324.509683
 20
75.774238
 10
324.485131
 20
75.844889
 10
324.417824
 20
75.919082
 10
324.285398
 20
75.931826
 10
324.045949
 20
75.845408
 10
323.733468
 20
75.675605
 10
323.381943
 20
75.438197
 10
322.974013
 20
75.163503
 10
322.667396
 20
75.021138
 10
322.449786
 20
75.007437
 10
322.370512
 20
75.047691
 10
322.308876
 20
75.118737
 10
322.242352
 20
75.194046
 10
322.150958
 20
75.241124
 10
321.880660
 20
75.248611
 10
321.472170
 20
75.137249
 10
320.899678
 20
74.903087
 10
320.094060
 20
74.549250
 10
319.668651
 20
74.398730
 10
319.560656
 20
74.391850
 10
319.502271
 20
74.426363
 10
319.473741
 20
74.606984
 10
319.540399
 20
74.729652
 10
319.721893
 20
74.882672
 10
319.990505
 20
75.046531
 10
320.318516
 20
75.201715
 10
320.874520
 20
75.489464
 10
321.012047
 20
75.608609
 10
321.025014
 20
75.689910
 10
320.891806
 20
75.705868
 10
320.631331
 20
75.647098
 10
319.878996
 20
75.349987
 10
319.132651
 20
75.046886
 10
318.878660
 20
74.981632
 10
318.753370
 20
74.989672
 10
318.742904
 20
75.106222
 10
318.801555
 20
75.336414
 10
319.082950
 20
76.004527
 10
319.245952
 20
76.393872
 10
319.358991
 20
76.790903
 10
319.411847
 20
77.149110
 10
319.394307
 20
77.421981
 10
319.354319
 20
77.658237
 10
319.389898
 20
77.794252
 10
319.507664
 20
77.837777
 10
319.714237
 20
77.796563
 10
319.781294
 20
77.791125
 10
319.796390
 20
77.832195
 10
319.682954
 20
78.037066
 10
319.398438
 20
78.377589
 10
318.967348
 20
78.820176
 10
318.143770
 20
79.670263
 10
317.913459
 20
79.947633
 10
317.852892
 20
80.071798
 10
317.931180
 20
80.114080
 10
318.039759
 20
80.127692
 10
318.331854
 20
80.077918
 10
318.697296
 20
79.940504
 10
319.104205
 20
79.733479
 10
319.520699
 20
79.474870
 10
319.914900
 20
79.182708
 10
320.254926
 20
78.875019
 10
320.508896
 20
78.569833
 10
320.756048
 20
78.236151
 10
320.958444
 20
78.027440
 10
321.095198
 20
77.960666
 10
321.132433
 20
77.985807
 10
321.145425
 20
78.052795
 10
321.079755
 20
78.309938
 10
320.902005
 20
78.631785
 10
320.641069
 20
78.987826
 10
320.325837
 20
79.347551
 10
319.985200
 20
79.680448
 10
319.648052
 20
79.956006
 10
319.343283
 20
80.143716
 10
319.099786
 20
80.213066
 10
318.919625
 20
80.235051
 10
318.746222
 20
80.294909
 10
318.599302
 20
80.383500
 10
318.498592
 20
80.491680
 10
318.486494
 20
80.602317
 10
318.587446
 20
80.690635
 10
318.786132
 20
80.749129
 10
319.067237
 20
80.770294
 10
319.445028
 20
80.706979
 10
319.862078
 20
80.522513
 10
320.303740
 20
80.225116
 10
320.755365
 20
79.823007
 10
321.088735
 20
79.513312
 10
321.359255
 20
79.306176
 10
321.558935
 20
79.198128
 10
321.679786
 20
79.185695
 10
321.713815
 20
79.265409
 10
321.653034
 20
79.433796
 10
321.489452
 20
79.687386
 10
321.215078
 20
80.022709
 10
320.951768
 20
80.327206
 10
320.878599
 20
80.453367
 10
321.006900
 20
80.420328
 10
321.348000
 20
80.247223
 10
321.618805
 20
80.080274
 10
321.856767
 20
79.881656
 10
322.060880
 20
79.653163
 10
322.230138
 20
79.396589
 10
322.363535
 20
79.113725
 10
322.460064
 20
78.806366
 10
322.518719
 20
78.476306
 10
322.538495
 20
78.125336
 10
322.559709
 20
77.848437
 10
322.618285
 20
77.652783
 10
322.706619
 20
77.553630
 10
322.817109
 20
77.566234
 10
323.020895
 20
77.768384
 10
323.127869
 20
78.050888
 10
323.142400
 20
78.398113
 10
323.068855
 20
78.794425
 10
322.911601
 20
79.224193
 10
322.675007
 20
79.671783
 10
322.363439
 20
80.121562
 10
321.981267
 20
80.557898
 10
321.317016
 20
81.296120
 10
321.114413
 20
81.599581
 10
320.989785
 20
81.886524
 10
320.936852
 20
82.177383
 10
320.949334
 20
82.492595
 10
321.020952
 20
82.852596
 10
321.145425
 20
83.277820
 10
321.270761
 20
83.647762
 10
321.340786
 20
83.749398
 10
321.375841
 20
83.567116
 10
321.396267
 20
83.085304
 10
321.429912
 20
82.725969
 10
321.501001
 20
82.404801
 10
321.599112
 20
82.156847
 10
321.713820
 20
82.017156
 10
321.826400
 20
81.986487
 10
321.891450
 20
82.058514
 10
321.907101
 20
82.227644
 10
321.871481
 20
82.488286
 10
321.713215
 20
83.355471
 10
321.606406
 20
84.134844
 10
321.550507
 20
84.812389
 10
321.544972
 20
85.374087
 10
321.589253
 20
85.805924
 10
321.682805
 20
86.093881
 10
321.747887
 20
86.179524
 10
321.825081
 20
86.223942
 10
321.914319
 20
86.225381
 10
322.015533
 20
86.182090
 10
322.103523
 20
86.104420
 10
322.155749
 20
86.008729
 10
322.168226
 20
85.907165
 10
322.136971
 20
85.811876
 10
322.104878
 20
85.664878
 10
322.115075
 20
85.422519
 10
322.247784
 20
84.786327
 10
322.370148
 20
84.458273
 10
322.413948
 20
84.428362
 10
322.448007
 20
84.495149
 10
322.492447
 20
84.940671
 10
322.514548
 20
85.838556
 10
322.545070
 20
86.602782
 10
322.608708
 20
87.194727
 10
322.696226
 20
87.604217
 10
322.798386
 20
87.821080
 10
322.852069
 20
87.854098
 10
322.905949
 20
87.835145
 10
323.009677
 20
87.636238
 10
323.100333
 20
87.214188
 10
323.168679
 20
86.558822
 10
323.227055
 20
85.780553
 10
323.263959
 20
85.565748
 10
323.322799
 20
86.953012
 10
323.387631
 20
88.010348
 10
323.500688
 20
88.675136
 10
323.569824
 20
88.867748
 10
323.644443
 20
88.971130
 10
323.722353
 20
88.988252
 10
323.801366
 20
88.922082
 10
323.953929
 20
88.551744
 10
324.084604
 20
87.883869
 10
324.175864
 20
86.942210
 10
324.210179
 20
85.750520
 10
324.231149
 20
85.114959
 10
324.288247
 20
84.594489
 10
324.372753
 20
84.242821
 10
324.422558
 20
84.147071
 10
324.475944
 20
84.113662
 10
324.518584
 20
84.140984
 10
324.553883
 20
84.220089
 10
324.602970
 20
84.516489
 10
324.618693
 20
85.541940
 10
324.531312
 20
86.915468
 10
324.349027
 20
88.362526
 10
324.320209
 20
88.660023
 10
324.334087
 20
88.903647
 10
324.386574
 20
89.068258
 10
324.473582
 20
89.128715
 10
324.527662
 20
89.091673
 10
324.585783
 20
88.985511
 10
324.706863
 20
88.595598
 10
324.822260
 20
88.018527
 10
324.917411
 20
87.313849
 10
325.014617
 20
86.595734
 10
325.135612
 20
85.982079
 10
325.264979
 20
85.538020
 10
325.387299
 20
85.328695
 10
325.491226
 20
85.317009
 10
325.544470
 20
85.435525
 10
325.545738
 20
85.675728
 10
325.493736
 20
86.029105
 10
325.188265
 20
87.624058
 10
325.082264
 20
88.374926
 10
325.102690
 20
88.505969
 10
325.171333
 20
88.512559
 10
325.451073
 20
88.267809
 10
325.660838
 20
87.969920
 10
325.808472
 20
87.528315
 10
325.898664
 20
86.922339
 10
325.936102
 20
86.131338
 10
325.965671
 20
85.444511
 10
326.028431
 20
84.826317
 10
326.115175
 20
84.344498
 10
326.216696
 20
84.066797
 10
326.273144
 20
84.013962
 10
326.319409
 20
84.032341
 10
326.380772
 20
84.276963
 10
326.399560
 20
84.789099
 10
326.374548
 20
85.557185
 10
326.353631
 20
86.269175
 10
326.369680
 20
86.831719
 10
326.418716
 20
87.188221
 10
326.454362
 20
87.271518
 10
326.496764
 20
87.282081
 10
326.585151
 20
87.136924
 10
326.662486
 20
86.842639
 10
326.720435
 20
86.442021
 10
326.750668
 20
85.977863
 10
326.773836
 20
85.356885
 10
326.808897
 20
85.111144
 10
326.836362
 20
85.121227
 10
326.873372
 20
85.215807
 10
326.984785
 20
85.646039
 10
327.185936
 20
86.481881
 10
327.472528
 20
85.785346
 10
327.584600
 20
85.353197
 10
327.677894
 20
84.691455
 10
327.742672
 20
83.890216
 10
327.769200
 20
83.039576
 10
327.793634
 20
82.223376
 10
327.852712
 20
81.515911
 10
327.937569
 20
80.992955
 10
328.039342
 20
80.730281
 10
328.096315
 20
80.711021
 10
328.146217
 20
80.771862
 10
328.223232
 20
81.121077
 10
328.267234
 20
81.752376
 10
328.275070
 20
82.640209
 10
328.286645
 20
83.827118
 10
328.321805
 20
84.269108
 10
328.384172
 20
84.644452
 10
328.479466
 20
84.978897
 10
328.613404
 20
85.298190
 10
329.020092
 20
85.994307
 10
329.562419
 20
86.781848
 10
329.874652
 20
87.126047
 10
329.941884
 20
87.130278
 10
329.948473
 20
87.021735
 10
329.775563
 20
86.463742
 10
329.590005
 20
85.821108
 10
329.525437
 20
85.279633
 10
329.539284
 20
85.211635
 10
329.570588
 20
85.199041
 10
329.677568
 20
85.326629
 10
329.830376
 20
85.635517
 10
330.013012
 20
86.098825
 10
330.383785
 20
86.993700
 10
330.767280
 20
87.686564
 10
330.954875
 20
87.943696
 10
331.134944
 20
88.134071
 10
331.303916
 20
88.252269
 10
331.458223
 20
88.292872
 10
331.490544
 20
88.271767
 10
331.499895
 20
88.211279
 10
331.454822
 20
87.989118
 10
331.145493
 20
87.258814
 10
330.942530
 20
86.812490
 10
330.779625
 20
86.361666
 10
330.673355
 20
85.958908
 10
330.640296
 20
85.656783
 10
330.691647
 20
85.328172
 10
330.740199
 20
85.354462
 10
330.805192
 20
85.506732
 10
331.248585
 20
86.569441
 10
331.829119
 20
87.668757
 10
332.417630
 20
88.582284
 10
332.674512
 20
88.899878
 10
332.884950
 20
89.087625
 10
333.162173
 20
89.237040
 10
333.224828
 20
89.237234
 10
333.235182
 20
89.178451
 10
333.093991
 20
88.856050
 10
332.728613
 20
88.214033
 10
332.225871
 20
87.234094
 10
332.075901
 20
86.846049
 10
332.024343
 20
86.596711
 10
332.040346
 20
86.543266
 10
332.081171
 20
86.542874
 10
332.226304
 20
86.687135
 10
332.437782
 20
87.001263
 10
332.693644
 20
87.457030
 10
332.948471
 20
87.893937
 10
333.263979
 20
88.361499
 10
333.960338
 20
89.252654
 10
334.549317
 20
89.858634
 10
334.730599
 20
89.969724
 10
334.780175
 20
89.962427
 10
334.797510
 20
89.907572
 10
334.511060
 20
89.323028
 10
333.822361
 20
88.134056
 10
333.444548
 20
87.471007
 10
333.136711
 20
86.862781
 10
332.930506
 20
86.376767
 10
332.857591
 20
86.080352
 10
332.874798
 20
86.023305
 10
332.920079
 20
86.028460
 10
333.082537
 20
86.208230
 10
333.320319
 20
86.585366
 10
333.608781
 20
87.125570
 10
333.970309
 20
87.781159
 10
334.407035
 20
88.472462
 10
334.863927
 20
89.117201
 10
335.285953
 20
89.633096
 10
336.222313
 20
90.661092
 10
335.476063
 20
89.325089
 10
335.198437
 20
88.794214
 10
334.994177
 20
88.336382
 10
334.882728
 20
88.000473
 10
334.883530
 20
87.835368
 10
334.925658
 20
87.826364
 10
334.986706
 20
87.860252
 10
335.153995
 20
88.041643
 10
335.362269
 20
88.349416
 10
335.588400
 20
88.753447
 10
335.848383
 20
89.197267
 10
336.175175
 20
89.663685
 10
336.919460
 20
90.548119
 10
337.282088
 20
90.908039
 10
337.601798
 20
91.174363
 10
337.851156
 20
91.318043
 10
337.940882
 20
91.334814
 10
338.002732
 20
91.310031
 10
338.002368
 20
91.150960
 10
337.893243
 20
90.825982
 10
337.424591
 20
89.867620
 10
336.895497
 20
88.838360
 10
336.834092
 20
88.636468
 10
336.850922
 20
88.611162
 10
336.898201
 20
88.635314
 10
337.080389
 20
88.829085
 10
337.373219
 20
89.211963
 10
338.261065
 20
90.521785
 10
338.775352
 20
91.279049
 10
339.242991
 20
91.899183
 10
339.612433
 20
92.318192
 10
339.744220
 20
92.432277
 10
339.832126
 20
92.472083
 10
339.870671
 20
92.429063
 10
339.860987
 20
92.305768
 10
339.710839
 20
91.852929
 10
339.409488
 20
91.182727
 10
338.984736
 20
90.364325
 10
338.193247
 20
88.799467
 10
337.972320
 20
88.264091
 10
337.914751
 20
87.996987
 10
337.965238
 20
88.007258
 10
338.076220
 20
88.137493
 10
338.451682
 20
88.711945
 10
339.620684
 20
90.795399
 10
340.849776
 20
93.007999
 10
341.290283
 20
93.722249
 10
341.531178
 20
94.033465
 10
341.653605
 20
94.068185
 10
341.702307
 20
93.980182
 10
341.680379
 20
93.778471
 10
341.590918
 20
93.472066
 10
341.221780
 20
92.581227
 10
340.619663
 20
91.379777
 10
340.118348
 20
90.337346
 10
339.994453
 20
89.995895
 10
339.954787
 20
89.790077
 10
339.966474
 20
89.741732
 10
339.999139
 20
89.731737
 10
340.127299
 20
89.832718
 10
340.339057
 20
90.104863
 10
340.634204
 20
90.560016
 10
341.013861
 20
91.264124
 10
341.400258
 20
92.128839
 10
341.776272
 20
93.100391
 10
342.124778
 20
94.125012
 10
342.428654
 20
95.148932
 10
342.670775
 20
96.118382
 10
342.834020
 20
96.979592
 10
342.901262
 20
97.678792
 10
342.925206
 20
98.740898
 10
343.174208
 20
97.905790
 10
343.263889
 20
97.394631
 10
343.279607
 20
96.749612
 10
343.227734
 20
96.007635
 10
343.114646
 20
95.205606
 10
342.946714
 20
94.380429
 10
342.730312
 20
93.569009
 10
342.471815
 20
92.808248
 10
342.177595
 20
92.135053
 10
341.935382
 20
91.616833
 10
341.771443
 20
91.192454
 10
341.700257
 20
90.905712
 10
341.703972
 20
90.827640
 10
341.736305
 20
90.800399
 10
341.887739
 20
90.937801
 10
342.130727
 20
91.311917
 10
342.431765
 20
91.865608
 10
342.757350
 20
92.541737
 10
343.093317
 20
93.422878
 10
343.347573
 20
94.384518
 10
343.518357
 20
95.385700
 10
343.603908
 20
96.385467
 10
343.602467
 20
97.342861
 10
343.512274
 20
98.216927
 10
343.331568
 20
98.966707
 10
343.206723
 20
99.282190
 10
343.058589
 20
99.551244
 10
342.849883
 20
99.896615
 10
342.757752
 20
100.119324
 10
342.781212
 20
100.224055
 10
342.919282
 20
100.215494
 10
343.166973
 20
100.082769
 10
343.387534
 20
99.860738
 10
343.580489
 20
99.558028
 10
343.745364
 20
99.183269
 10
343.881682
 20
98.745089
 10
343.988969
 20
98.252115
 10
344.114547
 20
97.136302
 10
344.118294
 20
95.904855
 10
343.996408
 20
94.626801
 10
343.887163
 20
93.991868
 10
343.745084
 20
93.371167
 10
343.569695
 20
92.773328
 10
343.360520
 20
92.206979
 10
342.862860
 20
90.874136
 10
342.765453
 20
90.501268
 10
342.763766
 20
90.331778
 10
342.797592
 20
90.325100
 10
342.853878
 20
90.371426
 10
343.031868
 20
90.625970
 10
343.635793
 20
91.802777
 10
344.041922
 20
92.764704
 10
344.176798
 20
93.200213
 10
344.274105
 20
93.651564
 10
344.379682
 20
94.740231
 10
344.405990
 20
96.307579
 10
344.421916
 20
97.729598
 10
344.475504
 20
98.530707
 10
344.521287
 20
98.731389
 10
344.582326
 20
98.816407
 10
344.660566
 20
98.798948
 10
344.757955
 20
98.692201
 10
344.931026
 20
98.314116
 10
345.044018
 20
97.765228
 10
345.098586
 20
97.088987
 10
345.096388
 20
96.328843
 10
345.039080
 20
95.528246
 10
344.928318
 20
94.730646
 10
344.765759
 20
93.979494
 10
344.553060
 20
93.318240
 10
344.206117
 20
92.327100
 10
344.134607
 20
92.025591
 10
344.148760
 20
91.914855
 10
344.219409
 20
91.942688
 10
344.300569
 20
92.022391
 10
344.486257
 20
92.314646
 10
344.689499
 20
92.746089
 10
344.893967
 20
93.271188
 10
345.241276
 20
94.420232
 10
345.351465
 20
94.953115
 10
345.397574
 20
95.397530
 10
345.420306
 20
95.962701
 10
345.467948
 20
96.217357
 10
345.506822
 20
96.237689
 10
345.558778
 20
96.191730
 10
345.711074
 20
95.916054
 10
345.786786
 20
95.663643
 10
345.810602
 20
95.338390
 10
345.786436
 20
94.950263
 10
345.718201
 20
94.509232
 10
345.465172
 20
93.508326
 10
345.082815
 20
92.415423
 10
344.602433
 20
91.310269
 10
344.055326
 20
90.272612
 10
343.472795
 20
89.382202
 10
343.178027
 20
89.017136
 10
342.886142
 20
88.718786
 10
342.663983
 20
88.495152
 10
342.495755
 20
88.282955
 10
342.384003
 20
88.096191
 10
342.331274
 20
87.948857
 10
342.340114
 20
87.854951
 10
342.413070
 20
87.828471
 10
342.552689
 20
87.883412
 10
342.761517
 20
88.033773
 10
343.051433
 20
88.316211
 10
343.382019
 20
88.708957
 10
344.105731
 20
89.733399
 10
344.813709
 20
90.923145
 10
345.387010
 20
92.094242
 10
345.629133
 20
92.637524
 10
345.778100
 20
92.904304
 10
345.817839
 20
92.934243
 10
345.834516
 20
92.895340
 10
345.798983
 20
92.611390
 10
345.680104
 20
92.170056
 10
345.475695
 20
91.586284
 10
344.924996
 20
90.295403
 10
344.460347
 20
89.211394
 10
344.349083
 20
88.851551
 10
344.343946
 20
88.683663
 10
344.385405
 20
88.687281
 10
344.453127
 20
88.748751
 10
344.653119
 20
89.023250
 10
345.211652
 20
90.024500
 10
345.603926
 20
90.791216
 10
345.803067
 20
91.107109
 10
345.842201
 20
91.106572
 10
345.847437
 20
91.006019
 10
345.775397
 20
90.521785
 10
345.626062
 20
89.953588
 10
345.365962
 20
89.257558
 10
345.016809
 20
88.474756
 10
344.600316
 20
87.646246
 10
344.138192
 20
86.813089
 10
343.652151
 20
86.016347
 10
343.163905
 20
85.297081
 10
342.695164
 20
84.696355
 10
342.338156
 20
84.253745
 10
342.087398
 20
83.891286
 10
341.965818
 20
83.646381
 10
341.960636
 20
83.579700
 10
341.996347
 20
83.556434
 10
342.166466
 20
83.630793
 10
342.412376
 20
83.841229
 10
343.071604
 20
84.594501
 10
343.854107
 20
85.664582
 10
344.639959
 20
86.899802
 10
345.209092
 20
87.788572
 10
345.330549
 20
87.906846
 10
345.345262
 20
87.817675
 10
345.060446
 20
87.046883
 10
344.366624
 20
85.535966
 10
343.870077
 20
84.596992
 10
343.297761
 20
83.703767
 10
342.628696
 20
82.834844
 10
341.841904
 20
81.968773
 10
340.916408
 20
81.084106
 10
339.831230
 20
80.159392
 10
338.565391
 20
79.173184
 10
337.097913
 20
78.104031
 10
335.816992
 20
77.212428
 10
334.669048
 20
76.454191
 10
333.618966
 20
75.811026
 10
332.631630
 20
75.264641
 10
331.671926
 20
74.796745
 10
330.704738
 20
74.389043
 10
329.694953
 20
74.023244
 10
328.607453
 20
73.681054
 10
326.765311
 20
73.186974
 10
326.165408
 20
73.064297
 10
325.804730
 20
73.024377
 10
325.719985
 20
73.035415
 10
325.702110
 20
73.067101
 10
325.876381
 20
73.192354
 10
326.346379
 20
73.400022
 10
327.130936
 20
73.689993
  0
LWPOLYLINE
  8
ENGRAVE_RED
 62
1
 90
15
 70
1
 10
330.331618
 20
75.744359
 10
330.478796
 20
75.856962
 10
330.576550
 20
75.971945
 10
330.616408
 20
76.075828
 10
330.589893
 20
76.155135
 10
330.488674
 20
76.181940
 10
330.325129
 20
76.142871
 10
330.121850
 20
76.046283
 10
329.901427
 20
75.900531
 10
329.724159
 20
75.749088
 10
329.627918
 20
75.629887
 10
329.605197
 20
75.545652
 10
329.648487
 20
75.499108
 10
329.750282
 20
75.492982
 10
329.903073
 20
75.529998
  0
LWPOLYLINE
  8
ENGRAVE_RED
 62
1
 90
19
 70
1
 10
294.106032
 20
74.230020
 10
293.539176
 20
74.575349
 10
293.388675
 20
74.724457
 10
293.325983
 20
74.863646
 10
293.350493
 20
74.997254
 10
293.461596
 20
75.129620
 10
293.658687
 20
75.265082
 10
293.941157
 20
75.407979
 10
294.305781
 20
75.544364
 10
294.435457
 20
75.552005
 10
294.541135
 20
75.511661
 10
294.631131
 20
75.417619
 10
294.713767
 20
75.264165
 10
294.890229
 20
74.756168
 10
295.064256
 20
74.133942
 10
295.080605
 20
73.960164
 10
295.038188
 20
73.870122
 10
294.928264
 20
73.857952
 10
294.742091
 20
73.917788
  0
LWPOLYLINE
  8
ENGRAVE_RED
 62
1
 90
11
 70
1
 10
320.588197
 20
74.336944
 10
321.087961
 20
74.558164
 10
321.702653
 20
74.758013
 10
322.399188
 20
74.942645
 10
321.702653
 20
74.522973
 10
321.087961
 20
74.226170
 10
320.805429
 20
74.135562
 10
320.588197
 20
74.101904
 10
320.379236
 20
74.108584
 10
320.309583
 20
74.140175
 10
320.379236
 20
74.211391
  0
LWPOLYLINE
  8
ENGRAVE_RED
 62
1
 90
15
 70
1
 10
288.542001
 20
74.786827
 10
288.381923
 20
75.004963
 10
288.299773
 20
75.171019
 10
288.286991
 20
75.282271
 10
288.335014
 20
75.335993
 10
288.435284
 20
75.329463
 10
288.579239
 20
75.259955
 10
288.758318
 20
75.124746
 10
288.963961
 20
74.921110
 10
289.137667
 20
74.704085
 10
289.236699
 20
74.526360
 10
289.253899
 20
74.406276
 10
289.182110
 20
74.362173
 10
289.042601
 20
74.395680
 10
288.875410
 20
74.486915
  0
LWPOLYLINE
  8
ENGRAVE_RED
 62
1
 90
12
 70
1
 10
328.482260
 20
74.826529
 10
328.569036
 20
74.883993
 10
328.668002
 20
74.903148
 10
328.766968
 20
74.883993
 10
328.853745
 20
74.826529
 10
328.896553
 20
74.754409
 10
328.875802
 20
74.695348
 10
328.797587
 20
74.655443
 10
328.668002
 20
74.640787
 10
328.538418
 20
74.655443
 10
328.460203
 20
74.695348
 10
328.439452
 20
74.754409
  0
LWPOLYLINE
  8
ENGRAVE_RED
 62
1
 90
11
 70
1
 10
317.320287
 20
75.923572
 10
317.414500
 20
75.977385
 10
317.546588
 20
75.999470
 10
317.854297
 20
75.945571
 10
317.967403
 20
75.883627
 10
317.975193
 20
75.833066
 10
317.880452
 20
75.796675
 10
317.685968
 20
75.777241
 10
317.358270
 20
75.811152
 10
317.297064
 20
75.859951
 10
317.320287
 20
75.923575
  0
LWPOLYLINE
  8
ENGRAVE_RED
 62
1
 90
16
 70
1
 10
314.876610
 20
77.029968
 10
314.056440
 20
77.463376
 10
313.934329
 20
77.556950
 10
314.040768
 20
77.545869
 10
314.925367
 20
77.339493
 10
316.269680
 20
77.078386
 10
317.507618
 20
76.805115
 10
317.906593
 20
76.675906
 10
318.147862
 20
76.559162
 10
318.223141
 20
76.460521
 10
318.124147
 20
76.385618
 10
317.842596
 20
76.340089
 10
317.370205
 20
76.329570
 10
316.832970
 20
76.390126
 10
316.183745
 20
76.542365
 10
315.504351
 20
76.763306
  0
LWPOLYLINE
  8
ENGRAVE_RED
 62
1
 90
898
 70
1
 10
314.679667
 20
77.817143
 10
313.043618
 20
78.267500
 10
311.456780
 20
78.776460
 10
309.916012
 20
79.345427
 10
308.418173
 20
79.975808
 10
306.960124
 20
80.669009
 10
305.538723
 20
81.426437
 10
304.150830
 20
82.249499
 10
302.793304
 20
83.139599
 10
301.707591
 20
83.816975
 10
301.345286
 20
83.991007
 10
301.174185
 20
84.016888
 10
301.169310
 20
83.973347
 10
301.209742
 20
83.902961
 10
301.410122
 20
83.696330
 10
302.174107
 20
83.122360
 10
302.893559
 20
82.616082
 10
303.257011
 20
82.292332
 10
303.299475
 20
82.206127
 10
303.246027
 20
82.174219
 10
302.842174
 20
82.284852
 10
302.610918
 20
82.361335
 10
302.555006
 20
82.363356
 10
302.539330
 20
82.337413
 10
302.629960
 20
82.190181
 10
302.885357
 20
81.896740
 10
303.318256
 20
81.509456
 10
303.506930
 20
81.395429
 10
303.657760
 20
81.338611
 10
303.756251
 20
81.342104
 10
303.787909
 20
81.409007
 10
303.738238
 20
81.542420
 10
303.592743
 20
81.745443
 10
303.376350
 20
82.072282
 10
303.394777
 20
82.133723
 10
303.498593
 20
82.126905
 10
303.965323
 20
81.907676
 10
304.782390
 20
81.412958
 10
305.400609
 20
81.051343
 10
306.212643
 20
80.621473
 10
307.996321
 20
79.772302
 10
309.468345
 20
79.111354
 10
310.052993
 20
78.790739
 10
310.064299
 20
78.759709
 10
310.022676
 20
78.747248
 10
309.782667
 20
78.775871
 10
308.689771
 20
79.032167
 10
307.952436
 20
79.264792
 10
307.126922
 20
79.597112
 10
306.314122
 20
79.984787
 10
305.614929
 20
80.383477
 10
304.614331
 20
81.001680
 10
304.069677
 20
81.275877
 10
303.955619
 20
81.288076
 10
303.940294
 20
81.219195
 10
304.185509
 20
80.844757
 10
304.362482
 20
80.604575
 10
304.387233
 20
80.546113
 10
304.364776
 20
80.529120
 10
304.164071
 20
80.620695
 10
303.732050
 20
80.881598
 10
302.944442
 20
81.392695
 10
302.193848
 20
81.924289
 10
301.479047
 20
82.477972
 10
300.798815
 20
83.055338
 10
300.151932
 20
83.657977
 10
299.537176
 20
84.287484
 10
298.953325
 20
84.945451
 10
298.399157
 20
85.633469
 10
297.873452
 20
86.353132
 10
297.374986
 20
87.106033
 10
296.902539
 20
87.893763
 10
296.454889
 20
88.717916
 10
296.030814
 20
89.580083
 10
295.629093
 20
90.481858
 10
294.887823
 20
92.410599
 10
294.253713
 20
94.068427
 10
293.948928
 20
94.746260
 10
293.656985
 20
95.314975
 10
293.381384
 20
95.768272
 10
293.125621
 20
96.099855
 10
292.893195
 20
96.303423
 10
292.687603
 20
96.372679
 10
292.643161
 20
96.357707
 10
292.624468
 20
96.314795
 10
292.659451
 20
96.157192
 10
292.782802
 20
95.923938
 10
292.984768
 20
95.639106
 10
293.263315
 20
95.181758
 10
293.595177
 20
94.478786
 10
293.938756
 20
93.625999
 10
294.252458
 20
92.719205
 10
294.894339
 20
90.898849
 10
295.636864
 20
89.175941
 10
296.473708
 20
87.559892
 10
297.398548
 20
86.060109
 10
297.891991
 20
85.356758
 10
298.405062
 20
84.686003
 10
298.936970
 20
84.049019
 10
299.486925
 20
83.446982
 10
300.054136
 20
82.881070
 10
300.637814
 20
82.352458
 10
301.237167
 20
81.862322
 10
301.851406
 20
81.411838
 10
302.769516
 20
80.761120
 10
303.216264
 20
80.399366
 10
303.273102
 20
80.316325
 10
303.224370
 20
80.292895
 10
302.826555
 20
80.408024
 10
302.077070
 20
80.768751
 10
301.161025
 20
81.347095
 10
300.137568
 20
82.093229
 10
299.065851
 20
82.957329
 10
298.005023
 20
83.889571
 10
297.014235
 20
84.840128
 10
296.152637
 20
85.759176
 10
295.479379
 20
86.596891
 10
294.772702
 20
87.497862
 10
294.548749
 20
87.721405
 10
294.421809
 20
87.794041
 10
294.397240
 20
87.773859
 10
294.399951
 20
87.716058
 10
294.491242
 20
87.487748
 10
295.045542
 20
86.581306
 10
295.289578
 20
86.189471
 10
295.475707
 20
85.827446
 10
295.585695
 20
85.535505
 10
295.601304
 20
85.353921
 10
295.595957
 20
85.261348
 10
295.628930
 20
85.137924
 10
295.799347
 20
84.810570
 10
296.091575
 20
84.395955
 10
296.484634
 20
83.918175
 10
297.489329
 20
82.869508
 10
298.059006
 20
82.346813
 10
298.645598
 20
81.857339
 10
299.421963
 20
81.191292
 10
299.645160
 20
80.958833
 10
299.752689
 20
80.806283
 10
299.740290
 20
80.743292
 10
299.603704
 20
80.779509
 10
298.940937
 20
81.188169
 10
298.680027
 20
81.339409
 10
298.410645
 20
81.442305
 10
298.164537
 20
81.487722
 10
297.973447
 20
81.466528
 10
297.871139
 20
81.459833
 10
297.721953
 20
81.494821
 10
297.311376
 20
81.674987
 10
296.798582
 20
81.977310
 10
296.240433
 20
82.372078
 10
295.614829
 20
82.915441
 10
295.002950
 20
83.570940
 10
294.411980
 20
84.326935
 10
293.849105
 20
85.171783
 10
293.321507
 20
86.093844
 10
292.836374
 20
87.081477
 10
292.400888
 20
88.123039
 10
292.022235
 20
89.206890
 10
291.580161
 20
90.655942
 10
291.377302
 20
91.486764
 10
291.359572
 20
91.707982
 10
291.394437
 20
91.819815
 10
291.479494
 20
91.837322
 10
291.612341
 20
91.775560
 10
291.751899
 20
91.711514
 10
291.841652
 20
91.715419
 10
291.884079
 20
91.774888
 10
291.881658
 20
91.877531
 10
291.752178
 20
92.162792
 10
291.473034
 20
92.472095
 10
291.177878
 20
92.801559
 10
291.088090
 20
92.967550
 10
291.055113
 20
93.106621
 10
291.102386
 20
93.176441
 10
291.231100
 20
93.153885
 10
291.421595
 20
93.046927
 10
291.654215
 20
92.863544
 10
291.925300
 20
92.643199
 10
291.984942
 20
92.619214
 10
291.992747
 20
92.657416
 10
291.849141
 20
92.934567
 10
291.487067
 20
93.503024
 10
291.165573
 20
94.035287
 10
290.954863
 20
94.466636
 10
290.849875
 20
94.783395
 10
290.845551
 20
94.971888
 10
290.879557
 20
95.013761
 10
290.936831
 20
95.018439
 10
291.118655
 20
94.909372
 10
291.385964
 20
94.631010
 10
291.733698
 20
94.169678
 10
292.335322
 20
93.395732
 10
292.548345
 20
93.190302
 10
292.662220
 20
93.150491
 10
292.636617
 20
93.306914
 10
292.469876
 20
93.635791
 10
291.823110
 20
94.618258
 10
290.907055
 20
95.953730
 10
290.640075
 20
96.405205
 10
290.504828
 20
96.698977
 10
290.504590
 20
96.824897
 10
290.642636
 20
96.772819
 10
290.922243
 20
96.532595
 10
291.346686
 20
96.094077
 10
291.807021
 20
95.615204
 10
292.101207
 20
95.356987
 10
292.182986
 20
95.312731
 10
292.219618
 20
95.326167
 10
292.152629
 20
95.529489
 10
291.910690
 20
95.910044
 10
291.509164
 20
96.436750
 10
290.450730
 20
97.650261
 10
289.096785
 20
99.081855
 10
290.035409
 20
99.007381
 10
290.486888
 20
98.934065
 10
291.022295
 20
98.789500
 10
291.574645
 20
98.594591
 10
292.076948
 20
98.370243
 10
292.557212
 20
98.088266
 10
293.071612
 20
97.722831
 10
293.593695
 20
97.299259
 10
294.097009
 20
96.842869
 10
294.555101
 20
96.378983
 10
294.941520
 20
95.932921
 10
295.229812
 20
95.530004
 10
295.393525
 20
95.195552
 10
295.475538
 20
95.003530
 10
295.582810
 20
94.846279
 10
295.701428
 20
94.740029
 10
295.817483
 20
94.701007
 10
295.891404
 20
94.718759
 10
295.932093
 20
94.770019
 10
295.921589
 20
94.961065
 10
295.801599
 20
95.250160
 10
295.587755
 20
95.613317
 10
294.941019
 20
96.465871
 10
294.539388
 20
96.907298
 10
294.106421
 20
97.326842
 10
293.563522
 20
97.776450
 10
292.945780
 20
98.223268
 10
292.329209
 20
98.615615
 10
291.789821
 20
98.901815
 10
291.342013
 20
99.122574
 10
291.089232
 20
99.287763
 10
291.037982
 20
99.347744
 10
291.037895
 20
99.391702
 10
291.194420
 20
99.428712
 10
291.553384
 20
99.364014
 10
292.039434
 20
99.184203
 10
292.606649
 20
98.915995
 10
293.209109
 20
98.586102
 10
293.800894
 20
98.221239
 10
294.336083
 20
97.848121
 10
294.768758
 20
97.493461
 10
295.052998
 20
97.183974
 10
295.234001
 20
96.965873
 10
295.419747
 20
96.810456
 10
295.588410
 20
96.732119
 10
295.718165
 20
96.745256
 10
295.796533
 20
96.767931
 10
295.885093
 20
96.747909
 10
296.086839
 20
96.591220
 10
296.311497
 20
96.298075
 10
296.547157
 20
95.891361
 10
296.781911
 20
95.393964
 10
297.003852
 20
94.828772
 10
297.201071
 20
94.218672
 10
297.361660
 20
93.586551
 10
297.695149
 20
92.054174
 10
297.712389
 20
93.447244
 10
297.685078
 20
94.108357
 10
297.586943
 20
94.753481
 10
297.418499
 20
95.381489
 10
297.180257
 20
95.991254
 10
296.872731
 20
96.581646
 10
296.496432
 20
97.151539
 10
296.051875
 20
97.699804
 10
295.539571
 20
98.225314
 10
294.879168
 20
98.899639
 10
294.465396
 20
99.421324
 10
294.371910
 20
99.592861
 10
294.365176
 20
99.687759
 10
294.453561
 20
99.693190
 10
294.645429
 20
99.596330
 10
294.757733
 20
99.576661
 10
294.864020
 20
99.654934
 10
294.962397
 20
99.824441
 10
295.050969
 20
100.078472
 10
295.191120
 20
100.813272
 10
295.269315
 20
101.805663
 10
295.300933
 20
102.333810
 10
295.323018
 20
102.438179
 10
295.352434
 20
102.429938
 10
295.442700
 20
102.057209
 10
295.590612
 20
101.178782
 10
295.837412
 20
99.948775
 10
295.951371
 20
99.574456
 10
296.039402
 20
99.436806
 10
296.101686
 20
99.639990
 10
296.145548
 20
100.193612
 10
296.161919
 20
102.013985
 10
296.114357
 20
104.591803
 10
296.506765
 20
103.198733
 10
296.899172
 20
101.805663
 10
296.773503
 20
103.338040
 10
296.641693
 20
104.624889
 10
296.501268
 20
105.566952
 10
296.478189
 20
105.738474
 10
296.523697
 20
105.690587
 10
296.783437
 20
105.009724
 10
296.951829
 20
104.369021
 10
297.093389
 20
103.551354
 10
297.193248
 20
102.661857
 10
297.236539
 20
101.805663
 10
297.261389
 20
101.003564
 10
297.311380
 20
100.499286
 10
297.385266
 20
100.299929
 10
297.430780
 20
100.316815
 10
297.481801
 20
100.412593
 10
297.592214
 20
100.766658
 10
297.666314
 20
101.175482
 10
297.704299
 20
101.632521
 10
297.706372
 20
102.131232
 10
297.603576
 20
103.227493
 10
297.359527
 20
104.411912
 10
297.225629
 20
104.988969
 10
297.164676
 20
105.394868
 10
297.178565
 20
105.604769
 10
297.214169
 20
105.628458
 10
297.269195
 20
105.593833
 10
297.421410
 20
105.331529
 10
297.620001
 20
104.833188
 10
298.053386
 20
103.414442
 10
298.283454
 20
102.582598
 10
298.438482
 20
102.151180
 10
298.490842
 20
102.079754
 10
298.528025
 20
102.101384
 10
298.561639
 20
102.414409
 10
298.544503
 20
102.820840
 10
298.485986
 20
103.271500
 10
298.395276
 20
103.711534
 10
298.281559
 20
104.086093
 10
298.153195
 20
104.451954
 10
298.116360
 20
104.639283
 10
298.132683
 20
104.670567
 10
298.172388
 20
104.662700
 10
298.322608
 20
104.536824
 10
298.468453
 20
104.268735
 10
298.616296
 20
103.785395
 10
298.748867
 20
103.155368
 10
298.848899
 20
102.447219
 10
298.960756
 20
101.508962
 10
299.059810
 20
101.070204
 10
299.116156
 20
101.014431
 10
299.183246
 20
101.055085
 10
299.368250
 20
101.387742
 10
299.537058
 20
101.697636
 10
299.588846
 20
101.734662
 10
299.620929
 20
101.684466
 10
299.632102
 20
101.296588
 10
299.582814
 20
100.482363
 10
299.555613
 20
99.886997
 10
299.568913
 20
99.454387
 10
299.618522
 20
99.185473
 10
299.700248
 20
99.081198
 10
299.809898
 20
99.142503
 10
299.943280
 20
99.370328
 10
300.096201
 20
99.765616
 10
300.264470
 20
100.329308
 10
300.384572
 20
100.901002
 10
300.431125
 20
101.455056
 10
300.404249
 20
101.998159
 10
300.304065
 20
102.537002
 10
300.192984
 20
103.073484
 10
300.176024
 20
103.479961
 10
300.257413
 20
103.804402
 10
300.441378
 20
104.094776
 10
300.676679
 20
104.343488
 10
300.707931
 20
104.339532
 10
300.671513
 20
104.243524
 10
300.626299
 20
104.108299
 10
300.633597
 20
103.997560
 10
300.689514
 20
103.922737
 10
300.790159
 20
103.895257
 10
300.904724
 20
103.948921
 10
300.998543
 20
104.095035
 10
301.061935
 20
104.311283
 10
301.085217
 20
104.575351
 10
301.110937
 20
104.855314
 10
301.180968
 20
105.114842
 10
301.284613
 20
105.325012
 10
301.411178
 20
105.456897
 10
301.543437
 20
105.516904
 10
301.612297
 20
105.493982
 10
301.617936
 20
105.387824
 10
301.560533
 20
105.198120
 10
301.401942
 20
104.483329
 10
301.268652
 20
103.411075
 10
301.224002
 20
102.618455
 10
301.239027
 20
102.489746
 10
301.278520
 20
102.575973
 10
301.345652
 20
102.755435
 10
301.435926
 20
102.880582
 10
301.537525
 20
102.940047
 10
301.638634
 20
102.922459
 10
301.724521
 20
102.909569
 10
301.823848
 20
102.983992
 10
301.944721
 20
103.163574
 10
302.095243
 20
103.466160
 10
302.517656
 20
104.511731
 10
303.155926
 20
106.263476
 10
303.311835
 20
106.658494
 10
303.442461
 20
106.910196
 10
303.534114
 20
106.997692
 10
303.573107
 20
106.900094
 10
303.546172
 20
106.612776
 10
303.458326
 20
106.183708
 10
303.154800
 20
105.132338
 10
302.860455
 20
104.104733
 10
302.828257
 20
103.840255
 10
302.863855
 20
103.743614
 10
302.960610
 20
103.816026
 10
303.111883
 20
104.058705
 10
303.551424
 20
105.059730
 10
303.795418
 20
105.650279
 10
303.976878
 20
105.992210
 10
304.042850
 20
106.068048
 10
304.091617
 20
106.079455
 10
304.135448
 20
105.905947
 10
304.084645
 20
105.547568
 10
303.935591
 20
105.042039
 10
303.711278
 20
104.456551
 10
303.434699
 20
103.858291
 10
302.949655
 20
102.801414
 10
302.853287
 20
102.505445
 10
302.849208
 20
102.371021
 10
302.933557
 20
102.403066
 10
303.102472
 20
102.606505
 10
303.678562
 20
103.547259
 10
304.200679
 20
104.373542
 10
304.361059
 20
104.540701
 10
304.405409
 20
104.549078
 10
304.421803
 20
104.502098
 10
304.368492
 20
104.263643
 10
304.218345
 20
103.886649
 10
303.719684
 20
102.924151
 10
303.495300
 20
102.510272
 10
303.344515
 20
102.161662
 10
303.266982
 20
101.880245
 10
303.262358
 20
101.667948
 10
303.330298
 20
101.526697
 10
303.470456
 20
101.458417
 10
303.682488
 20
101.465034
 10
303.966048
 20
101.548474
 10
304.138821
 20
101.664860
 10
304.314870
 20
101.872015
 10
304.486086
 20
102.150831
 10
304.644358
 20
102.482200
 10
304.889631
 20
103.226165
 10
304.960412
 20
103.600546
 10
304.985807
 20
103.951049
 10
305.046725
 20
104.191584
 10
305.230595
 20
104.426260
 10
305.539097
 20
104.655827
 10
305.973908
 20
104.881038
 10
306.536707
 20
105.102644
 10
307.229170
 20
105.321396
 10
309.009803
 20
105.753345
 10
309.652054
 20
105.868840
 10
310.297796
 20
105.947113
 10
310.944972
 20
105.988669
 10
311.591529
 20
105.994010
 10
312.235411
 20
105.963640
 10
312.874562
 20
105.898061
 10
313.506927
 20
105.797778
 10
314.130451
 20
105.663292
 10
314.743079
 20
105.495108
 10
315.342755
 20
105.293729
 10
315.927425
 20
105.059658
 10
316.495032
 20
104.793398
 10
317.043523
 20
104.495453
 10
317.570840
 20
104.166324
 10
318.074930
 20
103.806517
 10
318.553737
 20
103.416534
 10
319.010691
 20
102.988067
 10
319.447105
 20
102.517301
 10
319.861286
 20
102.008403
 10
320.251542
 20
101.465544
 10
320.616177
 20
100.892892
 10
320.953500
 20
100.294615
 10
321.261817
 20
99.674882
 10
321.539435
 20
99.037863
 10
321.784659
 20
98.387726
 10
321.995797
 20
97.728640
 10
322.171155
 20
97.064773
 10
322.309041
 20
96.400295
 10
322.407760
 20
95.739374
 10
322.465619
 20
95.086179
 10
322.480925
 20
94.444879
 10
322.451985
 20
93.819643
 10
322.358995
 20
93.072131
 10
322.207127
 20
92.315062
 10
322.001312
 20
91.561310
 10
321.746478
 20
90.823749
 10
321.447555
 20
90.115252
 10
321.109474
 20
89.448691
 10
320.737164
 20
88.836940
 10
320.335555
 20
88.292872
 10
319.764738
 20
87.596337
 10
319.754290
 20
88.292872
 10
319.670717
 20
88.905271
 10
319.585998
 20
89.185321
 10
319.484467
 20
89.399522
 10
319.345449
 20
89.587111
 10
319.239818
 20
89.630858
 10
319.146569
 20
89.524110
 10
319.044698
 20
89.260215
 10
318.671697
 20
88.215977
 10
318.313598
 20
87.467599
 10
318.116544
 20
87.163957
 10
317.894903
 20
86.885798
 10
317.340115
 20
86.341292
 10
316.596515
 20
85.751884
 10
316.314041
 20
85.572584
 10
316.143471
 20
85.506732
 10
315.819722
 20
85.457103
 10
315.386978
 20
85.337782
 10
315.261891
 20
85.319156
 10
315.298586
 20
85.393337
 10
315.802746
 20
85.764157
 10
316.575094
 20
86.345354
 10
317.305092
 20
87.031170
 10
317.851198
 20
87.674214
 10
318.011060
 20
87.933637
 10
318.071871
 20
88.127094
 10
318.035035
 20
88.188564
 10
317.928224
 20
88.169541
 10
317.570491
 20
87.917524
 10
317.359137
 20
87.751512
 10
317.160810
 20
87.640807
 10
316.997765
 20
87.595046
 10
316.892257
 20
87.623865
 10
316.754112
 20
87.635179
 10
316.502205
 20
87.541754
 10
316.172362
 20
87.360506
 10
315.800410
 20
87.108351
 10
314.985237
 20
86.523057
 10
314.470588
 20
86.197632
 10
314.322047
 20
86.130272
 10
314.243943
 20
86.125361
 10
314.234710
 20
86.182059
 10
314.292783
 20
86.299526
 10
314.388584
 20
86.527234
 10
314.368182
 20
86.585369
 10
314.302098
 20
86.606362
 10
314.032445
 20
86.536932
 10
313.578742
 20
86.318970
 10
313.282492
 20
86.173025
 10
313.211066
 20
86.157951
 10
313.191639
 20
86.188516
 10
313.311382
 20
86.407684
 10
313.646921
 20
86.872771
 10
313.894032
 20
87.231032
 10
314.048319
 20
87.514323
 10
314.108315
 20
87.724452
 10
314.072553
 20
87.863230
 10
313.939563
 20
87.932466
 10
313.707880
 20
87.933967
 10
313.376034
 20
87.869545
 10
312.942559
 20
87.741008
 10
312.528446
 20
87.624369
 10
312.137369
 20
87.549842
 10
311.813365
 20
87.523630
 10
311.600472
 20
87.551936
 10
311.496283
 20
87.610104
 10
311.487238
 20
87.658799
 10
311.570244
 20
87.694492
 10
311.742208
 20
87.713651
 10
311.931524
 20
87.738840
 10
312.086558
 20
87.791159
 10
312.191310
 20
87.862965
 10
312.229783
 20
87.946616
 10
312.136349
 20
88.021934
 10
311.881950
 20
88.071056
 10
311.505441
 20
88.089800
 10
311.045673
 20
88.073989
 10
310.522264
 20
88.079079
 10
310.000009
 20
88.159811
 10
309.500576
 20
88.304928
 10
309.045629
 20
88.503173
 10
308.656835
 20
88.743290
 10
308.355861
 20
89.014023
 10
308.164372
 20
89.304114
 10
308.116455
 20
89.452901
 10
308.104035
 20
89.602307
 10
308.056687
 20
90.103753
 10
307.913440
 20
90.605036
 10
307.890234
 20
90.745443
 10
307.998129
 20
90.729117
 10
308.223156
 20
90.563683
 10
308.551344
 20
90.256768
 10
308.972455
 20
89.886139
 10
309.385349
 20
89.624850
 10
309.790504
 20
89.472660
 10
310.188398
 20
89.429328
 10
310.976020
 20
89.451327
 10
310.140178
 20
89.744301
 10
309.424740
 20
90.062568
 10
308.850265
 20
90.449805
 10
308.631902
 20
90.655887
 10
308.467997
 20
90.863132
 10
308.364957
 20
91.066178
 10
308.329187
 20
91.259665
 10
308.365567
 20
91.396171
 10
308.478442
 20
91.414003
 10
308.673410
 20
91.311624
 10
308.956068
 20
91.087496
 10
309.237781
 20
90.862292
 10
309.479350
 20
90.711237
 10
309.680451
 20
90.634253
 10
309.840760
 20
90.631261
 10
309.959952
 20
90.702181
 10
310.037703
 20
90.846936
 10
310.073690
 20
91.065446
 10
310.067587
 20
91.357633
 10
310.043676
 20
91.721511
 10
310.061887
 20
91.859428
 10
310.137797
 20
91.781273
 10
310.286984
 20
91.496940
 10
310.412635
 20
91.280144
 10
310.450345
 20
91.253227
 10
310.471881
 20
91.283102
 10
310.468142
 20
91.520633
 10
310.404838
 20
92.007555
 10
310.360650
 20
92.521621
 10
310.391542
 20
92.977529
 10
310.498643
 20
93.382335
 10
310.683083
 20
93.743094
 10
310.898465
 20
94.008343
 10
311.192928
 20
94.285110
 10
311.901439
 20
94.800146
 10
312.256659
 20
95.001892
 10
312.573303
 20
95.142109
 10
312.821957
 20
95.202533
 10
312.973206
 20
95.164905
 10
312.980343
 20
95.098417
 10
312.900416
 20
95.016745
 10
312.536661
 20
94.849279
 10
312.212937
 20
94.702892
 10
311.902786
 20
94.481023
 10
311.615820
 20
94.197961
 10
311.361653
 20
93.867995
 10
311.149898
 20
93.505413
 10
310.990167
 20
93.124505
 10
310.892075
 20
92.739558
 10
310.865233
 20
92.364863
 10
310.893762
 20
91.496940
 10
311.108318
 20
92.400720
 10
311.330928
 20
93.096761
 10
311.475066
 20
93.393432
 10
311.643737
 20
93.659534
 10
311.838922
 20
93.897816
 10
312.062604
 20
94.111026
 10
312.603390
 20
94.473219
 10
312.900059
 20
94.621730
 10
312.972458
 20
94.641052
 10
312.993619
 20
94.617557
 10
312.880378
 20
94.423539
 10
312.556649
 20
94.002513
 10
312.343318
 20
93.657911
 10
312.170666
 20
93.236984
 10
312.042518
 20
92.772723
 10
311.962702
 20
92.298118
 10
311.935045
 20
91.846162
 10
311.963373
 20
91.449845
 10
312.051513
 20
91.142158
 10
312.119208
 20
91.031860
 10
312.203291
 20
90.956092
 10
312.252198
 20
90.945183
 10
312.291820
 20
90.976323
 10
312.341643
 20
91.151770
 10
312.349633
 20
91.456471
 10
312.312665
 20
91.864464
 10
312.270339
 20
92.435034
 10
312.339068
 20
92.881729
 10
312.546442
 20
93.289968
 10
312.920049
 20
93.745169
 10
313.438349
 20
94.268846
 10
313.418061
 20
94.183141
 10
313.228596
 20
93.872821
 10
313.018957
 20
93.495569
 10
312.881989
 20
93.129640
 10
312.817964
 20
92.772994
 10
312.827151
 20
92.423589
 10
312.909822
 20
92.079386
 10
313.066245
 20
91.738346
 10
313.296691
 20
91.398426
 10
313.601431
 20
91.057589
 10
313.887249
 20
90.810189
 10
314.198446
 20
90.610735
 10
314.530758
 20
90.458222
 10
314.879922
 20
90.351645
 10
315.241674
 20
90.289998
 10
315.611749
 20
90.272279
 10
315.985884
 20
90.297482
 10
316.359815
 20
90.364601
 10
316.729277
 20
90.472634
 10
317.090006
 20
90.620575
 10
317.437740
 20
90.807419
 10
317.768213
 20
91.032161
 10
318.077161
 20
91.293798
 10
318.360321
 20
91.591324
 10
318.613429
 20
91.923735
 10
318.832220
 20
92.290026
 10
318.997212
 20
92.658640
 10
319.125974
 20
93.060679
 10
319.219175
 20
93.492271
 10
319.277480
 20
93.949543
 10
319.292078
 20
94.925631
 10
319.175107
 20
95.957959
 10
318.931908
 20
97.015540
 10
318.567820
 20
98.067389
 10
318.088184
 20
99.082521
 10
317.498338
 20
100.029949
 10
317.175733
 20
100.437194
 10
316.926910
 20
100.663243
 10
316.756143
 20
100.723163
 10
316.701366
 20
100.695533
 10
316.667705
 20
100.632021
 10
316.665871
 20
100.404886
 10
316.754913
 20
100.056824
 10
316.939104
 20
99.602903
 10
317.222720
 20
99.058190
 10
317.647994
 20
98.272453
 10
317.851831
 20
97.738313
 10
317.879697
 20
97.526186
 10
317.862988
 20
97.329669
 10
317.710221
 20
96.920417
 10
317.534897
 20
96.653653
 10
317.310734
 20
96.435196
 10
317.066574
 20
96.287590
 10
316.831258
 20
96.233378
 10
316.616708
 20
96.270958
 10
316.430784
 20
96.384868
 10
316.272828
 20
96.576858
 10
316.142182
 20
96.848682
 10
316.038188
 20
97.202092
 10
315.960190
 20
97.638839
 10
315.879548
 20
98.769354
 10
315.824076
 20
99.329299
 10
315.687403
 20
99.870136
 10
315.472740
 20
100.387204
 10
315.183300
 20
100.875840
 10
314.822294
 20
101.331383
 10
314.392934
 20
101.749169
 10
313.898432
 20
102.124536
 10
313.342001
 20
102.452823
 10
312.637154
 20
102.775261
 10
311.984000
 20
102.955008
 10
311.243665
 20
103.016062
 10
310.277276
 20
102.982422
 10
309.518821
 20
102.906660
 10
308.815039
 20
102.780163
 10
308.164592
 20
102.601179
 10
307.566142
 20
102.367955
 10
307.018351
 20
102.078741
 10
306.519883
 20
101.731784
 10
306.069399
 20
101.325334
 10
305.665561
 20
100.857637
 10
305.307033
 20
100.326942
 10
304.992476
 20
99.731499
 10
304.720553
 20
99.069554
 10
304.489927
 20
98.339356
 10
304.299259
 20
97.539153
 10
304.147213
 20
96.667194
 10
304.032450
 20
95.721727
 10
303.953632
 20
94.701001
 10
303.919519
 20
93.058704
 10
303.951434
 20
92.280690
 10
304.016582
 20
91.529718
 10
304.115400
 20
90.804505
 10
304.248327
 20
90.103763
 10
304.415803
 20
89.426209
 10
304.618264
 20
88.770557
 10
304.856150
 20
88.135521
 10
305.129900
 20
87.519817
 10
305.439951
 20
86.922159
 10
305.786743
 20
86.341262
 10
306.170713
 20
85.775840
 10
306.592300
 20
85.224609
 10
307.051943
 20
84.686284
 10
307.550080
 20
84.159579
 10
308.195359
 20
83.579091
 10
308.981181
 20
82.984027
 10
309.867571
 20
82.396583
 10
310.814557
 20
81.838958
 10
311.782165
 20
81.333352
 10
312.730420
 20
80.901964
 10
313.619348
 20
80.566991
 10
314.408977
 20
80.350632
 10
315.025734
 20
80.179212
 10
315.184700
 20
80.098412
 10
315.209054
 20
80.034707
 10
315.131697
 20
79.997499
 10
315.002244
 20
79.984713
 10
314.604341
 20
80.027021
 10
314.049919
 20
80.150849
 10
313.373555
 20
80.345413
 10
311.793304
 20
80.903625
 10
310.140189
 20
81.615400
 10
309.324418
 20
82.037376
 10
308.520282
 20
82.519373
 10
307.738052
 20
83.053016
 10
306.987999
 20
83.629929
 10
306.280394
 20
84.241736
 10
305.625506
 20
84.880061
 10
305.033608
 20
85.536528
 10
304.514970
 20
86.202762
 10
304.268765
 20
86.513164
 10
304.040598
 20
86.740810
 10
303.855897
 20
86.864089
 10
303.787791
 20
86.879838
 10
303.740086
 20
86.861391
 10
303.723359
 20
86.769579
 10
303.783514
 20
86.614659
 10
304.104068
 20
86.146185
 10
304.640945
 20
85.517340
 10
305.333342
 20
84.789495
 10
306.120454
 20
84.024023
 10
306.941477
 20
83.282293
 10
307.735609
 20
82.625677
 10
308.442046
 20
82.115547
 10
309.437834
 20
81.440227
 10
309.838041
 20
81.100009
 10
309.843604
 20
81.069723
 10
309.810991
 20
81.061986
 10
309.630473
 20
81.115448
 10
308.802938
 20
81.507104
 10
308.064353
 20
81.912951
 10
307.288330
 20
82.389089
 10
306.484915
 20
82.927987
 10
305.664156
 20
83.522113
 10
304.010802
 20
84.845919
 10
302.408651
 20
86.300254
 10
300.958310
 20
87.647043
 10
300.532091
 20
87.997364
 10
300.315296
 20
88.130135
 10
300.287805
 20
88.114431
 10
300.315519
 20
88.043730
 10
300.540354
 20
87.736524
 10
301.694232
 20
86.453204
 10
302.324795
 20
85.823477
 10
303.055963
 20
85.155294
 10
304.689581
 20
83.805089
 10
306.334018
 20
82.605647
 10
307.078710
 20
82.125916
 10
307.728208
 20
81.760021
 10
308.345355
 20
81.384909
 10
308.501461
 20
81.239166
 10
308.521227
 20
81.148072
 10
308.447715
 20
81.135398
 10
308.305028
 20
81.168102
 10
307.839643
 20
81.354423
 10
306.381445
 20
82.104167
 10
304.586888
 20
83.153765
 10
302.896225
 20
84.259679
 10
302.129303
 20
84.842558
 10
301.276912
 20
85.557515
 10
300.442906
 20
86.313936
 10
299.731141
 20
87.021208
 10
298.642249
 20
88.104177
 10
298.284406
 20
88.407022
 10
298.121391
 20
88.486660
 10
298.112023
 20
88.415534
 10
298.165260
 20
88.291201
 10
298.436688
 20
87.906272
 10
298.889952
 20
87.378591
 10
299.479328
 20
86.754876
 10
300.883525
 20
85.406214
 10
301.606899
 20
84.774703
 10
302.283492
 20
84.234029
 10
303.581043
 20
83.349603
 10
305.154041
 20
82.427676
 10
306.939102
 20
81.496714
 10
308.872842
 20
80.585183
 10
310.891878
 20
79.721547
 10
312.932826
 20
78.934271
 10
314.932303
 20
78.251821
 10
316.826925
 20
77.702661
 10
317.529304
 20
77.503450
 10
317.992740
 20
77.337327
 10
318.178227
 20
77.221254
 10
318.154551
 20
77.187286
 10
318.046761
 20
77.172192
 10
317.555090
 20
77.215703
 10
316.756366
 20
77.351806
 10
314.679685
 20
77.817149
  0
LWPOLYLINE
  8
ENGRAVE_RED
 62
1
 90
14
 70
1
 10
297.326711
 20
82.439073
 10
296.722733
 20
82.986943
 10
296.507566
 20
83.122174
 10
296.391210
 20
83.134508
 10
296.386069
 20
83.016038
 10
296.489983
 20
82.818120
 10
296.913470
 20
82.301362
 10
297.438660
 20
81.819084
 10
297.669703
 20
81.664266
 10
297.842542
 20
81.606136
 10
297.882938
 20
81.623137
 10
297.889138
 20
81.671860
 10
297.807415
 20
81.850811
 10
297.614297
 20
82.115659
  0
LWPOLYLINE
  8
ENGRAVE_RED
 62
1
 90
14
 70
1
 10
315.131974
 20
87.078986
 10
315.242616
 20
87.462748
 10
315.241521
 20
87.566072
 10
315.206887
 20
87.609311
 10
315.141769
 20
87.591682
 10
315.049220
 20
87.512401
 10
314.794047
 20
87.165745
 10
314.681819
 20
86.954304
 10
314.627646
 20
86.781152
 10
314.634445
 20
86.664157
 10
314.705134
 20
86.621188
 10
314.816519
 20
86.657311
 10
314.934124
 20
86.755666
 10
315.043944
 20
86.901232
  0
LWPOLYLINE
  8
ENGRAVE_RED
 62
1
 90
10
 70
1
 10
310.558093
 20
88.830554
 10
309.664787
 20
89.069883
 10
308.886409
 20
89.371475
 10
308.189874
 20
89.717406
 10
308.847621
 20
89.144445
 10
309.196599
 20
88.899716
 10
309.596552
 20
88.726365
 10
310.039961
 20
88.626824
 10
310.519305
 20
88.603527
 10
311.533242
 20
88.635567
  0
LWPOLYLINE
  8
ENGRAVE_RED
 62
1
 90
33
 70
1
 10
303.478558
 20
88.983939
 10
303.252259
 20
89.993993
 10
302.983693
 20
91.647612
 10
302.851685
 20
92.807621
 10
302.831415
 20
93.801203
 10
302.930720
 20
94.828829
 10
303.157441
 20
96.090968
 10
303.374002
 20
97.060296
 10
303.614430
 20
97.976079
 10
303.849443
 20
98.735171
 10
304.049763
 20
99.234428
 10
304.301425
 20
99.852815
 10
304.343039
 20
100.075873
 10
304.316823
 20
100.199294
 10
304.266347
 20
100.212694
 10
304.201126
 20
100.171048
 10
304.033976
 20
99.941278
 10
303.830419
 20
99.547304
 10
303.605502
 20
99.026445
 10
303.151781
 20
97.753345
 10
302.793191
 20
96.420528
 10
302.627191
 20
95.383275
 10
302.538379
 20
94.237586
 10
302.521985
 20
93.048360
 10
302.573236
 20
91.880493
 10
302.687362
 20
90.798884
 10
302.859591
 20
89.868431
 10
303.085153
 20
89.154031
 10
303.216443
 20
88.898132
 10
303.359276
 20
88.720582
 10
303.494953
 20
88.616593
 10
303.558678
 20
88.622774
 10
303.552523
 20
88.743700
  0
LWPOLYLINE
  8
ENGRAVE_RED
 62
1
 90
64
 70
1
 10
321.952703
 20
94.756935
 10
321.949196
 20
95.299604
 10
321.910128
 20
95.856267
 10
321.731682
 20
96.996305
 10
321.430106
 20
98.146513
 10
321.018140
 20
99.276354
 10
320.508525
 20
100.355290
 10
319.914004
 20
101.352786
 10
319.247316
 20
102.238304
 10
318.890891
 20
102.629528
 10
318.521203
 20
102.981307
 10
317.995781
 20
103.404858
 10
317.424116
 20
103.793812
 10
316.811808
 20
104.147115
 10
316.164460
 20
104.463715
 10
315.487674
 20
104.742557
 10
314.787052
 20
104.982588
 10
314.068196
 20
105.182753
 10
313.336708
 20
105.341999
 10
312.598190
 20
105.459272
 10
311.858245
 20
105.533518
 10
311.122473
 20
105.563684
 10
310.396478
 20
105.548715
 10
309.685861
 20
105.487559
 10
308.996224
 20
105.379160
 10
308.333169
 20
105.222466
 10
307.702299
 20
105.016423
 10
307.080261
 20
104.761059
 10
306.570865
 20
104.512240
 10
306.226679
 20
104.298455
 10
306.132967
 20
104.213603
 10
306.100269
 20
104.148192
 10
306.124437
 20
104.107449
 10
306.193703
 20
104.093295
 10
306.448101
 20
104.139174
 10
306.824611
 20
104.274655
 10
307.284378
 20
104.488568
 10
307.978767
 20
104.788398
 10
308.728275
 20
105.011875
 10
309.523018
 20
105.161435
 10
310.353108
 20
105.239512
 10
311.208658
 20
105.248541
 10
312.079783
 20
105.190958
 10
312.956595
 20
105.069196
 10
313.829208
 20
104.885690
 10
314.687735
 20
104.642876
 10
315.522289
 20
104.343187
 10
316.322984
 20
103.989059
 10
317.079934
 20
103.582927
 10
317.783251
 20
103.127224
 10
318.423049
 20
102.624387
 10
318.989442
 20
102.076849
 10
319.472542
 20
101.487045
 10
319.848570
 20
100.927772
 10
320.181957
 20
100.352241
 10
320.477581
 20
99.747199
 10
320.740320
 20
99.099392
 10
320.975052
 20
98.395567
 10
321.186654
 20
97.622471
 10
321.559982
 20
95.815451
 10
321.728152
 20
94.917206
 10
321.846185
 20
94.450746
 10
321.888029
 20
94.375042
 10
321.919296
 20
94.402010
  0
LWPOLYLINE
  8
ENGRAVE_RED
 62
1
 90
14
 70
1
 10
292.448183
 20
97.176370
 10
292.353569
 20
97.340148
 10
292.102640
 20
97.585340
 10
291.329316
 20
98.181876
 10
290.523164
 20
98.689802
 10
290.231201
 20
98.824233
 10
290.079140
 20
98.832945
 10
290.078521
 20
98.788847
 10
290.127245
 20
98.712957
 10
290.354353
 20
98.482383
 10
291.198643
 20
97.822148
 10
292.081131
 20
97.269138
 10
292.349587
 20
97.154629
 10
292.422680
 20
97.147144
  0
LWPOLYLINE
  8
ENGRAVE_RED
 62
1
 90
27
 70
1
 10
348.520467
 20
78.423488
 10
347.221721
 20
78.624542
 10
345.860076
 20
78.746820
 10
344.374707
 20
78.793942
 10
342.704784
 20
78.769527
 10
340.838318
 20
78.717992
 10
339.900213
 20
78.741453
 10
339.710212
 20
78.790192
 10
339.669400
 20
78.868343
 10
339.750142
 20
78.979460
 10
339.924806
 20
79.127099
 10
340.261837
 20
79.335680
 10
340.688045
 20
79.506989
 10
341.193564
 20
79.641719
 10
341.768532
 20
79.740569
 10
342.403085
 20
79.804232
 10
343.087359
 20
79.833406
 10
344.565616
 20
79.791070
 10
346.124394
 20
79.619126
 10
347.684782
 20
79.323142
 10
348.440921
 20
79.130376
 10
349.167872
 20
78.908687
 10
349.855771
 20
78.658772
 10
350.494755
 20
78.381327
 10
351.367133
 20
77.937492
 10
351.521328
 20
77.833192
 10
351.445914
 20
77.831367
  0
LWPOLYLINE
  8
ENGRAVE_RED
 62
1
 90
17
 70
1
 10
314.861228
 20
78.685110
 10
313.699301
 20
79.136891
 10
313.505072
 20
79.240652
 10
313.622847
 20
79.238771
 10
316.339333
 20
78.766476
 10
317.123643
 20
78.622243
 10
317.765924
 20
78.469777
 10
318.199898
 20
78.327246
 10
318.318057
 20
78.265382
 10
318.359285
 20
78.212815
 10
318.341132
 20
78.138431
 10
318.287869
 20
78.079033
 10
318.083198
 20
78.004220
 10
317.759636
 20
77.986438
 10
317.331549
 20
78.023747
 10
316.813300
 20
78.114209
 10
316.219253
 20
78.255882
  0
LWPOLYLINE
  8
ENGRAVE_RED
 62
1
 90
88
 70
1
 10
242.084409
 20
79.099220
 10
240.792919
 20
80.026584
 10
240.312743
 20
80.417527
 10
240.032707
 20
80.690364
 10
239.929217
 20
80.852244
 10
239.938049
 20
80.881762
 10
239.986746
 20
80.877162
 10
240.202170
 20
80.766104
 10
240.572368
 20
80.520056
 10
241.266513
 20
80.106851
 10
241.511381
 20
80.014859
 10
241.641346
 20
80.021104
 10
241.638501
 20
80.117726
 10
241.521764
 20
80.271813
 10
241.311286
 20
80.462154
 10
241.027219
 20
80.667538
 10
240.676535
 20
80.939921
 10
240.292972
 20
81.308396
 10
239.525389
 20
82.205304
 10
239.190461
 20
82.669580
 10
238.920837
 20
83.101632
 10
238.741062
 20
83.469381
 10
238.675682
 20
83.740749
 10
238.704146
 20
83.796368
 10
238.786332
 20
83.801928
 10
239.092642
 20
83.673492
 10
239.556153
 20
83.376688
 10
240.138406
 20
82.932760
 10
241.122136
 20
82.202756
 10
242.138262
 20
81.585705
 10
243.199263
 20
81.074829
 10
244.317616
 20
80.663353
 10
244.535500
 20
80.571052
 10
244.686116
 20
80.459858
 10
244.770530
 20
80.339386
 10
244.789808
 20
80.219254
 10
244.745015
 20
80.109078
 10
244.637216
 20
80.018475
 10
244.467478
 20
79.957061
 10
244.236864
 20
79.934452
 10
243.860023
 20
79.983460
 10
243.407690
 20
80.121783
 10
242.903004
 20
80.336369
 10
242.369102
 20
80.614165
 10
241.829124
 20
80.942122
 10
241.306208
 20
81.307186
 10
240.823490
 20
81.696306
 10
240.404111
 20
82.096430
 10
239.713436
 20
82.739320
 10
239.470605
 20
82.902165
 10
239.342554
 20
82.923107
 10
239.307865
 20
82.813184
 10
239.363503
 20
82.655133
 10
239.499068
 20
82.456575
 10
239.704159
 20
82.225127
 10
240.281319
 20
81.694042
 10
241.011777
 20
81.122833
 10
241.812328
 20
80.572454
 10
242.599769
 20
80.103859
 10
243.290894
 20
79.778003
 10
243.574337
 20
79.687649
 10
243.802499
 20
79.655838
 10
243.965643
 20
79.633901
 10
244.120636
 20
79.574067
 10
244.374939
 20
79.376573
 10
244.458630
 20
79.256845
 10
244.502938
 20
79.135085
 10
244.500053
 20
79.020258
 10
244.442168
 20
78.921331
 10
244.295529
 20
78.913926
 10
243.999912
 20
78.997413
 10
243.133506
 20
79.377224
 10
242.267107
 20
79.757042
 10
241.971498
 20
79.840537
 10
241.824871
 20
79.833144
 10
241.829978
 20
79.787820
 10
241.899050
 20
79.712354
 10
242.204651
 20
79.487096
 10
243.314594
 20
78.851959
 10
243.986543
 20
78.484984
 10
244.383978
 20
78.219441
 10
244.479289
 20
78.125090
 10
244.505414
 20
78.056556
 10
244.462167
 20
78.013994
 10
244.349363
 20
77.997557
 10
243.986525
 20
78.080339
 10
243.438541
 20
78.315642
 10
242.779729
 20
78.667319
  0
LWPOLYLINE
  8
ENGRAVE_RED
 62
1
 90
505
 70
1
 10
284.822597
 20
78.889650
 10
284.721461
 20
79.291565
 10
284.674150
 20
79.591215
 10
284.698197
 20
79.797438
 10
284.811140
 20
79.919075
 10
285.030514
 20
79.964968
 10
285.373855
 20
79.943955
 10
286.502581
 20
79.736576
 10
287.403739
 20
79.577245
 10
288.061134
 20
79.511335
 10
288.471244
 20
79.526541
 10
288.582466
 20
79.560717
 10
288.630546
 20
79.610556
 10
288.615043
 20
79.674521
 10
288.535518
 20
79.751074
 10
288.182636
 20
79.935789
 10
287.568379
 20
80.152394
 10
286.689223
 20
80.388585
 10
284.507684
 20
80.909601
 10
284.358611
 20
82.024057
 10
284.189984
 20
82.913446
 10
284.089390
 20
83.263618
 10
283.993900
 20
83.486781
 10
283.834646
 20
83.670384
 10
283.632235
 20
83.781372
 10
283.390646
 20
83.820650
 10
283.113859
 20
83.789124
 10
282.805855
 20
83.687698
 10
282.470614
 20
83.517276
 10
282.112117
 20
83.278765
 10
281.734343
 20
82.973069
 10
280.752603
 20
82.111089
 10
278.954638
 20
83.837585
 10
278.153000
 20
84.674740
 10
277.405275
 20
85.590403
 10
276.719349
 20
86.570265
 10
276.103112
 20
87.600017
 10
275.564449
 20
88.665349
 10
275.111250
 20
89.751952
 10
274.751401
 20
90.845518
 10
274.492791
 20
91.931737
 10
274.208360
 20
93.254096
 10
273.982944
 20
93.964111
 10
273.897983
 20
94.077914
 10
273.863422
 20
94.072488
 10
273.834516
 20
94.024738
 10
273.794788
 20
93.799954
 10
273.781046
 20
93.398930
 10
273.829207
 20
92.751517
 10
273.964016
 20
91.950658
 10
274.170961
 20
91.045264
 10
274.435529
 20
90.084250
 10
274.743209
 20
89.116528
 10
275.079487
 20
88.191010
 10
275.429853
 20
87.356610
 10
275.779793
 20
86.662240
 10
276.270568
 20
85.906273
 10
276.947100
 20
85.011078
 10
277.720122
 20
84.088593
 10
278.500363
 20
83.250757
 10
279.473182
 20
82.243976
 10
279.782389
 20
81.885287
 10
279.990735
 20
81.595064
 10
280.111175
 20
81.352306
 10
280.156663
 20
81.136012
 10
280.140155
 20
80.925183
 10
280.074605
 20
80.698815
 10
279.906589
 20
80.354971
 10
279.669817
 20
80.116265
 10
279.335183
 20
79.962720
 10
278.873584
 20
79.874356
 10
278.494867
 20
79.849147
 10
278.163873
 20
79.862250
 10
277.916237
 20
79.909923
 10
277.787593
 20
79.988425
 10
277.756967
 20
80.075648
 10
277.776211
 20
80.147077
 10
277.840201
 20
80.195341
 10
277.943812
 20
80.213066
 10
278.058377
 20
80.235824
 10
278.152196
 20
80.297789
 10
278.215588
 20
80.389497
 10
278.238870
 20
80.501484
 10
278.206905
 20
80.613316
 10
278.108721
 20
80.650593
 10
277.940883
 20
80.613316
 10
277.699958
 20
80.501484
 10
277.439798
 20
80.390488
 10
277.129824
 20
80.301480
 10
276.808890
 20
80.243511
 10
276.515848
 20
80.225633
 10
276.191123
 20
80.243186
 10
276.117786
 20
80.263724
 10
276.105970
 20
80.296574
 10
276.273418
 20
80.412619
 10
276.706493
 20
80.618145
 10
277.144770
 20
80.829244
 10
277.228950
 20
80.891260
 10
277.213480
 20
80.927777
 10
276.854562
 20
80.934876
 10
276.009958
 20
80.871675
 10
275.138632
 20
80.805546
 10
274.775374
 20
80.815317
 10
274.763987
 20
80.857528
 10
274.855275
 20
80.929349
 10
275.313423
 20
81.176003
 10
276.149265
 20
81.606749
 10
275.126188
 20
81.458587
 10
274.717826
 20
81.419054
 10
274.362238
 20
81.420940
 10
274.097620
 20
81.461623
 10
273.962165
 20
81.538483
 10
273.962588
 20
81.631597
 10
274.067933
 20
81.716540
 10
274.259891
 20
81.783929
 10
274.520153
 20
81.824384
 10
275.141140
 20
81.936515
 10
275.652664
 20
82.124872
 10
275.724813
 20
82.176473
 10
275.739157
 20
82.217531
 10
275.600137
 20
82.267376
 10
275.247021
 20
82.273119
 10
274.691228
 20
82.233468
 10
274.095292
 20
82.198943
 10
273.618176
 20
82.218411
 10
273.280847
 20
82.289544
 10
273.104269
 20
82.410010
 10
273.076398
 20
82.482982
 10
273.087868
 20
82.547826
 10
273.228170
 20
82.652862
 10
273.523844
 20
82.724579
 10
273.973562
 20
82.762440
 10
275.034809
 20
82.804284
 10
273.781046
 20
82.999206
 10
272.527283
 20
83.194129
 10
273.572085
 20
83.235973
 10
273.977762
 20
83.268868
 10
274.309977
 20
83.327499
 10
274.534446
 20
83.403571
 10
274.616888
 20
83.488789
 10
274.591298
 20
83.529133
 10
274.517958
 20
83.562835
 10
274.248595
 20
83.608493
 10
273.849937
 20
83.622111
 10
273.363125
 20
83.600040
 10
272.808565
 20
83.576465
 10
272.417435
 20
83.607672
 10
272.185709
 20
83.694422
 10
272.128365
 20
83.758863
 10
272.109362
 20
83.837475
 10
272.170109
 20
83.975133
 10
272.348970
 20
84.059918
 10
272.640874
 20
84.090585
 10
273.040748
 20
84.065892
 10
273.439183
 20
84.049573
 10
273.804779
 20
84.090839
 10
274.106162
 20
84.183396
 10
274.311962
 20
84.320948
 10
274.440262
 20
84.517295
 10
274.442893
 20
84.603677
 10
274.400776
 20
84.686928
 10
274.171104
 20
84.858220
 10
273.728846
 20
85.059542
 10
272.387976
 20
85.612371
 10
272.331329
 20
85.645306
 10
272.331264
 20
85.670569
 10
272.485792
 20
85.697426
 10
273.307837
 20
85.651925
 10
273.843244
 20
85.613098
 10
274.210641
 20
85.622381
 10
274.411599
 20
85.675910
 10
274.450153
 20
85.718060
 10
274.447685
 20
85.769823
 10
274.320469
 20
85.900260
 10
274.031519
 20
86.063357
 10
273.582404
 20
86.255253
 10
272.974693
 20
86.472086
 10
272.438627
 20
86.665225
 10
271.990299
 20
86.865398
 10
271.615151
 20
87.086450
 10
271.298627
 20
87.342224
 10
271.026169
 20
87.646563
 10
270.783220
 20
88.013311
 10
270.555225
 20
88.456311
 10
270.327625
 20
88.989407
 10
269.883465
 20
90.103864
 10
270.446152
 20
89.437512
 10
270.880161
 20
89.003515
 10
271.040683
 20
88.899985
 10
271.133478
 20
88.895802
 10
271.112650
 20
89.028176
 10
270.963802
 20
89.296464
 10
270.380835
 20
90.084736
 10
270.037303
 20
90.537354
 10
269.750457
 20
90.982968
 10
269.550291
 20
91.370284
 10
269.466795
 20
91.648007
 10
269.420822
 20
91.882055
 10
269.322837
 20
92.150460
 10
269.187221
 20
92.420086
 10
269.028361
 20
92.657800
 10
268.923941
 20
92.825434
 10
268.935382
 20
92.853512
 10
268.988348
 20
92.844764
 10
269.216131
 20
92.717796
 10
269.601836
 20
92.446541
 10
270.033608
 20
92.085758
 10
270.488365
 20
91.637210
 10
270.912011
 20
91.158031
 10
271.250450
 20
90.705351
 10
271.759358
 20
90.018877
 10
271.940063
 20
89.835942
 10
272.037183
 20
89.799507
 10
272.069890
 20
89.862585
 10
272.073446
 20
89.953786
 10
272.001523
 20
90.208150
 10
271.838247
 20
90.537795
 10
271.600450
 20
90.917915
 10
270.968624
 20
91.730350
 10
270.608259
 20
92.113055
 10
270.240703
 20
92.447008
 10
269.621351
 20
92.987711
 10
269.466869
 20
93.154586
 10
269.415867
 20
93.254071
 10
269.468361
 20
93.287364
 10
269.624362
 20
93.255661
 10
270.246943
 20
93.002053
 10
270.568959
 20
92.786220
 10
270.949480
 20
92.424661
 10
271.340961
 20
91.967781
 10
271.695861
 20
91.465982
 10
272.222502
 20
90.715502
 10
272.417808
 20
90.496683
 10
272.557027
 20
90.387412
 10
272.632100
 20
90.391638
 10
272.634969
 20
90.513312
 10
272.557576
 20
90.756384
 10
272.391862
 20
91.124804
 10
272.223970
 20
91.476034
 10
272.195805
 20
91.588015
 10
272.641706
 20
91.079013
 10
272.904498
 20
90.782110
 10
273.082155
 20
90.642624
 10
273.141837
 20
90.630662
 10
273.183570
 20
90.656555
 10
273.217633
 20
90.819902
 10
273.138414
 20
91.085100
 10
272.918152
 20
91.483816
 10
272.590583
 20
91.962045
 10
272.189440
 20
92.465779
 10
271.628719
 20
93.170550
 10
271.443325
 20
93.471867
 10
271.308674
 20
93.773915
 10
271.215343
 20
94.102773
 10
271.153907
 20
94.484524
 10
271.089022
 20
95.511030
 10
271.022996
 20
97.347828
 10
271.292701
 20
95.833541
 10
271.552129
 20
94.578515
 10
271.643059
 20
94.306265
 10
271.678275
 20
94.258075
 10
271.706447
 20
94.268173
 10
271.741026
 20
94.462224
 10
271.745533
 20
94.886404
 10
271.659270
 20
96.417098
 10
271.605970
 20
97.406976
 10
271.603914
 20
98.259181
 10
271.651028
 20
98.904750
 10
271.745236
 20
99.274719
 10
271.871298
 20
99.417389
 10
271.918389
 20
99.392394
 10
271.955776
 20
99.299580
 10
272.004212
 20
98.899702
 10
272.022150
 20
98.196167
 10
272.075019
 20
97.048240
 10
272.127747
 20
96.662394
 10
272.190630
 20
96.477165
 10
272.341988
 20
96.375622
 10
272.483294
 20
96.377052
 10
272.611425
 20
96.474499
 10
272.723260
 20
96.661007
 10
272.815678
 20
96.929621
 10
272.885555
 20
97.273384
 10
272.945204
 20
98.158537
 10
272.965197
 20
98.750827
 10
273.021546
 20
99.329519
 10
273.108805
 20
99.874462
 10
273.221526
 20
100.365507
 10
273.354263
 20
100.782506
 10
273.501570
 20
101.105309
 10
273.657999
 20
101.313767
 10
273.818104
 20
101.387731
 10
273.902198
 20
101.347947
 10
273.925276
 20
101.236730
 10
273.887955
 20
101.066286
 10
273.790852
 20
100.848819
 10
273.681859
 20
100.566676
 10
273.598302
 20
100.196845
 10
273.548402
 20
99.787319
 10
273.540375
 20
99.386095
 10
273.593953
 20
98.783128
 10
273.635603
 20
98.853072
 10
273.695212
 20
99.158819
 10
273.900129
 20
100.106673
 10
274.152572
 20
100.892155
 10
274.408179
 20
101.402144
 10
274.523304
 20
101.518479
 10
274.622585
 20
101.523520
 10
274.683886
 20
101.390311
 10
274.673820
 20
101.136990
 10
274.597697
 20
100.799916
 10
274.460823
 20
100.415446
 10
274.306262
 20
99.902919
 10
274.186935
 20
99.226246
 10
274.113719
 20
98.466572
 10
274.097493
 20
97.705046
 10
274.135321
 20
95.954758
 10
274.344888
 20
97.943667
 10
274.460445
 20
98.849343
 10
274.593095
 20
99.590056
 10
274.732031
 20
100.145580
 10
274.866451
 20
100.495688
 10
274.928590
 20
100.587390
 10
274.985547
 20
100.620154
 10
275.035973
 20
100.591450
 10
275.078517
 20
100.498751
 10
275.134554
 20
100.111253
 10
275.142853
 20
99.437433
 10
275.137116
 20
98.168526
 10
275.190026
 20
97.523745
 10
275.236985
 20
97.441426
 10
275.296819
 20
97.522367
 10
275.452730
 20
98.183670
 10
275.652270
 20
99.298126
 10
275.728485
 20
97.765749
 10
275.775531
 20
96.947806
 10
275.824085
 20
96.610083
 10
275.855508
 20
96.608275
 10
275.895206
 20
96.710887
 10
276.009958
 20
97.208521
 10
276.215218
 20
98.183670
 10
276.261767
 20
96.929907
 10
276.295508
 20
96.226443
 10
276.354475
 20
95.932163
 10
276.405794
 20
95.922961
 10
276.478270
 20
95.997448
 10
276.706493
 20
96.372679
 10
276.897120
 20
96.681369
 10
277.021410
 20
96.815495
 10
277.062082
 20
96.818845
 10
277.090254
 20
96.780654
 10
277.114540
 20
96.582443
 10
277.041427
 20
96.308269
 10
276.835062
 20
95.921595
 10
276.527117
 20
95.473808
 10
276.149265
 20
95.016299
 10
275.825426
 20
94.631753
 10
275.562270
 20
94.266239
 10
275.363280
 20
93.929694
 10
275.231938
 20
93.632055
 10
275.171729
 20
93.383261
 10
275.186135
 20
93.193247
 10
275.278641
 20
93.071951
 10
275.452730
 20
93.029311
 10
275.560910
 20
93.046630
 10
275.649501
 20
93.093785
 10
275.709359
 20
93.163575
 10
275.731344
 20
93.248798
 10
275.798329
 20
93.410134
 10
275.980716
 20
93.687167
 10
276.580269
 20
94.432907
 10
277.429197
 20
95.397530
 10
276.678805
 20
94.207758
 10
276.191594
 20
93.324728
 10
276.076654
 20
93.022836
 10
276.073955
 20
92.872446
 10
276.114868
 20
92.863003
 10
276.175612
 20
92.892455
 10
276.344816
 20
93.054524
 10
276.791664
 20
93.696661
 10
277.086822
 20
94.110937
 10
277.467505
 20
94.522041
 10
277.884583
 20
94.882461
 10
278.288927
 20
95.144682
 10
278.793064
 20
95.398937
 10
279.021562
 20
95.483662
 10
279.045372
 20
95.462445
 10
279.015784
 20
95.398839
 10
278.817095
 20
95.144450
 10
278.624325
 20
94.889737
 10
278.593130
 20
94.813623
 10
278.610260
 20
94.768110
 10
278.804094
 20
94.758210
 10
279.235016
 20
94.838680
 10
279.687637
 20
94.930101
 10
279.856963
 20
94.937913
 10
279.758110
 20
94.843552
 10
279.406195
 20
94.628454
 10
279.098495
 20
94.408654
 10
278.793778
 20
94.124288
 10
278.503856
 20
93.793070
 10
278.240542
 20
93.432712
 10
278.015648
 20
93.060928
 10
277.840984
 20
92.695433
 10
277.728363
 20
92.353940
 10
277.689597
 20
92.054162
 10
277.727254
 20
91.898678
 10
277.771749
 20
91.899675
 10
277.832367
 20
91.952049
 10
277.999021
 20
92.207578
 10
278.221302
 20
92.658566
 10
278.471999
 20
93.134174
 10
278.764698
 20
93.570431
 10
279.063005
 20
93.919005
 10
279.330523
 20
94.131563
 10
279.653006
 20
94.289270
 10
279.732051
 20
94.298433
 10
279.755607
 20
94.247843
 10
279.634175
 20
93.927523
 10
279.284557
 20
93.248548
 10
278.973218
 20
92.556334
 10
278.781117
 20
91.830958
 10
278.683795
 20
90.935425
 10
278.656791
 20
89.732742
 10
278.673860
 20
88.397264
 10
278.710122
 20
87.953177
 10
278.778135
 20
87.612494
 10
278.887847
 20
87.340941
 10
279.049210
 20
87.104245
 10
279.566683
 20
86.598333
 10
279.996934
 20
86.239661
 10
280.367226
 20
85.984294
 10
280.674610
 20
85.832195
 10
280.916138
 20
85.783323
 10
281.088861
 20
85.837642
 10
281.189832
 20
85.995111
 10
281.216101
 20
86.255692
 10
281.164720
 20
86.619345
 10
281.108625
 20
87.013369
 10
281.127292
 20
87.349340
 10
281.221478
 20
87.631417
 10
281.391944
 20
87.863757
 10
281.614430
 20
88.049087
 10
281.695895
 20
88.071158
 10
281.763444
 20
88.040592
 10
281.874604
 20
87.804831
 10
281.983532
 20
87.308364
 10
282.096458
 20
86.859706
 10
282.245275
 20
86.560797
 10
282.442943
 20
86.394221
 10
282.702423
 20
86.342566
 10
282.971754
 20
86.367869
 10
283.051207
 20
86.406761
 10
283.096254
 20
86.469599
 10
283.090336
 20
86.686480
 10
282.968412
 20
87.057240
 10
282.782973
 20
87.699874
 10
282.718689
 20
88.241349
 10
282.748312
 20
88.373319
 10
282.813215
 20
88.363206
 10
282.906314
 20
88.217977
 10
283.020521
 20
87.944596
 10
283.150103
 20
87.647099
 10
283.296058
 20
87.403475
 10
283.440504
 20
87.238865
 10
283.565557
 20
87.178408
 10
283.649373
 20
87.220982
 10
283.669778
 20
87.339662
 10
283.627751
 20
87.520883
 10
283.524270
 20
87.751081
 10
283.415125
 20
87.999701
 10
283.344514
 20
88.253298
 10
283.318394
 20
88.482161
 10
283.342721
 20
88.656577
 10
283.397005
 20
88.771531
 10
283.453558
 20
88.811067
 10
283.518952
 20
88.759449
 10
283.599759
 20
88.600941
 10
283.833899
 20
87.900304
 10
284.208552
 20
86.583265
 10
284.488093
 20
85.782996
 10
284.873291
 20
85.009567
 10
285.359759
 20
84.267749
 10
285.943113
 20
83.562310
 10
286.618967
 20
82.898022
 10
287.382937
 20
82.279654
 10
288.230637
 20
81.711976
 10
289.157682
 20
81.199758
 10
289.964503
 20
80.816641
 10
290.703307
 20
80.502901
 10
291.292321
 20
80.290915
 10
291.649774
 20
80.213058
 10
291.851601
 20
80.195165
 10
292.016879
 20
80.146447
 10
292.128554
 20
80.074344
 10
292.169569
 20
79.986298
 10
292.099909
 20
79.926262
 10
291.900261
 20
79.842253
 10
291.166994
 20
79.617679
 10
290.081760
 20
79.343303
 10
288.756548
 20
79.049853
 10
285.167062
 20
78.301464
 10
285.085288
 20
78.335907
 10
284.993084
 20
78.458281
 10
284.822597
 20
78.889641
  0
LWPOLYLINE
  8
ENGRAVE_RED
 62
1
 90
10
 70
1
 10
270.933201
 20
90.846208
 10
270.837456
 20
91.006031
 10
270.656705
 20
91.201366
 10
270.143795
 20
91.599679
 10
269.462529
 20
92.028724
 10
270.137976
 20
91.275256
 10
270.593844
 20
90.793065
 10
270.873028
 20
90.563690
 10
270.948853
 20
90.542467
 10
270.983494
 20
90.582836
  0
LWPOLYLINE
  8
ENGRAVE_RED
 62
1
 90
14
 70
1
 10
278.182125
 20
94.156438
 10
278.306588
 20
94.386931
 10
278.356788
 20
94.557966
 10
278.332247
 20
94.664377
 10
278.232488
 20
94.700995
 10
278.106976
 20
94.667070
 10
277.979409
 20
94.574701
 10
277.864704
 20
94.437995
 10
277.777784
 20
94.271059
 10
277.681115
 20
93.890910
 10
277.694162
 20
93.785323
 10
277.741760
 20
93.737867
 10
277.819133
 20
93.749896
 10
277.921502
 20
93.822765
  0
LWPOLYLINE
  8
ENGRAVE_RED
 62
1
 90
14
 70
1
 10
268.069459
 20
78.950666
 10
268.741615
 20
79.434541
 10
269.009781
 20
79.581737
 10
269.183915
 20
79.635799
 10
269.222823
 20
79.621815
 10
269.226142
 20
79.581737
 10
269.135157
 20
79.434541
 10
268.626687
 20
78.950666
 10
267.954531
 20
78.466794
 10
267.686365
 20
78.319598
 10
267.512231
 20
78.265537
 10
267.473323
 20
78.279521
 10
267.470003
 20
78.319598
 10
267.560988
 20
78.466794
  0
LWPOLYLINE
  8
ENGRAVE_RED
 62
1
 90
16
 70
1
 10
313.373743
 20
79.813702
 10
313.361155
 20
79.844591
 10
313.390635
 20
79.866931
 10
313.561426
 20
79.885860
 10
314.249728
 20
79.820000
 10
316.259905
 20
79.505747
 10
316.984308
 20
79.330801
 10
317.237832
 20
79.223931
 10
317.370324
 20
79.120963
 10
317.354598
 20
79.083398
 10
317.255390
 20
79.065675
 10
316.851333
 20
79.081990
 10
315.534306
 20
79.267299
 10
314.136143
 20
79.552626
 10
313.630666
 20
79.693964
 10
313.373743
 20
79.813708
  0
LWPOLYLINE
  8
ENGRAVE_RED
 62
1
 90
8
 70
1
 10
312.508391
 20
79.516531
 10
312.549312
 20
79.614917
 10
312.647698
 20
79.655838
 10
312.746083
 20
79.614917
 10
312.787005
 20
79.516531
 10
312.746083
 20
79.418146
 10
312.647698
 20
79.377224
 10
312.549312
 20
79.418146
  0
LWPOLYLINE
  8
ENGRAVE_RED
 62
1
 90
12
 70
1
 10
312.601262
 20
80.120195
 10
312.688039
 20
80.177659
 10
312.787005
 20
80.196814
 10
312.885971
 20
80.177659
 10
312.972747
 20
80.120195
 10
313.015555
 20
80.048075
 10
312.994804
 20
79.989014
 10
312.916589
 20
79.949109
 10
312.787005
 20
79.934452
 10
312.657420
 20
79.949109
 10
312.579205
 20
79.989014
 10
312.558454
 20
80.048075
  0
LWPOLYLINE
  8
ENGRAVE_RED
 62
1
 90
8
 70
1
 10
311.672549
 20
80.352373
 10
311.713470
 20
80.450759
 10
311.811856
 20
80.491680
 10
311.910241
 20
80.450759
 10
311.951163
 20
80.352373
 10
311.910241
 20
80.253988
 10
311.811856
 20
80.213066
 10
311.713470
 20
80.253988
  0
LWPOLYLINE
  8
ENGRAVE_RED
 62
1
 90
8
 70
1
 10
310.279479
 20
80.352373
 10
310.320400
 20
80.450759
 10
310.418786
 20
80.491680
 10
310.517171
 20
80.450759
 10
310.558093
 20
80.352373
 10
310.517171
 20
80.253988
 10
310.418786
 20
80.213066
 10
310.320400
 20
80.253988
  0
LWPOLYLINE
  8
ENGRAVE_RED
 62
1
 90
8
 70
1
 10
304.707199
 20
80.352373
 10
304.748120
 20
80.450759
 10
304.846506
 20
80.491680
 10
304.944892
 20
80.450759
 10
304.985813
 20
80.352373
 10
304.944892
 20
80.253988
 10
304.846506
 20
80.213066
 10
304.748120
 20
80.253988
  0
LWPOLYLINE
  8
ENGRAVE_RED
 62
1
 90
166
 70
1
 10
293.166537
 20
80.603915
 10
292.709416
 20
80.840251
 10
292.156281
 20
81.194814
 10
291.576877
 20
81.619609
 10
291.040950
 20
82.066639
 10
290.554876
 20
82.484076
 10
290.241977
 20
82.706476
 10
290.152602
 20
82.743359
 10
290.109083
 20
82.730070
 10
290.163026
 20
82.551088
 10
290.342021
 20
82.285156
 10
290.598572
 20
81.995326
 10
290.898413
 20
81.716611
 10
291.207280
 20
81.484025
 10
291.592215
 20
81.210359
 10
291.795850
 20
81.017466
 10
291.829991
 20
80.904917
 10
291.706446
 20
80.872286
 10
291.437022
 20
80.919146
 10
291.033527
 20
81.045067
 10
289.871549
 20
81.532388
 10
289.043708
 20
81.949400
 10
288.294020
 20
82.389771
 10
287.620074
 20
82.855670
 10
287.019459
 20
83.349266
 10
286.489765
 20
83.872729
 10
286.028581
 20
84.428228
 10
285.633496
 20
85.017932
 10
285.302100
 20
85.644011
 10
284.909473
 20
86.622957
 10
284.786457
 20
87.061729
 10
284.711546
 20
87.472631
 10
284.684171
 20
87.860112
 10
284.703760
 20
88.228621
 10
284.769744
 20
88.582606
 10
284.881553
 20
88.926516
 10
284.993376
 20
89.137708
 10
285.047238
 20
89.170049
 10
285.103560
 20
89.150533
 10
285.235054
 20
88.946870
 10
285.410812
 20
88.508595
 10
285.578204
 20
88.034295
 10
285.624744
 20
87.830758
 10
285.601122
 20
87.822806
 10
285.545400
 20
87.873281
 10
285.335139
 20
88.137162
 10
285.148819
 20
88.360854
 10
285.022418
 20
88.457518
 10
284.951061
 20
88.428831
 10
284.929872
 20
88.276469
 10
284.997673
 20
87.858363
 10
285.075826
 20
87.685284
 10
285.180880
 20
87.539100
 10
285.310885
 20
87.421994
 10
285.463890
 20
87.336152
 10
285.637946
 20
87.283757
 10
285.831101
 20
87.266992
 10
286.164803
 20
87.273717
 10
286.246628
 20
87.309259
 10
286.270504
 20
87.392985
 10
286.140620
 20
87.785186
 10
285.767565
 20
88.610713
 10
285.554647
 20
89.126264
 10
285.382315
 20
89.632165
 10
285.268210
 20
90.070282
 10
285.229971
 20
90.382478
 10
285.265375
 20
90.525453
 10
285.353356
 20
90.473022
 10
285.484394
 20
90.237695
 10
285.648972
 20
89.831980
 10
286.027121
 20
88.965830
 10
286.213578
 20
88.637111
 10
286.366881
 20
88.438910
 10
286.499676
 20
88.337391
 10
286.559600
 20
88.345913
 10
286.548289
 20
88.468905
 10
286.467380
 20
88.710793
 10
286.200022
 20
89.469095
 10
286.097088
 20
89.938197
 10
286.106109
 20
90.082609
 10
286.154833
 20
90.176693
 10
286.242792
 20
90.227772
 10
286.369517
 20
90.243171
 10
286.551092
 20
90.164580
 10
286.753892
 20
89.950594
 10
286.953157
 20
89.633895
 10
287.124125
 20
89.247164
 10
287.305427
 20
88.788656
 10
287.449461
 20
88.504157
 10
287.552350
 20
88.382189
 10
287.587152
 20
88.378567
 10
287.610214
 20
88.411273
 10
287.619174
 20
88.579931
 10
287.575351
 20
88.876685
 10
287.313841
 20
89.808568
 10
287.010288
 20
90.859938
 10
286.922412
 20
91.289006
 10
286.895441
 20
91.576325
 10
286.909700
 20
91.641958
 10
286.942985
 20
91.644511
 10
287.058003
 20
91.476935
 10
287.421415
 20
90.566970
 10
287.876375
 20
89.421524
 10
288.090488
 20
88.999052
 10
288.259045
 20
88.755978
 10
288.316582
 20
88.714490
 10
288.351463
 20
88.722779
 10
288.355480
 20
88.875119
 10
288.275548
 20
89.185857
 10
288.116116
 20
89.627849
 10
287.945667
 20
90.105749
 10
287.832063
 20
90.523087
 10
287.785186
 20
90.834955
 10
287.814920
 20
90.996445
 10
287.856421
 20
91.011779
 10
287.908213
 20
90.988576
 10
288.034398
 20
90.839314
 10
288.176925
 20
90.574181
 10
288.319246
 20
90.218697
 10
288.761755
 20
89.090439
 10
289.289305
 20
87.994814
 10
289.896174
 20
86.939658
 10
290.576642
 20
85.932810
 10
291.324989
 20
84.982105
 10
292.135496
 20
84.095381
 10
293.002441
 20
83.280476
 10
293.920104
 20
82.545225
 10
294.533768
 20
82.072414
 10
294.981847
 20
81.685223
 10
295.221958
 20
81.423607
 10
295.250782
 20
81.352376
 10
295.211721
 20
81.327522
 10
295.102734
 20
81.297984
 10
295.098433
 20
81.214665
 10
295.195354
 20
81.085509
 10
295.390034
 20
80.918462
 10
295.664217
 20
80.694543
 10
295.779023
 20
80.560184
 10
295.778879
 20
80.525889
 10
295.741555
 20
80.513143
 10
295.558918
 20
80.551177
 10
294.786550
 20
80.873500
 10
293.518752
 20
81.509211
 10
292.579138
 20
82.058415
 10
291.687750
 20
82.692529
 10
290.848422
 20
83.408563
 10
290.064989
 20
84.203524
 10
288.993324
 20
85.311015
 10
288.667320
 20
85.588200
 10
288.578558
 20
85.637331
 10
288.547587
 20
85.619081
 10
288.577127
 20
85.478641
 10
288.662327
 20
85.299559
 10
288.979189
 20
84.845216
 10
289.457141
 20
84.295549
 10
290.055150
 20
83.690056
 10
290.732182
 20
83.068233
 10
291.447204
 20
82.469578
 10
292.159184
 20
81.933588
 10
292.827087
 20
81.499761
 10
294.133655
 20
80.705800
 10
294.677095
 20
80.315652
 10
294.649596
 20
80.252968
 10
294.569326
 20
80.219764
 10
294.263830
 20
80.239245
 10
293.787328
 20
80.368995
  0
LWPOLYLINE
  8
ENGRAVE_RED
 62
1
 90
16
 70
1
 10
294.565684
 20
81.692176
 10
293.692593
 20
82.328781
 10
292.336773
 20
83.393297
 10
291.580458
 20
83.990024
 10
291.197008
 20
84.257620
 10
291.139196
 20
84.271086
 10
291.167506
 20
84.205980
 10
291.473034
 20
83.844994
 10
292.354338
 20
82.986403
 10
293.347076
 20
82.172932
 10
294.231673
 20
81.570221
 10
294.564801
 20
81.399662
 10
294.788552
 20
81.343908
 10
294.865779
 20
81.376452
 10
294.849501
 20
81.452965
 10
294.747032
 20
81.562017
  0
LWPOLYLINE
  8
ENGRAVE_RED
 62
1
 90
12
 70
1
 10
310.929578
 20
80.677423
 10
311.016355
 20
80.734887
 10
311.115321
 20
80.754042
 10
311.214287
 20
80.734887
 10
311.301064
 20
80.677423
 10
311.343871
 20
80.605303
 10
311.323120
 20
80.546242
 10
311.244905
 20
80.506337
 10
311.115321
 20
80.491680
 10
310.985736
 20
80.506337
 10
310.907521
 20
80.546242
 10
310.886770
 20
80.605303
  0
LWPOLYLINE
  8
ENGRAVE_RED
 62
1
 90
8
 70
1
 10
309.722251
 20
80.630987
 10
309.763172
 20
80.729373
 10
309.861558
 20
80.770294
 10
309.959943
 20
80.729373
 10
310.000865
 20
80.630987
 10
309.959943
 20
80.532602
 10
309.861558
 20
80.491680
 10
309.763172
 20
80.532602
  0
LWPOLYLINE
  8
ENGRAVE_RED
 62
1
 90
19
 70
1
 10
299.942911
 20
81.361429
 10
298.756497
 20
82.283939
 10
297.569294
 20
83.336578
 10
296.588457
 20
84.324382
 10
296.240163
 20
84.733044
 10
296.021144
 20
85.052385
 10
295.998336
 20
85.124256
 10
296.043547
 20
85.128001
 10
296.315050
 20
84.948889
 10
297.421553
 20
83.968716
 10
298.998549
 20
82.560525
 10
299.779332
 20
81.918106
 10
300.423631
 20
81.427963
 10
301.269722
 20
80.766713
 10
301.461757
 20
80.565559
 10
301.485221
 20
80.510790
 10
301.454677
 20
80.491680
 10
301.246953
 20
80.560309
 10
300.892681
 20
80.747170
  0
LWPOLYLINE
  8
ENGRAVE_RED
 62
1
 90
10
 70
1
 10
296.488086
 20
80.770294
 10
296.407397
 20
80.967066
 10
296.414698
 20
81.026924
 10
296.455201
 20
81.048908
 10
296.604168
 20
80.967066
 10
296.766700
 20
80.770294
 10
296.847389
 20
80.573523
 10
296.840089
 20
80.513665
 10
296.799585
 20
80.491680
 10
296.650618
 20
80.573523
  0
LWPOLYLINE
  8
ENGRAVE_RED
 62
1
 90
15
 70
1
 10
252.995443
 20
80.979255
 10
252.934129
 20
81.528212
 10
252.799305
 20
82.163364
 10
252.748545
 20
82.396009
 10
252.751245
 20
82.439480
 10
252.772287
 20
82.434745
 10
253.034194
 20
81.939159
 10
253.185233
 20
81.560869
 10
253.284468
 20
81.211519
 10
253.323391
 20
80.929961
 10
253.293494
 20
80.755049
 10
253.150954
 20
80.554443
 10
253.100416
 20
80.515503
 10
253.061711
 20
80.518965
 10
253.013847
 20
80.657580
  0
LWPOLYLINE
  8
ENGRAVE_RED
 62
1
 90
8
 70
1
 10
310.279479
 20
80.909601
 10
310.320400
 20
81.007987
 10
310.418786
 20
81.048908
 10
310.517171
 20
81.007987
 10
310.558093
 20
80.909601
 10
310.517171
 20
80.811216
 10
310.418786
 20
80.770294
 10
310.320400
 20
80.811216
  0
LWPOLYLINE
  8
ENGRAVE_RED
 62
1
 90
8
 70
1
 10
308.886409
 20
80.909601
 10
308.927330
 20
81.007987
 10
309.025716
 20
81.048908
 10
309.124101
 20
81.007987
 10
309.165023
 20
80.909601
 10
309.124101
 20
80.811216
 10
309.025716
 20
80.770294
 10
308.927330
 20
80.811216
  0
LWPOLYLINE
  8
ENGRAVE_RED
 62
1
 90
20
 70
1
 10
252.016046
 20
81.397176
 10
252.096904
 20
81.673559
 10
252.145774
 20
81.962675
 10
252.158839
 20
82.230243
 10
252.132286
 20
82.441978
 10
252.086312
 20
82.632551
 10
252.094047
 20
82.693151
 10
252.298229
 20
82.420937
 10
252.390230
 20
82.212791
 10
252.438852
 20
81.961393
 10
252.447736
 20
81.688628
 10
252.420524
 20
81.416383
 10
252.360858
 20
81.166540
 10
252.272380
 20
80.960985
 10
252.158731
 20
80.821604
 10
252.023554
 20
80.770280
 10
251.948952
 20
80.819745
 10
251.922668
 20
80.954426
 10
251.944948
 20
81.153755
 10
252.016037
 20
81.397161
  0
LWPOLYLINE
  8
ENGRAVE_RED
 62
1
 90
21
 70
1
 10
242.605440
 20
81.754109
 10
241.587832
 20
82.292350
 10
241.312545
 20
82.490358
 10
241.252708
 20
82.559386
 10
241.252142
 20
82.603783
 10
241.394827
 20
82.616719
 10
241.672499
 20
82.541116
 10
242.472619
 20
82.179922
 10
242.938086
 20
81.957131
 10
243.414057
 20
81.774686
 10
243.844700
 20
81.651412
 10
244.174182
 20
81.606136
 10
244.419191
 20
81.584152
 10
244.619832
 20
81.524294
 10
244.755400
 20
81.435703
 10
244.805190
 20
81.327522
 10
244.777074
 20
81.188701
 10
244.689151
 20
81.102699
 10
244.536060
 20
81.070556
 10
244.312440
 20
81.093311
 10
243.632167
 20
81.307675
  0
LWPOLYLINE
  8
ENGRAVE_RED
 62
1
 90
14
 70
1
 10
251.423735
 20
82.024057
 10
251.549153
 20
82.515985
 10
251.611728
 20
82.665631
 10
251.663712
 20
82.720592
 10
251.705191
 20
82.665631
 10
251.739159
 20
82.515985
 10
251.770540
 20
82.024057
 10
251.751605
 20
81.753606
 10
251.700047
 20
81.532130
 10
251.623741
 20
81.382483
 10
251.530561
 20
81.327522
 10
251.447889
 20
81.382483
 10
251.400191
 20
81.532130
 10
251.390971
 20
81.753606
  0
LWPOLYLINE
  8
ENGRAVE_RED
 62
1
 90
8
 70
1
 10
245.641032
 20
83.695741
 10
245.681954
 20
83.794127
 10
245.780339
 20
83.835048
 10
245.878725
 20
83.794127
 10
245.919646
 20
83.695741
 10
245.878725
 20
83.597356
 10
245.780339
 20
83.556434
 10
245.681954
 20
83.597356
  0
LWPOLYLINE
  8
ENGRAVE_RED
 62
1
 90
17
 70
1
 10
271.592042
 20
84.640330
 10
271.465316
 20
84.745723
 10
271.399708
 20
84.855621
 10
271.399285
 20
84.957012
 10
271.468114
 20
85.036885
 10
271.643430
 20
85.075688
 10
271.938568
 20
85.070987
 10
272.728536
 20
84.961555
 10
273.518480
 20
84.769553
 10
273.813587
 20
84.661640
 10
273.988860
 20
84.555948
 10
274.009393
 20
84.511132
 10
273.977709
 20
84.474034
 10
273.782985
 20
84.422100
 10
273.045133
 20
84.401044
 10
272.179939
 20
84.478536
 10
271.826039
 20
84.549786
  0
LWPOLYLINE
  8
ENGRAVE_RED
 62
1
 90
15
 70
1
 10
315.185999
 20
86.235099
 10
316.624326
 20
87.249657
 10
316.783676
 20
87.362058
 10
316.863070
 20
87.372217
 10
316.866848
 20
87.275622
 10
316.799351
 20
87.067763
 10
316.649844
 20
86.843867
 10
316.375551
 20
86.580270
 10
316.015537
 20
86.309859
 10
315.608863
 20
86.065519
 10
314.750565
 20
85.647885
 10
314.501934
 20
85.557134
 10
314.377717
 20
85.543463
 10
314.380964
 20
85.605647
 10
314.514726
 20
85.742463
  0
LWPOLYLINE
  8
ENGRAVE_RED
 62
1
 90
12
 70
1
 10
282.510951
 20
87.085545
 10
282.583071
 20
87.128353
 10
282.642132
 20
87.107602
 10
282.682037
 20
87.029387
 10
282.696694
 20
86.899802
 10
282.682037
 20
86.770218
 10
282.642132
 20
86.692003
 10
282.583071
 20
86.671252
 10
282.510951
 20
86.714060
 10
282.453487
 20
86.800836
 10
282.434332
 20
86.899802
 10
282.453487
 20
86.998768
  0
LWPOLYLINE
  8
ENGRAVE_RED
 62
1
 90
9
 70
1
 10
282.225003
 20
88.496530
 10
282.275687
 20
88.621952
 10
282.318744
 20
88.599096
 10
282.363764
 20
88.153565
 10
282.330298
 20
87.663998
 10
282.288392
 20
87.593475
 10
282.235326
 20
87.660688
 10
282.175053
 20
88.047690
 10
282.224994
 20
88.496530
  0
LWPOLYLINE
  8
ENGRAVE_RED
 62
1
 90
11
 70
1
 10
286.406964
 20
91.131253
 10
286.468908
 20
91.244361
 10
286.519469
 20
91.252151
 10
286.555860
 20
91.157409
 10
286.575293
 20
90.962924
 10
286.541383
 20
90.635226
 10
286.492584
 20
90.574021
 10
286.428960
 20
90.597243
 10
286.375147
 20
90.691457
 10
286.353062
 20
90.823544
 10
286.406961
 20
91.131253
  0
LWPOLYLINE
  8
ENGRAVE_RED
 62
1
 90
8
 70
1
 10
285.855541
 20
91.427281
 10
285.910106
 20
91.507545
 10
285.954790
 20
91.468637
 10
285.996069
 20
91.079013
 10
285.954790
 20
90.689389
 10
285.910106
 20
90.650481
 10
285.855541
 20
90.730746
 10
285.797571
 20
91.079013
  0
LWPOLYLINE
  8
ENGRAVE_RED
 62
1
 90
8
 70
1
 10
286.318675
 20
91.775548
 10
286.359597
 20
91.873934
 10
286.457982
 20
91.914855
 10
286.556368
 20
91.873934
 10
286.597289
 20
91.775548
 10
286.556368
 20
91.677162
 10
286.457982
 20
91.636241
 10
286.359597
 20
91.677162
  0
LWPOLYLINE
  8
ENGRAVE_RED
 62
1
 90
11
 70
1
 10
272.582567
 20
100.301995
 10
272.624650
 20
100.306148
 10
272.658537
 20
100.230824
 10
272.700294
 20
99.870987
 10
272.704978
 20
99.280983
 10
272.669727
 20
98.519304
 10
272.533557
 20
96.511986
 10
272.446398
 20
98.294680
 10
272.430180
 20
99.004590
 10
272.450449
 20
99.619690
 10
272.502735
 20
100.074113
  0
LWPOLYLINE
  8
ENGRAVE_RED
 62
1
 90
11
 70
1
 10
294.765384
 20
100.882743
 10
294.827328
 20
100.995851
 10
294.877889
 20
101.003640
 10
294.914280
 20
100.908899
 10
294.933713
 20
100.714414
 10
294.899803
 20
100.386716
 10
294.851004
 20
100.325510
 10
294.787380
 20
100.348733
 10
294.733567
 20
100.442946
 10
294.711482
 20
100.575034
 10
294.765381
 20
100.882743
  0
LWPOLYLINE
  8
ENGRAVE_RED
 62
1
 90
8
 70
1
 10
303.592743
 20
102.084266
 10
303.633664
 20
102.182651
 10
303.732050
 20
102.223573
 10
303.830436
 20
102.182651
 10
303.871357
 20
102.084266
 10
303.830436
 20
101.985880
 10
303.732050
 20
101.944959
 10
303.633664
 20
101.985880
  0
LWPOLYLINE
  8
ENGRAVE_RED
 62
1
 90
13
 70
1
 10
301.792609
 20
104.522138
 10
302.021488
 20
105.292172
 10
302.335088
 20
106.061077
 10
302.615732
 20
106.574849
 10
302.706922
 20
106.656684
 10
302.745745
 20
106.579485
 10
302.605228
 20
105.984362
 10
302.272545
 20
104.980571
 10
301.913580
 20
104.035527
 10
301.776081
 20
103.731102
 10
301.694218
 20
103.616643
 10
301.672265
 20
103.688092
 10
301.683496
 20
103.882632
  0
ENDSEC
  0
SECTION
  2
OBJECTS
  0
DICTIONARY
  5
F000
330
0
100
AcDbDictionary
  3
ACAD_GROUP
350
F001
  0
DICTIONARY
  5
F001
330
F000
100
AcDbDictionary
  0
ENDSEC
  0
EOF